2025-03-07 23:39:25,185 [INFO] No open trades file found. Starting fresh.
2025-03-07 23:39:25,185 [INFO] Initialized CryptoAPITrading client.
2025-03-07 23:39:42,317 [ERROR] Error fetching products: 404 - 
2025-03-07 23:39:42,318 [INFO] Falling back to default symbols: ['BTC-USD', 'ETH-USD', 'LTC-USD', 'DOGE-USD', 'TRUMP-USD', 'SOL-USD', 'ADA-USD']
2025-03-07 23:39:42,615 [INFO] API Response (GET https://trading.robinhood.com/api/v1/crypto/trading/accounts/): 200 - {"account_number":"311245509955","status":"active","buying_power":"179.2300","buying_power_currency":"USD"}
2025-03-07 23:39:43,121 [INFO] Buying Power Available: $179.23
2025-03-07 23:39:43,244 [INFO] API Response (GET https://trading.robinhood.com/api/v1/crypto/marketdata/best_bid_ask/?symbol=BTC-USD): 200 - {"results":[{"symbol":"BTC-USD","timestamp":"2025-03-08T05:39:43.313620101Z","price":"86112.05","bid_inclusive_of_sell_spread":"86114.1","sell_spread":"0.00002381","ask_inclusive_of_buy_spread":"86110","buy_spread":"0.00002381"}]}
2025-03-07 23:39:44,253 [INFO] Indicators for BTC-USD (5min) | MACD: 37.9409, Signal: 66.2290, Volume Condition: False (Current: 7.26407901, Avg10: 6.85)
2025-03-07 23:39:44,254 [INFO] BTC-USD (5min) | MACD: 37.9409, Signal: 66.2290, Volume Condition: False, Price: $86110.0
2025-03-07 23:39:44,254 [INFO] [91mBullish MACD crossover or volume condition not met for BTC-USD. No trade executed.[0m
2025-03-07 23:39:44,408 [INFO] API Response (GET https://trading.robinhood.com/api/v1/crypto/trading/accounts/): 200 - {"account_number":"311245509955","status":"active","buying_power":"179.2300","buying_power_currency":"USD"}
2025-03-07 23:39:44,913 [INFO] Buying Power Available: $179.23
2025-03-07 23:39:45,031 [INFO] API Response (GET https://trading.robinhood.com/api/v1/crypto/marketdata/best_bid_ask/?symbol=ETH-USD): 200 - {"results":[{"symbol":"ETH-USD","timestamp":"2025-03-08T05:39:45.101678487Z","price":"2137.26","bid_inclusive_of_sell_spread":"2137.22","sell_spread":"0.00001872","ask_inclusive_of_buy_spread":"2137.3","buy_spread":"0.00001872"}]}
2025-03-07 23:39:45,808 [INFO] Indicators for ETH-USD (5min) | MACD: 0.6305, Signal: 1.9515, Volume Condition: True (Current: 186.11040983, Avg10: 119.17)
2025-03-07 23:39:45,809 [INFO] ETH-USD (5min) | MACD: 0.6305, Signal: 1.9515, Volume Condition: True, Price: $2137.3
2025-03-07 23:39:45,809 [INFO] [91mBullish MACD crossover or volume condition not met for ETH-USD. No trade executed.[0m
2025-03-07 23:39:46,013 [INFO] API Response (GET https://trading.robinhood.com/api/v1/crypto/trading/accounts/): 200 - {"account_number":"311245509955","status":"active","buying_power":"179.2300","buying_power_currency":"USD"}
2025-03-07 23:39:46,517 [INFO] Buying Power Available: $179.23
2025-03-07 23:39:46,633 [INFO] API Response (GET https://trading.robinhood.com/api/v1/crypto/marketdata/best_bid_ask/?symbol=LTC-USD): 200 - {"results":[{"symbol":"LTC-USD","timestamp":"2025-03-08T05:39:46.706026868Z","price":"106.215","bid_inclusive_of_sell_spread":"106.19","sell_spread":"0.00023537","ask_inclusive_of_buy_spread":"106.24","buy_spread":"0.00023537"}]}
2025-03-07 23:39:47,622 [INFO] Indicators for LTC-USD (5min) | MACD: 0.2382, Signal: 0.4618, Volume Condition: False (Current: 504.29023852, Avg10: 2270.72)
2025-03-07 23:39:47,623 [INFO] LTC-USD (5min) | MACD: 0.2382, Signal: 0.4618, Volume Condition: False, Price: $106.24
2025-03-07 23:39:47,623 [INFO] [91mBullish MACD crossover or volume condition not met for LTC-USD. No trade executed.[0m
2025-03-07 23:39:47,774 [INFO] API Response (GET https://trading.robinhood.com/api/v1/crypto/trading/accounts/): 200 - {"account_number":"311245509955","status":"active","buying_power":"179.2300","buying_power_currency":"USD"}
2025-03-07 23:39:48,279 [INFO] Buying Power Available: $179.23
2025-03-07 23:39:48,397 [INFO] API Response (GET https://trading.robinhood.com/api/v1/crypto/marketdata/best_bid_ask/?symbol=DOGE-USD): 200 - {"results":[{"symbol":"DOGE-USD","timestamp":"2025-03-08T05:39:48.46746084Z","price":"0.197","bid_inclusive_of_sell_spread":"0.19696","sell_spread":"0.00020305","ask_inclusive_of_buy_spread":"0.19704","buy_spread":"0.00020305"}]}
2025-03-07 23:39:49,361 [INFO] Indicators for DOGE-USD (5min) | MACD: -0.0000, Signal: 0.0002, Volume Condition: False (Current: 358745.5, Avg10: 297157.58)
2025-03-07 23:39:49,361 [INFO] DOGE-USD (5min) | MACD: -0.0000, Signal: 0.0002, Volume Condition: False, Price: $0.19704
2025-03-07 23:39:49,361 [INFO] [91mBullish MACD crossover or volume condition not met for DOGE-USD. No trade executed.[0m
2025-03-07 23:39:49,562 [INFO] API Response (GET https://trading.robinhood.com/api/v1/crypto/trading/accounts/): 200 - {"account_number":"311245509955","status":"active","buying_power":"179.2300","buying_power_currency":"USD"}
2025-03-07 23:39:50,067 [INFO] Buying Power Available: $179.23
2025-03-07 23:39:50,121 [INFO] API Response (GET https://trading.robinhood.com/api/v1/crypto/marketdata/best_bid_ask/?symbol=TRUMP-USD): 200 - {"results":[{"symbol":"TRUMP-USD","timestamp":"2025-03-08T05:39:50.192486739Z","price":"12.20207145","bid_inclusive_of_sell_spread":"12.1242046","sell_spread":"0.00638145","ask_inclusive_of_buy_spread":"12.2799383","buy_spread":"0.00638145"}]}
2025-03-07 23:39:51,047 [INFO] Indicators for TRUMP-USD (5min) | MACD: -0.0094, Signal: 0.0004, Volume Condition: False (Current: 1727.04, Avg10: 5346.92)
2025-03-07 23:39:51,048 [INFO] TRUMP-USD (5min) | MACD: -0.0094, Signal: 0.0004, Volume Condition: False, Price: $12.2799383
2025-03-07 23:39:51,048 [INFO] [91mBullish MACD crossover or volume condition not met for TRUMP-USD. No trade executed.[0m
2025-03-07 23:39:51,195 [INFO] API Response (GET https://trading.robinhood.com/api/v1/crypto/trading/holdings/): 200 - {"next":null,"previous":null,"results":[{"account_number":"311245509955","asset_code":"ADA","total_quantity":"176.470000000000000000","quantity_available_for_trading":"176.470000000000000000"},{"account_number":"311245509955","asset_code":"DOGE","total_quantity":"8959.000000000000000000","quantity_available_for_trading":"8959.000000000000000000"}]}
2025-03-07 23:39:51,696 [INFO] Raw holdings response: {'next': None, 'previous': None, 'results': [{'account_number': '311245509955', 'asset_code': 'ADA', 'total_quantity': '176.470000000000000000', 'quantity_available_for_trading': '176.470000000000000000'}, {'account_number': '311245509955', 'asset_code': 'DOGE', 'total_quantity': '8959.000000000000000000', 'quantity_available_for_trading': '8959.000000000000000000'}]}
2025-03-07 23:39:51,696 [INFO] Parsed holdings: [{'account_number': '311245509955', 'asset_code': 'ADA', 'total_quantity': '176.470000000000000000', 'quantity_available_for_trading': '176.470000000000000000'}, {'account_number': '311245509955', 'asset_code': 'DOGE', 'total_quantity': '8959.000000000000000000', 'quantity_available_for_trading': '8959.000000000000000000'}]
2025-03-07 23:39:51,696 [INFO] Processing holding (type <class 'dict'>): {'account_number': '311245509955', 'asset_code': 'ADA', 'total_quantity': '176.470000000000000000', 'quantity_available_for_trading': '176.470000000000000000'}
2025-03-07 23:39:51,696 [ERROR] No average buy price for ADA-USD; skipping.
2025-03-07 23:39:51,696 [INFO] Processing holding (type <class 'dict'>): {'account_number': '311245509955', 'asset_code': 'DOGE', 'total_quantity': '8959.000000000000000000', 'quantity_available_for_trading': '8959.000000000000000000'}
2025-03-07 23:39:51,696 [ERROR] No average buy price for DOGE-USD; skipping.
2025-03-08 15:24:47,719 [ERROR] Error fetching products: 404 - 
2025-03-08 15:24:47,722 [INFO] Falling back to default symbols: ['BTC-USD', 'ETH-USD', 'LTC-USD', 'DOGE-USD', 'TRUMP-USD', 'SOL-USD', 'ADA-USD']
2025-03-08 15:24:57,730 [ERROR] Error making API request: HTTPSConnectionPool(host='trading.robinhood.com', port=443): Read timed out. (read timeout=10)
2025-03-08 15:24:57,731 [ERROR] Could not fetch buying power.
2025-03-08 15:24:57,731 [ERROR] Not enough buying power for trading: $0.0
2025-03-08 15:24:58,373 [INFO] API Response (GET https://trading.robinhood.com/api/v1/crypto/trading/accounts/): 200 - {"account_number":"311245509955","status":"active","buying_power":"179.2300","buying_power_currency":"USD"}
2025-03-08 15:24:58,878 [INFO] Buying Power Available: $179.23
2025-03-08 15:24:59,002 [INFO] API Response (GET https://trading.robinhood.com/api/v1/crypto/marketdata/best_bid_ask/?symbol=ETH-USD): 200 - {"results":[{"symbol":"ETH-USD","timestamp":"2025-03-08T21:24:59.036541182Z","price":"2220.385","bid_inclusive_of_sell_spread":"2220.37","sell_spread":"0.00000676","ask_inclusive_of_buy_spread":"2220.4","buy_spread":"0.00000676"}]}
2025-03-08 15:24:59,808 [INFO] Indicators for ETH-USD (15min) | MACD: 11.4315, Signal: 12.2162, Volume Condition: False (Current: 163.57996048, Avg10: 661.02)
2025-03-08 15:24:59,808 [INFO] ETH-USD (15min) | MACD: 11.4315, Signal: 12.2162, Volume Condition: False, Price: $2220.4
2025-03-08 15:24:59,808 [INFO] [91mBullish MACD crossover or volume condition not met for ETH-USD. No trade executed.[0m
2025-03-08 15:25:00,022 [INFO] API Response (GET https://trading.robinhood.com/api/v1/crypto/trading/accounts/): 200 - {"account_number":"311245509955","status":"active","buying_power":"179.2300","buying_power_currency":"USD"}
2025-03-08 15:25:00,528 [INFO] Buying Power Available: $179.23
2025-03-08 15:25:00,658 [INFO] API Response (GET https://trading.robinhood.com/api/v1/crypto/marketdata/best_bid_ask/?symbol=LTC-USD): 200 - {"results":[{"symbol":"LTC-USD","timestamp":"2025-03-08T21:25:00.6933438Z","price":"104.305","bid_inclusive_of_sell_spread":"104.3","sell_spread":"0.00004794","ask_inclusive_of_buy_spread":"104.31","buy_spread":"0.00004794"}]}
2025-03-08 15:25:01,422 [INFO] Indicators for LTC-USD (15min) | MACD: 0.0060, Signal: -0.0510, Volume Condition: False (Current: 475.2250887, Avg10: 1266.03)
2025-03-08 15:25:01,423 [INFO] LTC-USD (15min) | MACD: 0.0060, Signal: -0.0510, Volume Condition: False, Price: $104.31
2025-03-08 15:25:01,423 [INFO] [91mBullish MACD crossover or volume condition not met for LTC-USD. No trade executed.[0m
2025-03-08 15:25:11,432 [ERROR] Error making API request: HTTPSConnectionPool(host='trading.robinhood.com', port=443): Read timed out. (read timeout=10)
2025-03-08 15:25:11,432 [ERROR] Could not fetch buying power.
2025-03-08 15:25:11,432 [ERROR] Not enough buying power for trading: $0.0
2025-03-08 15:25:11,702 [INFO] API Response (GET https://trading.robinhood.com/api/v1/crypto/trading/accounts/): 200 - {"account_number":"311245509955","status":"active","buying_power":"179.2300","buying_power_currency":"USD"}
2025-03-08 15:25:12,207 [INFO] Buying Power Available: $179.23
2025-03-08 15:25:12,333 [INFO] API Response (GET https://trading.robinhood.com/api/v1/crypto/marketdata/best_bid_ask/?symbol=TRUMP-USD): 200 - {"results":[{"symbol":"TRUMP-USD","timestamp":"2025-03-08T21:25:12.36785261Z","price":"12.0754186","bid_inclusive_of_sell_spread":"12.0008372","sell_spread":"0.0061763","ask_inclusive_of_buy_spread":"12.15","buy_spread":"0.0061763"}]}
2025-03-08 15:25:13,038 [INFO] Indicators for TRUMP-USD (15min) | MACD: 0.0078, Signal: 0.0027, Volume Condition: False (Current: 1297.924, Avg10: 2946.63)
2025-03-08 15:25:13,038 [INFO] TRUMP-USD (15min) | MACD: 0.0078, Signal: 0.0027, Volume Condition: False, Price: $12.15
2025-03-08 15:25:13,039 [INFO] [91mBullish MACD crossover or volume condition not met for TRUMP-USD. No trade executed.[0m
2025-03-08 15:25:13,212 [INFO] API Response (GET https://trading.robinhood.com/api/v1/crypto/trading/holdings/): 200 - {"next":null,"previous":null,"results":[{"account_number":"311245509955","asset_code":"ADA","total_quantity":"176.470000000000000000","quantity_available_for_trading":"176.470000000000000000"},{"account_number":"311245509955","asset_code":"DOGE","total_quantity":"8959.000000000000000000","quantity_available_for_trading":"8959.000000000000000000"}]}
2025-03-08 15:25:13,718 [INFO] Raw holdings response: {'next': None, 'previous': None, 'results': [{'account_number': '311245509955', 'asset_code': 'ADA', 'total_quantity': '176.470000000000000000', 'quantity_available_for_trading': '176.470000000000000000'}, {'account_number': '311245509955', 'asset_code': 'DOGE', 'total_quantity': '8959.000000000000000000', 'quantity_available_for_trading': '8959.000000000000000000'}]}
2025-03-08 15:25:13,719 [INFO] Parsed holdings: [{'account_number': '311245509955', 'asset_code': 'ADA', 'total_quantity': '176.470000000000000000', 'quantity_available_for_trading': '176.470000000000000000'}, {'account_number': '311245509955', 'asset_code': 'DOGE', 'total_quantity': '8959.000000000000000000', 'quantity_available_for_trading': '8959.000000000000000000'}]
2025-03-08 15:25:13,719 [INFO] Processing holding (type <class 'dict'>): {'account_number': '311245509955', 'asset_code': 'ADA', 'total_quantity': '176.470000000000000000', 'quantity_available_for_trading': '176.470000000000000000'}
2025-03-08 15:25:13,719 [ERROR] No average buy price for ADA-USD; skipping.
2025-03-08 15:25:13,719 [INFO] Processing holding (type <class 'dict'>): {'account_number': '311245509955', 'asset_code': 'DOGE', 'total_quantity': '8959.000000000000000000', 'quantity_available_for_trading': '8959.000000000000000000'}
2025-03-08 15:25:13,719 [ERROR] No average buy price for DOGE-USD; skipping.
2025-03-08 15:25:53,843 [ERROR] Error making API request: HTTPSConnectionPool(host='trading.robinhood.com', port=443): Read timed out. (read timeout=10)
2025-03-08 15:25:53,843 [ERROR] Could not fetch buying power.
2025-03-08 15:25:53,843 [ERROR] Not enough buying power for trading: $0.0
2025-03-08 15:25:54,148 [INFO] API Response (GET https://trading.robinhood.com/api/v1/crypto/trading/accounts/): 200 - {"account_number":"311245509955","status":"active","buying_power":"179.2300","buying_power_currency":"USD"}
2025-03-08 15:25:54,652 [INFO] Buying Power Available: $179.23
2025-03-08 15:25:54,778 [INFO] API Response (GET https://trading.robinhood.com/api/v1/crypto/marketdata/best_bid_ask/?symbol=ETH-USD): 200 - {"results":[{"symbol":"ETH-USD","timestamp":"2025-03-08T21:25:54.811253754Z","price":"2221.315","bid_inclusive_of_sell_spread":"2221.43","sell_spread":"0.00005177","ask_inclusive_of_buy_spread":"2221.2","buy_spread":"0.00005177"}]}
2025-03-08 15:25:55,456 [INFO] Indicators for ETH-USD (15min) | MACD: 11.5041, Signal: 12.2307, Volume Condition: False (Current: 169.34127111, Avg10: 661.02)
2025-03-08 15:25:55,457 [INFO] ETH-USD (15min) | MACD: 11.5041, Signal: 12.2307, Volume Condition: False, Price: $2221.2
2025-03-08 15:25:55,457 [INFO] [91mBullish MACD crossover or volume condition not met for ETH-USD. No trade executed.[0m
2025-03-08 15:25:55,662 [INFO] API Response (GET https://trading.robinhood.com/api/v1/crypto/trading/accounts/): 200 - {"account_number":"311245509955","status":"active","buying_power":"179.2300","buying_power_currency":"USD"}
2025-03-08 15:25:56,168 [INFO] Buying Power Available: $179.23
2025-03-08 15:25:56,292 [INFO] API Response (GET https://trading.robinhood.com/api/v1/crypto/marketdata/best_bid_ask/?symbol=LTC-USD): 200 - {"results":[{"symbol":"LTC-USD","timestamp":"2025-03-08T21:25:56.32610876Z","price":"104.3","bid_inclusive_of_sell_spread":"104.29","sell_spread":"0.00009588","ask_inclusive_of_buy_spread":"104.31","buy_spread":"0.00009588"}]}
2025-03-08 15:25:57,068 [INFO] Indicators for LTC-USD (15min) | MACD: 0.0076, Signal: -0.0507, Volume Condition: False (Current: 544.21080989, Avg10: 1266.03)
2025-03-08 15:25:57,068 [INFO] LTC-USD (15min) | MACD: 0.0076, Signal: -0.0507, Volume Condition: False, Price: $104.31
2025-03-08 15:25:57,069 [INFO] [91mBullish MACD crossover or volume condition not met for LTC-USD. No trade executed.[0m
2025-03-08 15:25:57,306 [INFO] API Response (GET https://trading.robinhood.com/api/v1/crypto/trading/accounts/): 200 - {"account_number":"311245509955","status":"active","buying_power":"179.2300","buying_power_currency":"USD"}
2025-03-08 15:25:57,812 [INFO] Buying Power Available: $179.23
2025-03-08 15:25:57,941 [INFO] API Response (GET https://trading.robinhood.com/api/v1/crypto/marketdata/best_bid_ask/?symbol=DOGE-USD): 200 - {"results":[{"symbol":"DOGE-USD","timestamp":"2025-03-08T21:25:57.975531506Z","price":"0.194995","bid_inclusive_of_sell_spread":"0.19497","sell_spread":"0.00012821","ask_inclusive_of_buy_spread":"0.19502","buy_spread":"0.00012821"}]}
2025-03-08 15:25:58,596 [INFO] Indicators for DOGE-USD (15min) | MACD: 0.0000, Signal: -0.0001, Volume Condition: False (Current: 300141.2, Avg10: 1119954.40)
2025-03-08 15:25:58,596 [INFO] DOGE-USD (15min) | MACD: 0.0000, Signal: -0.0001, Volume Condition: False, Price: $0.19502
2025-03-08 15:25:58,596 [INFO] [91mBullish MACD crossover or volume condition not met for DOGE-USD. No trade executed.[0m
2025-03-08 15:25:58,770 [INFO] API Response (GET https://trading.robinhood.com/api/v1/crypto/trading/accounts/): 200 - {"account_number":"311245509955","status":"active","buying_power":"179.2300","buying_power_currency":"USD"}
2025-03-08 15:25:59,273 [INFO] Buying Power Available: $179.23
2025-03-08 15:25:59,397 [INFO] API Response (GET https://trading.robinhood.com/api/v1/crypto/marketdata/best_bid_ask/?symbol=TRUMP-USD): 200 - {"results":[{"symbol":"TRUMP-USD","timestamp":"2025-03-08T21:25:59.4302101Z","price":"12.08608815","bid_inclusive_of_sell_spread":"12.0121763","sell_spread":"0.00611545","ask_inclusive_of_buy_spread":"12.16","buy_spread":"0.00611545"}]}
2025-03-08 15:26:00,330 [INFO] Indicators for TRUMP-USD (15min) | MACD: 0.0086, Signal: 0.0029, Volume Condition: False (Current: 1311.202, Avg10: 2946.63)
2025-03-08 15:26:00,330 [INFO] TRUMP-USD (15min) | MACD: 0.0086, Signal: 0.0029, Volume Condition: False, Price: $12.16
2025-03-08 15:26:00,330 [INFO] [91mBullish MACD crossover or volume condition not met for TRUMP-USD. No trade executed.[0m
2025-03-08 15:26:00,488 [INFO] API Response (GET https://trading.robinhood.com/api/v1/crypto/trading/holdings/): 200 - {"next":null,"previous":null,"results":[{"account_number":"311245509955","asset_code":"ADA","total_quantity":"176.470000000000000000","quantity_available_for_trading":"176.470000000000000000"},{"account_number":"311245509955","asset_code":"DOGE","total_quantity":"8959.000000000000000000","quantity_available_for_trading":"8959.000000000000000000"}]}
2025-03-08 15:26:00,994 [INFO] Raw holdings response: {'next': None, 'previous': None, 'results': [{'account_number': '311245509955', 'asset_code': 'ADA', 'total_quantity': '176.470000000000000000', 'quantity_available_for_trading': '176.470000000000000000'}, {'account_number': '311245509955', 'asset_code': 'DOGE', 'total_quantity': '8959.000000000000000000', 'quantity_available_for_trading': '8959.000000000000000000'}]}
2025-03-08 15:26:00,995 [INFO] Parsed holdings: [{'account_number': '311245509955', 'asset_code': 'ADA', 'total_quantity': '176.470000000000000000', 'quantity_available_for_trading': '176.470000000000000000'}, {'account_number': '311245509955', 'asset_code': 'DOGE', 'total_quantity': '8959.000000000000000000', 'quantity_available_for_trading': '8959.000000000000000000'}]
2025-03-08 15:26:00,995 [INFO] Processing holding (type <class 'dict'>): {'account_number': '311245509955', 'asset_code': 'ADA', 'total_quantity': '176.470000000000000000', 'quantity_available_for_trading': '176.470000000000000000'}
2025-03-08 15:26:00,995 [ERROR] No average buy price for ADA-USD; skipping.
2025-03-08 15:26:00,995 [INFO] Processing holding (type <class 'dict'>): {'account_number': '311245509955', 'asset_code': 'DOGE', 'total_quantity': '8959.000000000000000000', 'quantity_available_for_trading': '8959.000000000000000000'}
2025-03-08 15:26:00,995 [ERROR] No average buy price for DOGE-USD; skipping.
2025-03-08 15:26:31,468 [INFO] API Response (GET https://trading.robinhood.com/api/v1/crypto/trading/accounts/): 200 - {"account_number":"311245509955","status":"active","buying_power":"179.2300","buying_power_currency":"USD"}
2025-03-08 15:26:31,975 [INFO] Buying Power Available: $179.23
2025-03-08 15:26:32,103 [INFO] API Response (GET https://trading.robinhood.com/api/v1/crypto/marketdata/best_bid_ask/?symbol=BTC-USD): 200 - {"results":[{"symbol":"BTC-USD","timestamp":"2025-03-08T21:26:32.13572207Z","price":"86450.725","bid_inclusive_of_sell_spread":"86453.45","sell_spread":"0.00003152","ask_inclusive_of_buy_spread":"86448","buy_spread":"0.00003152"}]}
2025-03-08 15:26:32,862 [INFO] Indicators for BTC-USD (15min) | MACD: 48.0547, Signal: 9.6672, Volume Condition: False (Current: 11.62434189, Avg10: 22.83)
2025-03-08 15:26:32,862 [INFO] BTC-USD (15min) | MACD: 48.0547, Signal: 9.6672, Volume Condition: False, Price: $86448.0
2025-03-08 15:26:32,862 [INFO] [91mBullish MACD crossover or volume condition not met for BTC-USD. No trade executed.[0m
2025-03-08 15:26:33,085 [INFO] API Response (GET https://trading.robinhood.com/api/v1/crypto/trading/accounts/): 200 - {"account_number":"311245509955","status":"active","buying_power":"179.2300","buying_power_currency":"USD"}
2025-03-08 15:26:33,591 [INFO] Buying Power Available: $179.23
2025-03-08 15:26:33,653 [INFO] API Response (GET https://trading.robinhood.com/api/v1/crypto/marketdata/best_bid_ask/?symbol=ETH-USD): 200 - {"results":[{"symbol":"ETH-USD","timestamp":"2025-03-08T21:26:33.6865169Z","price":"2222.83","bid_inclusive_of_sell_spread":"2222.86","sell_spread":"0.0000135","ask_inclusive_of_buy_spread":"2222.8","buy_spread":"0.0000135"}]}
2025-03-08 15:26:34,326 [INFO] Indicators for ETH-USD (15min) | MACD: 11.6070, Signal: 12.2513, Volume Condition: False (Current: 183.20383932, Avg10: 661.02)
2025-03-08 15:26:34,326 [INFO] ETH-USD (15min) | MACD: 11.6070, Signal: 12.2513, Volume Condition: False, Price: $2222.8
2025-03-08 15:26:34,326 [INFO] [91mBullish MACD crossover or volume condition not met for ETH-USD. No trade executed.[0m
2025-03-08 15:26:34,556 [INFO] API Response (GET https://trading.robinhood.com/api/v1/crypto/trading/accounts/): 200 - {"account_number":"311245509955","status":"active","buying_power":"179.2300","buying_power_currency":"USD"}
2025-03-08 15:26:35,061 [INFO] Buying Power Available: $179.23
2025-03-08 15:26:35,187 [INFO] API Response (GET https://trading.robinhood.com/api/v1/crypto/marketdata/best_bid_ask/?symbol=LTC-USD): 200 - {"results":[{"symbol":"LTC-USD","timestamp":"2025-03-08T21:26:35.220158253Z","price":"104.305","bid_inclusive_of_sell_spread":"104.3","sell_spread":"0.00004794","ask_inclusive_of_buy_spread":"104.31","buy_spread":"0.00004794"}]}
2025-03-08 15:26:35,842 [INFO] Indicators for LTC-USD (15min) | MACD: 0.0076, Signal: -0.0507, Volume Condition: False (Current: 577.94252106, Avg10: 1266.03)
2025-03-08 15:26:35,843 [INFO] LTC-USD (15min) | MACD: 0.0076, Signal: -0.0507, Volume Condition: False, Price: $104.31
2025-03-08 15:26:35,843 [INFO] [91mBullish MACD crossover or volume condition not met for LTC-USD. No trade executed.[0m
2025-03-08 15:26:36,012 [INFO] API Response (GET https://trading.robinhood.com/api/v1/crypto/trading/accounts/): 200 - {"account_number":"311245509955","status":"active","buying_power":"179.2300","buying_power_currency":"USD"}
2025-03-08 15:26:36,515 [INFO] Buying Power Available: $179.23
2025-03-08 15:26:36,577 [INFO] API Response (GET https://trading.robinhood.com/api/v1/crypto/marketdata/best_bid_ask/?symbol=DOGE-USD): 200 - {"results":[{"symbol":"DOGE-USD","timestamp":"2025-03-08T21:26:36.612543826Z","price":"0.19508","bid_inclusive_of_sell_spread":"0.19505","sell_spread":"0.00015378","ask_inclusive_of_buy_spread":"0.19511","buy_spread":"0.00015378"}]}
2025-03-08 15:26:37,626 [INFO] Indicators for DOGE-USD (15min) | MACD: 0.0000, Signal: -0.0001, Volume Condition: False (Current: 345439.0, Avg10: 1119954.40)
2025-03-08 15:26:37,626 [INFO] DOGE-USD (15min) | MACD: 0.0000, Signal: -0.0001, Volume Condition: False, Price: $0.19511
2025-03-08 15:26:37,626 [INFO] [91mBullish MACD crossover or volume condition not met for DOGE-USD. No trade executed.[0m
2025-03-08 15:26:37,850 [INFO] API Response (GET https://trading.robinhood.com/api/v1/crypto/trading/accounts/): 200 - {"account_number":"311245509955","status":"active","buying_power":"179.2300","buying_power_currency":"USD"}
2025-03-08 15:26:38,356 [INFO] Buying Power Available: $179.23
2025-03-08 15:26:38,484 [INFO] API Response (GET https://trading.robinhood.com/api/v1/crypto/marketdata/best_bid_ask/?symbol=TRUMP-USD): 200 - {"results":[{"symbol":"TRUMP-USD","timestamp":"2025-03-08T21:26:38.51780823Z","price":"12.0942705","bid_inclusive_of_sell_spread":"12.018541","sell_spread":"0.0062616","ask_inclusive_of_buy_spread":"12.17","buy_spread":"0.0062616"}]}
2025-03-08 15:26:39,237 [INFO] Indicators for TRUMP-USD (15min) | MACD: 0.0086, Signal: 0.0029, Volume Condition: False (Current: 1341.357, Avg10: 2946.63)
2025-03-08 15:26:39,238 [INFO] TRUMP-USD (15min) | MACD: 0.0086, Signal: 0.0029, Volume Condition: False, Price: $12.17
2025-03-08 15:26:39,238 [INFO] [91mBullish MACD crossover or volume condition not met for TRUMP-USD. No trade executed.[0m
2025-03-08 15:26:39,397 [INFO] API Response (GET https://trading.robinhood.com/api/v1/crypto/trading/holdings/): 200 - {"next":null,"previous":null,"results":[{"account_number":"311245509955","asset_code":"ADA","total_quantity":"176.470000000000000000","quantity_available_for_trading":"176.470000000000000000"},{"account_number":"311245509955","asset_code":"DOGE","total_quantity":"8959.000000000000000000","quantity_available_for_trading":"8959.000000000000000000"}]}
2025-03-08 15:26:39,903 [INFO] Raw holdings response: {'next': None, 'previous': None, 'results': [{'account_number': '311245509955', 'asset_code': 'ADA', 'total_quantity': '176.470000000000000000', 'quantity_available_for_trading': '176.470000000000000000'}, {'account_number': '311245509955', 'asset_code': 'DOGE', 'total_quantity': '8959.000000000000000000', 'quantity_available_for_trading': '8959.000000000000000000'}]}
2025-03-08 15:26:39,903 [INFO] Parsed holdings: [{'account_number': '311245509955', 'asset_code': 'ADA', 'total_quantity': '176.470000000000000000', 'quantity_available_for_trading': '176.470000000000000000'}, {'account_number': '311245509955', 'asset_code': 'DOGE', 'total_quantity': '8959.000000000000000000', 'quantity_available_for_trading': '8959.000000000000000000'}]
2025-03-08 15:26:39,903 [INFO] Processing holding (type <class 'dict'>): {'account_number': '311245509955', 'asset_code': 'ADA', 'total_quantity': '176.470000000000000000', 'quantity_available_for_trading': '176.470000000000000000'}
2025-03-08 15:26:39,903 [ERROR] No average buy price for ADA-USD; skipping.
2025-03-08 15:26:39,904 [INFO] Processing holding (type <class 'dict'>): {'account_number': '311245509955', 'asset_code': 'DOGE', 'total_quantity': '8959.000000000000000000', 'quantity_available_for_trading': '8959.000000000000000000'}
2025-03-08 15:26:39,904 [ERROR] No average buy price for DOGE-USD; skipping.
2025-03-08 15:27:10,261 [INFO] API Response (GET https://trading.robinhood.com/api/v1/crypto/trading/accounts/): 200 - {"account_number":"311245509955","status":"active","buying_power":"179.2300","buying_power_currency":"USD"}
2025-03-08 15:27:10,765 [INFO] Buying Power Available: $179.23
2025-03-08 15:27:10,898 [INFO] API Response (GET https://trading.robinhood.com/api/v1/crypto/marketdata/best_bid_ask/?symbol=BTC-USD): 200 - {"results":[{"symbol":"BTC-USD","timestamp":"2025-03-08T21:27:10.929353137Z","price":"86451.26","bid_inclusive_of_sell_spread":"86454.52","sell_spread":"0.00003771","ask_inclusive_of_buy_spread":"86448","buy_spread":"0.00003771"}]}
2025-03-08 15:27:11,910 [INFO] Indicators for BTC-USD (15min) | MACD: 48.6897, Signal: 9.7942, Volume Condition: False (Current: 12.9904929, Avg10: 22.83)
2025-03-08 15:27:11,910 [INFO] BTC-USD (15min) | MACD: 48.6897, Signal: 9.7942, Volume Condition: False, Price: $86448.0
2025-03-08 15:27:11,910 [INFO] [91mBullish MACD crossover or volume condition not met for BTC-USD. No trade executed.[0m
2025-03-08 15:27:12,139 [INFO] API Response (GET https://trading.robinhood.com/api/v1/crypto/trading/accounts/): 200 - {"account_number":"311245509955","status":"active","buying_power":"179.2300","buying_power_currency":"USD"}
2025-03-08 15:27:12,643 [INFO] Buying Power Available: $179.23
2025-03-08 15:27:12,771 [INFO] API Response (GET https://trading.robinhood.com/api/v1/crypto/marketdata/best_bid_ask/?symbol=ETH-USD): 200 - {"results":[{"symbol":"ETH-USD","timestamp":"2025-03-08T21:27:12.806001673Z","price":"2223.395","bid_inclusive_of_sell_spread":"2223.49","sell_spread":"0.00004273","ask_inclusive_of_buy_spread":"2223.3","buy_spread":"0.00004273"}]}
2025-03-08 15:27:13,424 [INFO] Indicators for ETH-USD (15min) | MACD: 11.6780, Signal: 12.2655, Volume Condition: False (Current: 194.28601404, Avg10: 661.02)
2025-03-08 15:27:13,425 [INFO] ETH-USD (15min) | MACD: 11.6780, Signal: 12.2655, Volume Condition: False, Price: $2223.3
2025-03-08 15:27:13,425 [INFO] [91mBullish MACD crossover or volume condition not met for ETH-USD. No trade executed.[0m
2025-03-08 15:27:13,670 [INFO] API Response (GET https://trading.robinhood.com/api/v1/crypto/trading/accounts/): 200 - {"account_number":"311245509955","status":"active","buying_power":"179.2300","buying_power_currency":"USD"}
2025-03-08 15:27:14,175 [INFO] Buying Power Available: $179.23
2025-03-08 15:27:14,336 [INFO] API Response (GET https://trading.robinhood.com/api/v1/crypto/marketdata/best_bid_ask/?symbol=LTC-USD): 200 - {"results":[{"symbol":"LTC-USD","timestamp":"2025-03-08T21:27:14.368214093Z","price":"104.325","bid_inclusive_of_sell_spread":"104.32","sell_spread":"0.00004793","ask_inclusive_of_buy_spread":"104.33","buy_spread":"0.00004793"}]}
2025-03-08 15:27:15,066 [INFO] Indicators for LTC-USD (15min) | MACD: 0.0076, Signal: -0.0507, Volume Condition: False (Current: 711.8645001, Avg10: 1266.03)
2025-03-08 15:27:15,067 [INFO] LTC-USD (15min) | MACD: 0.0076, Signal: -0.0507, Volume Condition: False, Price: $104.33
2025-03-08 15:27:15,067 [INFO] [91mBullish MACD crossover or volume condition not met for LTC-USD. No trade executed.[0m
2025-03-08 15:27:15,230 [INFO] API Response (GET https://trading.robinhood.com/api/v1/crypto/trading/accounts/): 200 - {"account_number":"311245509955","status":"active","buying_power":"179.2300","buying_power_currency":"USD"}
2025-03-08 15:27:15,731 [INFO] Buying Power Available: $179.23
2025-03-08 15:27:15,889 [INFO] API Response (GET https://trading.robinhood.com/api/v1/crypto/marketdata/best_bid_ask/?symbol=DOGE-USD): 200 - {"results":[{"symbol":"DOGE-USD","timestamp":"2025-03-08T21:27:15.924101379Z","price":"0.195245","bid_inclusive_of_sell_spread":"0.19523","sell_spread":"0.00007683","ask_inclusive_of_buy_spread":"0.19526","buy_spread":"0.00007683"}]}
2025-03-08 15:27:16,578 [INFO] Indicators for DOGE-USD (15min) | MACD: 0.0001, Signal: -0.0001, Volume Condition: False (Current: 358745.5, Avg10: 1119954.40)
2025-03-08 15:27:16,579 [INFO] DOGE-USD (15min) | MACD: 0.0001, Signal: -0.0001, Volume Condition: False, Price: $0.19526
2025-03-08 15:27:16,579 [INFO] [91mBullish MACD crossover or volume condition not met for DOGE-USD. No trade executed.[0m
2025-03-08 15:27:16,828 [INFO] API Response (GET https://trading.robinhood.com/api/v1/crypto/trading/accounts/): 200 - {"account_number":"311245509955","status":"active","buying_power":"179.2300","buying_power_currency":"USD"}
2025-03-08 15:27:17,332 [INFO] Buying Power Available: $179.23
2025-03-08 15:27:17,392 [INFO] API Response (GET https://trading.robinhood.com/api/v1/crypto/marketdata/best_bid_ask/?symbol=TRUMP-USD): 200 - {"results":[{"symbol":"TRUMP-USD","timestamp":"2025-03-08T21:27:17.424817401Z","price":"12.098139","bid_inclusive_of_sell_spread":"12.0217209","sell_spread":"0.00631652","ask_inclusive_of_buy_spread":"12.1745571","buy_spread":"0.00631652"}]}
2025-03-08 15:27:18,073 [INFO] Indicators for TRUMP-USD (15min) | MACD: 0.0086, Signal: 0.0029, Volume Condition: False (Current: 1376.622, Avg10: 2946.63)
2025-03-08 15:27:18,074 [INFO] TRUMP-USD (15min) | MACD: 0.0086, Signal: 0.0029, Volume Condition: False, Price: $12.1745571
2025-03-08 15:27:18,074 [INFO] [91mBullish MACD crossover or volume condition not met for TRUMP-USD. No trade executed.[0m
2025-03-08 15:27:18,271 [INFO] API Response (GET https://trading.robinhood.com/api/v1/crypto/trading/holdings/): 200 - {"next":null,"previous":null,"results":[{"account_number":"311245509955","asset_code":"ADA","total_quantity":"176.470000000000000000","quantity_available_for_trading":"176.470000000000000000"},{"account_number":"311245509955","asset_code":"DOGE","total_quantity":"8959.000000000000000000","quantity_available_for_trading":"8959.000000000000000000"}]}
2025-03-08 15:27:18,772 [INFO] Raw holdings response: {'next': None, 'previous': None, 'results': [{'account_number': '311245509955', 'asset_code': 'ADA', 'total_quantity': '176.470000000000000000', 'quantity_available_for_trading': '176.470000000000000000'}, {'account_number': '311245509955', 'asset_code': 'DOGE', 'total_quantity': '8959.000000000000000000', 'quantity_available_for_trading': '8959.000000000000000000'}]}
2025-03-08 15:27:18,773 [INFO] Parsed holdings: [{'account_number': '311245509955', 'asset_code': 'ADA', 'total_quantity': '176.470000000000000000', 'quantity_available_for_trading': '176.470000000000000000'}, {'account_number': '311245509955', 'asset_code': 'DOGE', 'total_quantity': '8959.000000000000000000', 'quantity_available_for_trading': '8959.000000000000000000'}]
2025-03-08 15:27:18,773 [INFO] Processing holding (type <class 'dict'>): {'account_number': '311245509955', 'asset_code': 'ADA', 'total_quantity': '176.470000000000000000', 'quantity_available_for_trading': '176.470000000000000000'}
2025-03-08 15:27:18,773 [ERROR] No average buy price for ADA-USD; skipping.
2025-03-08 15:27:18,773 [INFO] Processing holding (type <class 'dict'>): {'account_number': '311245509955', 'asset_code': 'DOGE', 'total_quantity': '8959.000000000000000000', 'quantity_available_for_trading': '8959.000000000000000000'}
2025-03-08 15:27:18,774 [ERROR] No average buy price for DOGE-USD; skipping.
2025-03-08 15:27:49,279 [INFO] API Response (GET https://trading.robinhood.com/api/v1/crypto/trading/accounts/): 200 - {"account_number":"311245509955","status":"active","buying_power":"179.2300","buying_power_currency":"USD"}
2025-03-08 15:27:49,784 [INFO] Buying Power Available: $179.23
2025-03-08 15:27:49,961 [INFO] API Response (GET https://trading.robinhood.com/api/v1/crypto/marketdata/best_bid_ask/?symbol=BTC-USD): 200 - {"results":[{"symbol":"BTC-USD","timestamp":"2025-03-08T21:27:49.98350515Z","price":"86459.55","bid_inclusive_of_sell_spread":"86460.1","sell_spread":"0.00000636","ask_inclusive_of_buy_spread":"86459","buy_spread":"0.00000636"}]}
2025-03-08 15:27:50,681 [INFO] Indicators for BTC-USD (15min) | MACD: 48.6889, Signal: 9.7940, Volume Condition: False (Current: 13.21293107, Avg10: 22.83)
2025-03-08 15:27:50,682 [INFO] BTC-USD (15min) | MACD: 48.6889, Signal: 9.7940, Volume Condition: False, Price: $86459.0
2025-03-08 15:27:50,682 [INFO] [91mBullish MACD crossover or volume condition not met for BTC-USD. No trade executed.[0m
2025-03-08 15:27:50,907 [INFO] API Response (GET https://trading.robinhood.com/api/v1/crypto/trading/accounts/): 200 - {"account_number":"311245509955","status":"active","buying_power":"179.2300","buying_power_currency":"USD"}
2025-03-08 15:27:51,409 [INFO] Buying Power Available: $179.23
2025-03-08 15:27:51,538 [INFO] API Response (GET https://trading.robinhood.com/api/v1/crypto/marketdata/best_bid_ask/?symbol=ETH-USD): 200 - {"results":[{"symbol":"ETH-USD","timestamp":"2025-03-08T21:27:51.572317111Z","price":"2222.82","bid_inclusive_of_sell_spread":"2222.8","sell_spread":"0.000009","ask_inclusive_of_buy_spread":"2222.84","buy_spread":"0.000009"}]}
2025-03-08 15:27:52,229 [INFO] Indicators for ETH-USD (15min) | MACD: 11.6581, Signal: 12.2615, Volume Condition: False (Current: 212.05325816, Avg10: 661.02)
2025-03-08 15:27:52,229 [INFO] ETH-USD (15min) | MACD: 11.6581, Signal: 12.2615, Volume Condition: False, Price: $2222.84
2025-03-08 15:27:52,229 [INFO] [91mBullish MACD crossover or volume condition not met for ETH-USD. No trade executed.[0m
2025-03-08 15:27:52,450 [INFO] API Response (GET https://trading.robinhood.com/api/v1/crypto/trading/accounts/): 200 - {"account_number":"311245509955","status":"active","buying_power":"179.2300","buying_power_currency":"USD"}
2025-03-08 15:27:52,956 [INFO] Buying Power Available: $179.23
2025-03-08 15:27:53,092 [INFO] API Response (GET https://trading.robinhood.com/api/v1/crypto/marketdata/best_bid_ask/?symbol=LTC-USD): 200 - {"results":[{"symbol":"LTC-USD","timestamp":"2025-03-08T21:27:53.123925174Z","price":"104.23","bid_inclusive_of_sell_spread":"104.23","sell_spread":"0","ask_inclusive_of_buy_spread":"104.23","buy_spread":"0"}]}
2025-03-08 15:27:53,794 [INFO] Indicators for LTC-USD (15min) | MACD: 0.0020, Signal: -0.0518, Volume Condition: False (Current: 738.1934793, Avg10: 1266.03)
2025-03-08 15:27:53,795 [INFO] LTC-USD (15min) | MACD: 0.0020, Signal: -0.0518, Volume Condition: False, Price: $104.23
2025-03-08 15:27:53,795 [INFO] [91mBullish MACD crossover or volume condition not met for LTC-USD. No trade executed.[0m
2025-03-08 15:27:54,092 [INFO] API Response (GET https://trading.robinhood.com/api/v1/crypto/trading/accounts/): 200 - {"account_number":"311245509955","status":"active","buying_power":"179.2300","buying_power_currency":"USD"}
2025-03-08 15:27:54,597 [INFO] Buying Power Available: $179.23
2025-03-08 15:27:54,657 [INFO] API Response (GET https://trading.robinhood.com/api/v1/crypto/marketdata/best_bid_ask/?symbol=DOGE-USD): 200 - {"results":[{"symbol":"DOGE-USD","timestamp":"2025-03-08T21:27:54.690925066Z","price":"0.19515","bid_inclusive_of_sell_spread":"0.19513","sell_spread":"0.00010249","ask_inclusive_of_buy_spread":"0.19517","buy_spread":"0.00010249"}]}
2025-03-08 15:27:55,382 [INFO] Indicators for DOGE-USD (15min) | MACD: 0.0001, Signal: -0.0001, Volume Condition: False (Current: 417145.9, Avg10: 1119954.40)
2025-03-08 15:27:55,382 [INFO] DOGE-USD (15min) | MACD: 0.0001, Signal: -0.0001, Volume Condition: False, Price: $0.19517
2025-03-08 15:27:55,382 [INFO] [91mBullish MACD crossover or volume condition not met for DOGE-USD. No trade executed.[0m
2025-03-08 15:27:55,600 [INFO] API Response (GET https://trading.robinhood.com/api/v1/crypto/trading/accounts/): 200 - {"account_number":"311245509955","status":"active","buying_power":"179.2300","buying_power_currency":"USD"}
2025-03-08 15:27:56,102 [INFO] Buying Power Available: $179.23
2025-03-08 15:27:56,232 [INFO] API Response (GET https://trading.robinhood.com/api/v1/crypto/marketdata/best_bid_ask/?symbol=TRUMP-USD): 200 - {"results":[{"symbol":"TRUMP-USD","timestamp":"2025-03-08T21:27:56.263948785Z","price":"12.091324","bid_inclusive_of_sell_spread":"12.0149975","sell_spread":"0.0063125","ask_inclusive_of_buy_spread":"12.1676505","buy_spread":"0.0063125"}]}
2025-03-08 15:27:56,997 [INFO] Indicators for TRUMP-USD (15min) | MACD: 0.0093, Signal: 0.0030, Volume Condition: False (Current: 1376.844, Avg10: 2946.63)
2025-03-08 15:27:56,998 [INFO] TRUMP-USD (15min) | MACD: 0.0093, Signal: 0.0030, Volume Condition: False, Price: $12.1676505
2025-03-08 15:27:56,998 [INFO] [91mBullish MACD crossover or volume condition not met for TRUMP-USD. No trade executed.[0m
2025-03-08 15:27:57,182 [INFO] API Response (GET https://trading.robinhood.com/api/v1/crypto/trading/holdings/): 200 - {"next":null,"previous":null,"results":[{"account_number":"311245509955","asset_code":"ADA","total_quantity":"176.470000000000000000","quantity_available_for_trading":"176.470000000000000000"},{"account_number":"311245509955","asset_code":"DOGE","total_quantity":"8959.000000000000000000","quantity_available_for_trading":"8959.000000000000000000"}]}
2025-03-08 15:27:57,685 [INFO] Raw holdings response: {'next': None, 'previous': None, 'results': [{'account_number': '311245509955', 'asset_code': 'ADA', 'total_quantity': '176.470000000000000000', 'quantity_available_for_trading': '176.470000000000000000'}, {'account_number': '311245509955', 'asset_code': 'DOGE', 'total_quantity': '8959.000000000000000000', 'quantity_available_for_trading': '8959.000000000000000000'}]}
2025-03-08 15:27:57,685 [INFO] Parsed holdings: [{'account_number': '311245509955', 'asset_code': 'ADA', 'total_quantity': '176.470000000000000000', 'quantity_available_for_trading': '176.470000000000000000'}, {'account_number': '311245509955', 'asset_code': 'DOGE', 'total_quantity': '8959.000000000000000000', 'quantity_available_for_trading': '8959.000000000000000000'}]
2025-03-08 15:27:57,686 [INFO] Processing holding (type <class 'dict'>): {'account_number': '311245509955', 'asset_code': 'ADA', 'total_quantity': '176.470000000000000000', 'quantity_available_for_trading': '176.470000000000000000'}
2025-03-08 15:27:57,686 [ERROR] No average buy price for ADA-USD; skipping.
2025-03-08 15:27:57,686 [INFO] Processing holding (type <class 'dict'>): {'account_number': '311245509955', 'asset_code': 'DOGE', 'total_quantity': '8959.000000000000000000', 'quantity_available_for_trading': '8959.000000000000000000'}
2025-03-08 15:27:57,686 [ERROR] No average buy price for DOGE-USD; skipping.
2025-03-08 15:28:28,088 [INFO] API Response (GET https://trading.robinhood.com/api/v1/crypto/trading/accounts/): 200 - {"account_number":"311245509955","status":"active","buying_power":"179.2300","buying_power_currency":"USD"}
2025-03-08 15:28:28,593 [INFO] Buying Power Available: $179.23
2025-03-08 15:28:28,731 [INFO] API Response (GET https://trading.robinhood.com/api/v1/crypto/marketdata/best_bid_ask/?symbol=BTC-USD): 200 - {"results":[{"symbol":"BTC-USD","timestamp":"2025-03-08T21:28:28.76351753Z","price":"86463.45","bid_inclusive_of_sell_spread":"86467.9","sell_spread":"0.00005147","ask_inclusive_of_buy_spread":"86459","buy_spread":"0.00005147"}]}
2025-03-08 15:28:29,734 [INFO] Indicators for BTC-USD (15min) | MACD: 48.8476, Signal: 9.8258, Volume Condition: False (Current: 13.5761711, Avg10: 22.83)
2025-03-08 15:28:29,734 [INFO] BTC-USD (15min) | MACD: 48.8476, Signal: 9.8258, Volume Condition: False, Price: $86459.0
2025-03-08 15:28:29,734 [INFO] [91mBullish MACD crossover or volume condition not met for BTC-USD. No trade executed.[0m
2025-03-08 15:28:29,960 [INFO] API Response (GET https://trading.robinhood.com/api/v1/crypto/trading/accounts/): 200 - {"account_number":"311245509955","status":"active","buying_power":"179.2300","buying_power_currency":"USD"}
2025-03-08 15:28:30,465 [INFO] Buying Power Available: $179.23
2025-03-08 15:28:30,592 [INFO] API Response (GET https://trading.robinhood.com/api/v1/crypto/marketdata/best_bid_ask/?symbol=ETH-USD): 200 - {"results":[{"symbol":"ETH-USD","timestamp":"2025-03-08T21:28:30.627314083Z","price":"2222.785","bid_inclusive_of_sell_spread":"2222.77","sell_spread":"0.00000675","ask_inclusive_of_buy_spread":"2222.8","buy_spread":"0.00000675"}]}
2025-03-08 15:28:31,384 [INFO] Indicators for ETH-USD (15min) | MACD: 11.6222, Signal: 12.2543, Volume Condition: False (Current: 222.22970047, Avg10: 661.02)
2025-03-08 15:28:31,385 [INFO] ETH-USD (15min) | MACD: 11.6222, Signal: 12.2543, Volume Condition: False, Price: $2222.8
2025-03-08 15:28:31,385 [INFO] [91mBullish MACD crossover or volume condition not met for ETH-USD. No trade executed.[0m
2025-03-08 15:28:31,615 [INFO] API Response (GET https://trading.robinhood.com/api/v1/crypto/trading/accounts/): 200 - {"account_number":"311245509955","status":"active","buying_power":"179.2300","buying_power_currency":"USD"}
2025-03-08 15:28:32,121 [INFO] Buying Power Available: $179.23
2025-03-08 15:28:32,250 [INFO] API Response (GET https://trading.robinhood.com/api/v1/crypto/marketdata/best_bid_ask/?symbol=LTC-USD): 200 - {"results":[{"symbol":"LTC-USD","timestamp":"2025-03-08T21:28:32.282409194Z","price":"104.255","bid_inclusive_of_sell_spread":"104.24","sell_spread":"0.00014388","ask_inclusive_of_buy_spread":"104.27","buy_spread":"0.00014388"}]}
2025-03-08 15:28:32,957 [INFO] Indicators for LTC-USD (15min) | MACD: -0.0004, Signal: -0.0522, Volume Condition: False (Current: 758.76923937, Avg10: 1266.03)
2025-03-08 15:28:32,958 [INFO] LTC-USD (15min) | MACD: -0.0004, Signal: -0.0522, Volume Condition: False, Price: $104.27
2025-03-08 15:28:32,958 [INFO] [91mBullish MACD crossover or volume condition not met for LTC-USD. No trade executed.[0m
2025-03-08 15:28:33,117 [INFO] API Response (GET https://trading.robinhood.com/api/v1/crypto/trading/accounts/): 200 - {"account_number":"311245509955","status":"active","buying_power":"179.2300","buying_power_currency":"USD"}
2025-03-08 15:28:33,621 [INFO] Buying Power Available: $179.23
2025-03-08 15:28:33,747 [INFO] API Response (GET https://trading.robinhood.com/api/v1/crypto/marketdata/best_bid_ask/?symbol=DOGE-USD): 200 - {"results":[{"symbol":"DOGE-USD","timestamp":"2025-03-08T21:28:33.780586807Z","price":"0.19509","bid_inclusive_of_sell_spread":"0.19507","sell_spread":"0.00010252","ask_inclusive_of_buy_spread":"0.19511","buy_spread":"0.00010252"}]}
2025-03-08 15:28:34,511 [INFO] Indicators for DOGE-USD (15min) | MACD: 0.0000, Signal: -0.0001, Volume Condition: False (Current: 502150.0, Avg10: 1119954.40)
2025-03-08 15:28:34,511 [INFO] DOGE-USD (15min) | MACD: 0.0000, Signal: -0.0001, Volume Condition: False, Price: $0.19511
2025-03-08 15:28:34,511 [INFO] [91mBullish MACD crossover or volume condition not met for DOGE-USD. No trade executed.[0m
2025-03-08 15:28:34,735 [INFO] API Response (GET https://trading.robinhood.com/api/v1/crypto/trading/accounts/): 200 - {"account_number":"311245509955","status":"active","buying_power":"179.2300","buying_power_currency":"USD"}
2025-03-08 15:28:35,241 [INFO] Buying Power Available: $179.23
2025-03-08 15:28:35,371 [INFO] API Response (GET https://trading.robinhood.com/api/v1/crypto/marketdata/best_bid_ask/?symbol=TRUMP-USD): 200 - {"results":[{"symbol":"TRUMP-USD","timestamp":"2025-03-08T21:28:35.404069202Z","price":"12.08584995","bid_inclusive_of_sell_spread":"12.0116999","sell_spread":"0.00613528","ask_inclusive_of_buy_spread":"12.16","buy_spread":"0.00613528"}]}
2025-03-08 15:28:36,061 [INFO] Indicators for TRUMP-USD (15min) | MACD: 0.0093, Signal: 0.0030, Volume Condition: False (Current: 1376.844, Avg10: 2946.63)
2025-03-08 15:28:36,062 [INFO] TRUMP-USD (15min) | MACD: 0.0093, Signal: 0.0030, Volume Condition: False, Price: $12.16
2025-03-08 15:28:36,062 [INFO] [91mBullish MACD crossover or volume condition not met for TRUMP-USD. No trade executed.[0m
2025-03-08 15:28:36,287 [INFO] API Response (GET https://trading.robinhood.com/api/v1/crypto/trading/holdings/): 200 - {"next":null,"previous":null,"results":[{"account_number":"311245509955","asset_code":"ADA","total_quantity":"176.470000000000000000","quantity_available_for_trading":"176.470000000000000000"},{"account_number":"311245509955","asset_code":"DOGE","total_quantity":"8959.000000000000000000","quantity_available_for_trading":"8959.000000000000000000"}]}
2025-03-08 15:28:36,792 [INFO] Raw holdings response: {'next': None, 'previous': None, 'results': [{'account_number': '311245509955', 'asset_code': 'ADA', 'total_quantity': '176.470000000000000000', 'quantity_available_for_trading': '176.470000000000000000'}, {'account_number': '311245509955', 'asset_code': 'DOGE', 'total_quantity': '8959.000000000000000000', 'quantity_available_for_trading': '8959.000000000000000000'}]}
2025-03-08 15:28:36,793 [INFO] Parsed holdings: [{'account_number': '311245509955', 'asset_code': 'ADA', 'total_quantity': '176.470000000000000000', 'quantity_available_for_trading': '176.470000000000000000'}, {'account_number': '311245509955', 'asset_code': 'DOGE', 'total_quantity': '8959.000000000000000000', 'quantity_available_for_trading': '8959.000000000000000000'}]
2025-03-08 15:28:36,793 [INFO] Processing holding (type <class 'dict'>): {'account_number': '311245509955', 'asset_code': 'ADA', 'total_quantity': '176.470000000000000000', 'quantity_available_for_trading': '176.470000000000000000'}
2025-03-08 15:28:36,793 [ERROR] No average buy price for ADA-USD; skipping.
2025-03-08 15:28:36,793 [INFO] Processing holding (type <class 'dict'>): {'account_number': '311245509955', 'asset_code': 'DOGE', 'total_quantity': '8959.000000000000000000', 'quantity_available_for_trading': '8959.000000000000000000'}
2025-03-08 15:28:36,794 [ERROR] No average buy price for DOGE-USD; skipping.
2025-03-08 15:29:07,205 [INFO] API Response (GET https://trading.robinhood.com/api/v1/crypto/trading/accounts/): 200 - {"account_number":"311245509955","status":"active","buying_power":"179.2300","buying_power_currency":"USD"}
2025-03-08 15:29:07,711 [INFO] Buying Power Available: $179.23
2025-03-08 15:29:07,789 [INFO] API Response (GET https://trading.robinhood.com/api/v1/crypto/marketdata/best_bid_ask/?symbol=BTC-USD): 200 - {"results":[{"symbol":"BTC-USD","timestamp":"2025-03-08T21:29:07.824001728Z","price":"86468.45","bid_inclusive_of_sell_spread":"86469.9","sell_spread":"0.00001677","ask_inclusive_of_buy_spread":"86467","buy_spread":"0.00001677"}]}
2025-03-08 15:29:08,705 [INFO] Indicators for BTC-USD (15min) | MACD: 49.3159, Signal: 9.9194, Volume Condition: False (Current: 13.64209237, Avg10: 22.83)
2025-03-08 15:29:08,706 [INFO] BTC-USD (15min) | MACD: 49.3159, Signal: 9.9194, Volume Condition: False, Price: $86467.0
2025-03-08 15:29:08,706 [INFO] [91mBullish MACD crossover or volume condition not met for BTC-USD. No trade executed.[0m
2025-03-08 15:29:08,930 [INFO] API Response (GET https://trading.robinhood.com/api/v1/crypto/trading/accounts/): 200 - {"account_number":"311245509955","status":"active","buying_power":"179.2300","buying_power_currency":"USD"}
2025-03-08 15:29:09,436 [INFO] Buying Power Available: $179.23
2025-03-08 15:29:09,570 [INFO] API Response (GET https://trading.robinhood.com/api/v1/crypto/marketdata/best_bid_ask/?symbol=ETH-USD): 200 - {"results":[{"symbol":"ETH-USD","timestamp":"2025-03-08T21:29:09.602871824Z","price":"2222.475","bid_inclusive_of_sell_spread":"2222.5","sell_spread":"0.00001125","ask_inclusive_of_buy_spread":"2222.45","buy_spread":"0.00001125"}]}
2025-03-08 15:29:10,263 [INFO] Indicators for ETH-USD (15min) | MACD: 11.5959, Signal: 12.2491, Volume Condition: False (Current: 226.07625987, Avg10: 661.02)
2025-03-08 15:29:10,264 [INFO] ETH-USD (15min) | MACD: 11.5959, Signal: 12.2491, Volume Condition: False, Price: $2222.45
2025-03-08 15:29:10,264 [INFO] [91mBullish MACD crossover or volume condition not met for ETH-USD. No trade executed.[0m
2025-03-08 15:29:10,584 [INFO] API Response (GET https://trading.robinhood.com/api/v1/crypto/trading/accounts/): 200 - {"account_number":"311245509955","status":"active","buying_power":"179.2300","buying_power_currency":"USD"}
2025-03-08 15:29:11,088 [INFO] Buying Power Available: $179.23
2025-03-08 15:29:11,152 [INFO] API Response (GET https://trading.robinhood.com/api/v1/crypto/marketdata/best_bid_ask/?symbol=LTC-USD): 200 - {"results":[{"symbol":"LTC-USD","timestamp":"2025-03-08T21:29:11.185978101Z","price":"104.265","bid_inclusive_of_sell_spread":"104.26","sell_spread":"0.00004795","ask_inclusive_of_buy_spread":"104.27","buy_spread":"0.00004795"}]}
2025-03-08 15:29:11,819 [INFO] Indicators for LTC-USD (15min) | MACD: 0.0036, Signal: -0.0514, Volume Condition: False (Current: 762.46644788, Avg10: 1266.03)
2025-03-08 15:29:11,819 [INFO] LTC-USD (15min) | MACD: 0.0036, Signal: -0.0514, Volume Condition: False, Price: $104.27
2025-03-08 15:29:11,820 [INFO] [91mBullish MACD crossover or volume condition not met for LTC-USD. No trade executed.[0m
2025-03-08 15:29:12,078 [INFO] API Response (GET https://trading.robinhood.com/api/v1/crypto/trading/accounts/): 200 - {"account_number":"311245509955","status":"active","buying_power":"179.2300","buying_power_currency":"USD"}
2025-03-08 15:29:12,584 [INFO] Buying Power Available: $179.23
2025-03-08 15:29:12,726 [INFO] API Response (GET https://trading.robinhood.com/api/v1/crypto/marketdata/best_bid_ask/?symbol=DOGE-USD): 200 - {"results":[{"symbol":"DOGE-USD","timestamp":"2025-03-08T21:29:12.752413081Z","price":"0.19505","bid_inclusive_of_sell_spread":"0.19502","sell_spread":"0.00015381","ask_inclusive_of_buy_spread":"0.19508","buy_spread":"0.00015381"}]}
2025-03-08 15:29:13,510 [INFO] Indicators for DOGE-USD (15min) | MACD: 0.0000, Signal: -0.0001, Volume Condition: False (Current: 532251.2, Avg10: 1119954.40)
2025-03-08 15:29:13,511 [INFO] DOGE-USD (15min) | MACD: 0.0000, Signal: -0.0001, Volume Condition: False, Price: $0.19508
2025-03-08 15:29:13,511 [INFO] [91mBullish MACD crossover or volume condition not met for DOGE-USD. No trade executed.[0m
2025-03-08 15:29:13,668 [INFO] API Response (GET https://trading.robinhood.com/api/v1/crypto/trading/accounts/): 200 - {"account_number":"311245509955","status":"active","buying_power":"179.2300","buying_power_currency":"USD"}
2025-03-08 15:29:14,173 [INFO] Buying Power Available: $179.23
2025-03-08 15:29:14,323 [INFO] API Response (GET https://trading.robinhood.com/api/v1/crypto/marketdata/best_bid_ask/?symbol=TRUMP-USD): 200 - {"results":[{"symbol":"TRUMP-USD","timestamp":"2025-03-08T21:29:14.333150361Z","price":"12.08604505","bid_inclusive_of_sell_spread":"12.0120901","sell_spread":"0.00611904","ask_inclusive_of_buy_spread":"12.16","buy_spread":"0.00611904"}]}
2025-03-08 15:29:15,002 [INFO] Indicators for TRUMP-USD (15min) | MACD: 0.0086, Signal: 0.0029, Volume Condition: False (Current: 1810.455, Avg10: 2946.63)
2025-03-08 15:29:15,002 [INFO] TRUMP-USD (15min) | MACD: 0.0086, Signal: 0.0029, Volume Condition: False, Price: $12.16
2025-03-08 15:29:15,003 [INFO] [91mBullish MACD crossover or volume condition not met for TRUMP-USD. No trade executed.[0m
2025-03-08 15:29:15,107 [INFO] API Response (GET https://trading.robinhood.com/api/v1/crypto/trading/holdings/): 200 - {"next":null,"previous":null,"results":[{"account_number":"311245509955","asset_code":"ADA","total_quantity":"176.470000000000000000","quantity_available_for_trading":"176.470000000000000000"},{"account_number":"311245509955","asset_code":"DOGE","total_quantity":"8959.000000000000000000","quantity_available_for_trading":"8959.000000000000000000"}]}
2025-03-08 15:29:15,610 [INFO] Raw holdings response: {'next': None, 'previous': None, 'results': [{'account_number': '311245509955', 'asset_code': 'ADA', 'total_quantity': '176.470000000000000000', 'quantity_available_for_trading': '176.470000000000000000'}, {'account_number': '311245509955', 'asset_code': 'DOGE', 'total_quantity': '8959.000000000000000000', 'quantity_available_for_trading': '8959.000000000000000000'}]}
2025-03-08 15:29:15,610 [INFO] Parsed holdings: [{'account_number': '311245509955', 'asset_code': 'ADA', 'total_quantity': '176.470000000000000000', 'quantity_available_for_trading': '176.470000000000000000'}, {'account_number': '311245509955', 'asset_code': 'DOGE', 'total_quantity': '8959.000000000000000000', 'quantity_available_for_trading': '8959.000000000000000000'}]
2025-03-08 15:29:15,610 [INFO] Processing holding (type <class 'dict'>): {'account_number': '311245509955', 'asset_code': 'ADA', 'total_quantity': '176.470000000000000000', 'quantity_available_for_trading': '176.470000000000000000'}
2025-03-08 15:29:15,610 [ERROR] No average buy price for ADA-USD; skipping.
2025-03-08 15:29:15,611 [INFO] Processing holding (type <class 'dict'>): {'account_number': '311245509955', 'asset_code': 'DOGE', 'total_quantity': '8959.000000000000000000', 'quantity_available_for_trading': '8959.000000000000000000'}
2025-03-08 15:29:15,611 [ERROR] No average buy price for DOGE-USD; skipping.
2025-03-08 15:29:45,955 [INFO] API Response (GET https://trading.robinhood.com/api/v1/crypto/trading/accounts/): 200 - {"account_number":"311245509955","status":"active","buying_power":"179.2300","buying_power_currency":"USD"}
2025-03-08 15:29:46,459 [INFO] Buying Power Available: $179.23
2025-03-08 15:29:46,589 [INFO] API Response (GET https://trading.robinhood.com/api/v1/crypto/marketdata/best_bid_ask/?symbol=BTC-USD): 200 - {"results":[{"symbol":"BTC-USD","timestamp":"2025-03-08T21:29:46.62339574Z","price":"86476.95","bid_inclusive_of_sell_spread":"86484.9","sell_spread":"0.00009193","ask_inclusive_of_buy_spread":"86469","buy_spread":"0.00009193"}]}
2025-03-08 15:29:47,662 [INFO] Indicators for BTC-USD (15min) | MACD: 50.0666, Signal: 10.0696, Volume Condition: False (Current: 14.10022949, Avg10: 22.83)
2025-03-08 15:29:47,662 [INFO] BTC-USD (15min) | MACD: 50.0666, Signal: 10.0696, Volume Condition: False, Price: $86469.0
2025-03-08 15:29:47,662 [INFO] [91mBullish MACD crossover or volume condition not met for BTC-USD. No trade executed.[0m
2025-03-08 15:29:47,873 [INFO] API Response (GET https://trading.robinhood.com/api/v1/crypto/trading/accounts/): 200 - {"account_number":"311245509955","status":"active","buying_power":"179.2300","buying_power_currency":"USD"}
2025-03-08 15:29:48,379 [INFO] Buying Power Available: $179.23
2025-03-08 15:29:48,513 [INFO] API Response (GET https://trading.robinhood.com/api/v1/crypto/marketdata/best_bid_ask/?symbol=ETH-USD): 200 - {"results":[{"symbol":"ETH-USD","timestamp":"2025-03-08T21:29:48.547118641Z","price":"2222.47","bid_inclusive_of_sell_spread":"2222.5","sell_spread":"0.0000135","ask_inclusive_of_buy_spread":"2222.44","buy_spread":"0.0000135"}]}
2025-03-08 15:29:49,477 [INFO] Indicators for ETH-USD (15min) | MACD: 11.5967, Signal: 12.2492, Volume Condition: False (Current: 230.21696816, Avg10: 661.02)
2025-03-08 15:29:49,478 [INFO] ETH-USD (15min) | MACD: 11.5967, Signal: 12.2492, Volume Condition: False, Price: $2222.44
2025-03-08 15:29:49,478 [INFO] [91mBullish MACD crossover or volume condition not met for ETH-USD. No trade executed.[0m
2025-03-08 15:29:49,716 [INFO] API Response (GET https://trading.robinhood.com/api/v1/crypto/trading/accounts/): 200 - {"account_number":"311245509955","status":"active","buying_power":"179.2300","buying_power_currency":"USD"}
2025-03-08 15:29:50,218 [INFO] Buying Power Available: $179.23
2025-03-08 15:29:50,352 [INFO] API Response (GET https://trading.robinhood.com/api/v1/crypto/marketdata/best_bid_ask/?symbol=LTC-USD): 200 - {"results":[{"symbol":"LTC-USD","timestamp":"2025-03-08T21:29:50.380751971Z","price":"104.315","bid_inclusive_of_sell_spread":"104.3","sell_spread":"0.0001438","ask_inclusive_of_buy_spread":"104.33","buy_spread":"0.0001438"}]}
2025-03-08 15:29:51,155 [INFO] Indicators for LTC-USD (15min) | MACD: 0.0044, Signal: -0.0513, Volume Condition: False (Current: 772.32056655, Avg10: 1266.03)
2025-03-08 15:29:51,156 [INFO] LTC-USD (15min) | MACD: 0.0044, Signal: -0.0513, Volume Condition: False, Price: $104.33
2025-03-08 15:29:51,156 [INFO] [91mBullish MACD crossover or volume condition not met for LTC-USD. No trade executed.[0m
2025-03-08 15:29:51,319 [INFO] API Response (GET https://trading.robinhood.com/api/v1/crypto/trading/accounts/): 200 - {"account_number":"311245509955","status":"active","buying_power":"179.2300","buying_power_currency":"USD"}
2025-03-08 15:29:51,825 [INFO] Buying Power Available: $179.23
2025-03-08 15:29:51,952 [INFO] API Response (GET https://trading.robinhood.com/api/v1/crypto/marketdata/best_bid_ask/?symbol=DOGE-USD): 200 - {"results":[{"symbol":"DOGE-USD","timestamp":"2025-03-08T21:29:51.985898354Z","price":"0.195075","bid_inclusive_of_sell_spread":"0.19505","sell_spread":"0.00012816","ask_inclusive_of_buy_spread":"0.1951","buy_spread":"0.00012816"}]}
2025-03-08 15:29:52,988 [INFO] Indicators for DOGE-USD (15min) | MACD: 0.0000, Signal: -0.0001, Volume Condition: False (Current: 561960.2, Avg10: 1119954.40)
2025-03-08 15:29:52,988 [INFO] DOGE-USD (15min) | MACD: 0.0000, Signal: -0.0001, Volume Condition: False, Price: $0.1951
2025-03-08 15:29:52,989 [INFO] [91mBullish MACD crossover or volume condition not met for DOGE-USD. No trade executed.[0m
2025-03-08 15:29:53,137 [INFO] API Response (GET https://trading.robinhood.com/api/v1/crypto/trading/accounts/): 200 - {"account_number":"311245509955","status":"active","buying_power":"179.2300","buying_power_currency":"USD"}
2025-03-08 15:29:53,639 [INFO] Buying Power Available: $179.23
2025-03-08 15:29:53,781 [INFO] API Response (GET https://trading.robinhood.com/api/v1/crypto/marketdata/best_bid_ask/?symbol=TRUMP-USD): 200 - {"results":[{"symbol":"TRUMP-USD","timestamp":"2025-03-08T21:29:53.816774146Z","price":"12.09002765","bid_inclusive_of_sell_spread":"12.0144292","sell_spread":"0.00625296","ask_inclusive_of_buy_spread":"12.1656261","buy_spread":"0.00625296"}]}
2025-03-08 15:29:54,558 [INFO] Indicators for TRUMP-USD (15min) | MACD: 0.0086, Signal: 0.0029, Volume Condition: False (Current: 1865.455, Avg10: 2946.63)
2025-03-08 15:29:54,559 [INFO] TRUMP-USD (15min) | MACD: 0.0086, Signal: 0.0029, Volume Condition: False, Price: $12.1656261
2025-03-08 15:29:54,559 [INFO] [91mBullish MACD crossover or volume condition not met for TRUMP-USD. No trade executed.[0m
2025-03-08 15:29:54,726 [INFO] API Response (GET https://trading.robinhood.com/api/v1/crypto/trading/holdings/): 200 - {"next":null,"previous":null,"results":[{"account_number":"311245509955","asset_code":"ADA","total_quantity":"176.470000000000000000","quantity_available_for_trading":"176.470000000000000000"},{"account_number":"311245509955","asset_code":"DOGE","total_quantity":"8959.000000000000000000","quantity_available_for_trading":"8959.000000000000000000"}]}
2025-03-08 15:29:55,232 [INFO] Raw holdings response: {'next': None, 'previous': None, 'results': [{'account_number': '311245509955', 'asset_code': 'ADA', 'total_quantity': '176.470000000000000000', 'quantity_available_for_trading': '176.470000000000000000'}, {'account_number': '311245509955', 'asset_code': 'DOGE', 'total_quantity': '8959.000000000000000000', 'quantity_available_for_trading': '8959.000000000000000000'}]}
2025-03-08 15:29:55,232 [INFO] Parsed holdings: [{'account_number': '311245509955', 'asset_code': 'ADA', 'total_quantity': '176.470000000000000000', 'quantity_available_for_trading': '176.470000000000000000'}, {'account_number': '311245509955', 'asset_code': 'DOGE', 'total_quantity': '8959.000000000000000000', 'quantity_available_for_trading': '8959.000000000000000000'}]
2025-03-08 15:29:55,232 [INFO] Processing holding (type <class 'dict'>): {'account_number': '311245509955', 'asset_code': 'ADA', 'total_quantity': '176.470000000000000000', 'quantity_available_for_trading': '176.470000000000000000'}
2025-03-08 15:29:55,232 [ERROR] No average buy price for ADA-USD; skipping.
2025-03-08 15:29:55,233 [INFO] Processing holding (type <class 'dict'>): {'account_number': '311245509955', 'asset_code': 'DOGE', 'total_quantity': '8959.000000000000000000', 'quantity_available_for_trading': '8959.000000000000000000'}
2025-03-08 15:29:55,233 [ERROR] No average buy price for DOGE-USD; skipping.
2025-03-08 15:30:25,651 [INFO] API Response (GET https://trading.robinhood.com/api/v1/crypto/trading/accounts/): 200 - {"account_number":"311245509955","status":"active","buying_power":"179.2300","buying_power_currency":"USD"}
2025-03-08 15:30:26,156 [INFO] Buying Power Available: $179.23
2025-03-08 15:30:26,225 [INFO] API Response (GET https://trading.robinhood.com/api/v1/crypto/marketdata/best_bid_ask/?symbol=BTC-USD): 200 - {"results":[{"symbol":"BTC-USD","timestamp":"2025-03-08T21:30:26.260015341Z","price":"86468.59","bid_inclusive_of_sell_spread":"86470.18","sell_spread":"0.00001839","ask_inclusive_of_buy_spread":"86467","buy_spread":"0.00001839"}]}
2025-03-08 15:30:26,911 [INFO] Indicators for BTC-USD (15min) | MACD: 65.2863, Signal: 21.2803, Volume Condition: False (Current: 0.68767196, Avg10: 22.18)
2025-03-08 15:30:26,911 [INFO] BTC-USD (15min) | MACD: 65.2863, Signal: 21.2803, Volume Condition: False, Price: $86467.0
2025-03-08 15:30:26,911 [INFO] [91mBullish MACD crossover or volume condition not met for BTC-USD. No trade executed.[0m
2025-03-08 15:30:27,071 [INFO] API Response (GET https://trading.robinhood.com/api/v1/crypto/trading/accounts/): 200 - {"account_number":"311245509955","status":"active","buying_power":"179.2300","buying_power_currency":"USD"}
2025-03-08 15:30:27,576 [INFO] Buying Power Available: $179.23
2025-03-08 15:30:27,758 [INFO] API Response (GET https://trading.robinhood.com/api/v1/crypto/marketdata/best_bid_ask/?symbol=ETH-USD): 200 - {"results":[{"symbol":"ETH-USD","timestamp":"2025-03-08T21:30:27.791860956Z","price":"2222.71","bid_inclusive_of_sell_spread":"2222.82","sell_spread":"0.00004949","ask_inclusive_of_buy_spread":"2222.6","buy_spread":"0.00004949"}]}
2025-03-08 15:30:28,477 [INFO] Indicators for ETH-USD (15min) | MACD: 11.4543, Signal: 12.0906, Volume Condition: False (Current: 6.84609093, Avg10: 631.51)
2025-03-08 15:30:28,478 [INFO] ETH-USD (15min) | MACD: 11.4543, Signal: 12.0906, Volume Condition: False, Price: $2222.6
2025-03-08 15:30:28,478 [INFO] [91mBullish MACD crossover or volume condition not met for ETH-USD. No trade executed.[0m
2025-03-08 15:30:28,706 [INFO] API Response (GET https://trading.robinhood.com/api/v1/crypto/trading/accounts/): 200 - {"account_number":"311245509955","status":"active","buying_power":"179.2300","buying_power_currency":"USD"}
2025-03-08 15:30:29,212 [INFO] Buying Power Available: $179.23
2025-03-08 15:30:29,338 [INFO] API Response (GET https://trading.robinhood.com/api/v1/crypto/marketdata/best_bid_ask/?symbol=LTC-USD): 200 - {"results":[{"symbol":"LTC-USD","timestamp":"2025-03-08T21:30:29.372783297Z","price":"104.28","bid_inclusive_of_sell_spread":"104.28","sell_spread":"0","ask_inclusive_of_buy_spread":"104.28","buy_spread":"0"}]}
2025-03-08 15:30:30,036 [INFO] Indicators for LTC-USD (15min) | MACD: 0.0217, Signal: -0.0368, Volume Condition: False (Current: 5.42337422, Avg10: 1261.13)
2025-03-08 15:30:30,036 [INFO] LTC-USD (15min) | MACD: 0.0217, Signal: -0.0368, Volume Condition: False, Price: $104.28
2025-03-08 15:30:30,036 [INFO] [91mBullish MACD crossover or volume condition not met for LTC-USD. No trade executed.[0m
2025-03-08 15:30:30,251 [INFO] API Response (GET https://trading.robinhood.com/api/v1/crypto/trading/accounts/): 200 - {"account_number":"311245509955","status":"active","buying_power":"179.2300","buying_power_currency":"USD"}
2025-03-08 15:30:30,756 [INFO] Buying Power Available: $179.23
2025-03-08 15:30:30,853 [INFO] API Response (GET https://trading.robinhood.com/api/v1/crypto/marketdata/best_bid_ask/?symbol=DOGE-USD): 200 - {"results":[{"symbol":"DOGE-USD","timestamp":"2025-03-08T21:30:30.871638361Z","price":"0.1949975","bid_inclusive_of_sell_spread":"0.195005","sell_spread":"0.00003846","ask_inclusive_of_buy_spread":"0.19499","buy_spread":"0.00003846"}]}
2025-03-08 15:30:31,544 [INFO] Indicators for DOGE-USD (15min) | MACD: 0.0001, Signal: -0.0001, Volume Condition: False (Current: 3667.4, Avg10: 1055865.06)
2025-03-08 15:30:31,545 [INFO] DOGE-USD (15min) | MACD: 0.0001, Signal: -0.0001, Volume Condition: False, Price: $0.19499
2025-03-08 15:30:31,545 [INFO] [91mBullish MACD crossover or volume condition not met for DOGE-USD. No trade executed.[0m
2025-03-08 15:30:31,780 [INFO] API Response (GET https://trading.robinhood.com/api/v1/crypto/trading/accounts/): 200 - {"account_number":"311245509955","status":"active","buying_power":"179.2300","buying_power_currency":"USD"}
2025-03-08 15:30:32,286 [INFO] Buying Power Available: $179.23
2025-03-08 15:30:33,375 [INFO] API Response (GET https://trading.robinhood.com/api/v1/crypto/marketdata/best_bid_ask/?symbol=TRUMP-USD): 200 - {"results":[{"symbol":"TRUMP-USD","timestamp":"2025-03-08T21:30:33.408613872Z","price":"12.07577805","bid_inclusive_of_sell_spread":"12.0015561","sell_spread":"0.00614635","ask_inclusive_of_buy_spread":"12.15","buy_spread":"0.00614635"}]}
2025-03-08 15:30:34,106 [INFO] Indicators for TRUMP-USD (15min) | MACD: 0.0104, Signal: 0.0044, Volume Condition: False (Current: 19.753, Avg10: 2904.56)
2025-03-08 15:30:34,107 [INFO] TRUMP-USD (15min) | MACD: 0.0104, Signal: 0.0044, Volume Condition: False, Price: $12.15
2025-03-08 15:30:34,107 [INFO] [91mBullish MACD crossover or volume condition not met for TRUMP-USD. No trade executed.[0m
2025-03-08 15:30:34,287 [INFO] API Response (GET https://trading.robinhood.com/api/v1/crypto/trading/holdings/): 200 - {"next":null,"previous":null,"results":[{"account_number":"311245509955","asset_code":"ADA","total_quantity":"176.470000000000000000","quantity_available_for_trading":"176.470000000000000000"},{"account_number":"311245509955","asset_code":"DOGE","total_quantity":"8959.000000000000000000","quantity_available_for_trading":"8959.000000000000000000"}]}
2025-03-08 15:30:34,793 [INFO] Raw holdings response: {'next': None, 'previous': None, 'results': [{'account_number': '311245509955', 'asset_code': 'ADA', 'total_quantity': '176.470000000000000000', 'quantity_available_for_trading': '176.470000000000000000'}, {'account_number': '311245509955', 'asset_code': 'DOGE', 'total_quantity': '8959.000000000000000000', 'quantity_available_for_trading': '8959.000000000000000000'}]}
2025-03-08 15:30:34,793 [INFO] Parsed holdings: [{'account_number': '311245509955', 'asset_code': 'ADA', 'total_quantity': '176.470000000000000000', 'quantity_available_for_trading': '176.470000000000000000'}, {'account_number': '311245509955', 'asset_code': 'DOGE', 'total_quantity': '8959.000000000000000000', 'quantity_available_for_trading': '8959.000000000000000000'}]
2025-03-08 15:30:34,793 [INFO] Processing holding (type <class 'dict'>): {'account_number': '311245509955', 'asset_code': 'ADA', 'total_quantity': '176.470000000000000000', 'quantity_available_for_trading': '176.470000000000000000'}
2025-03-08 15:30:34,793 [ERROR] No average buy price for ADA-USD; skipping.
2025-03-08 15:30:34,794 [INFO] Processing holding (type <class 'dict'>): {'account_number': '311245509955', 'asset_code': 'DOGE', 'total_quantity': '8959.000000000000000000', 'quantity_available_for_trading': '8959.000000000000000000'}
2025-03-08 15:30:34,794 [ERROR] No average buy price for DOGE-USD; skipping.
2025-03-08 15:31:05,171 [INFO] API Response (GET https://trading.robinhood.com/api/v1/crypto/trading/accounts/): 200 - {"account_number":"311245509955","status":"active","buying_power":"179.2300","buying_power_currency":"USD"}
2025-03-08 15:31:05,677 [INFO] Buying Power Available: $179.23
2025-03-08 15:31:05,802 [INFO] API Response (GET https://trading.robinhood.com/api/v1/crypto/marketdata/best_bid_ask/?symbol=BTC-USD): 200 - {"results":[{"symbol":"BTC-USD","timestamp":"2025-03-08T21:31:05.837215984Z","price":"86430.95","bid_inclusive_of_sell_spread":"86431.9","sell_spread":"0.00001099","ask_inclusive_of_buy_spread":"86430","buy_spread":"0.00001099"}]}
2025-03-08 15:31:06,483 [INFO] Indicators for BTC-USD (15min) | MACD: 62.4480, Signal: 20.7126, Volume Condition: False (Current: 1.88059974, Avg10: 22.18)
2025-03-08 15:31:06,484 [INFO] BTC-USD (15min) | MACD: 62.4480, Signal: 20.7126, Volume Condition: False, Price: $86430.0
2025-03-08 15:31:06,484 [INFO] [91mBullish MACD crossover or volume condition not met for BTC-USD. No trade executed.[0m
2025-03-08 15:31:06,721 [INFO] API Response (GET https://trading.robinhood.com/api/v1/crypto/trading/accounts/): 200 - {"account_number":"311245509955","status":"active","buying_power":"179.2300","buying_power_currency":"USD"}
2025-03-08 15:31:07,226 [INFO] Buying Power Available: $179.23
2025-03-08 15:31:07,353 [INFO] API Response (GET https://trading.robinhood.com/api/v1/crypto/marketdata/best_bid_ask/?symbol=ETH-USD): 200 - {"results":[{"symbol":"ETH-USD","timestamp":"2025-03-08T21:31:07.38777109Z","price":"2222.28","bid_inclusive_of_sell_spread":"2222.26","sell_spread":"0.000009","ask_inclusive_of_buy_spread":"2222.3","buy_spread":"0.000009"}]}
2025-03-08 15:31:08,025 [INFO] Indicators for ETH-USD (15min) | MACD: 11.4081, Signal: 12.0814, Volume Condition: False (Current: 23.10615344, Avg10: 631.51)
2025-03-08 15:31:08,025 [INFO] ETH-USD (15min) | MACD: 11.4081, Signal: 12.0814, Volume Condition: False, Price: $2222.3
2025-03-08 15:31:08,025 [INFO] [91mBullish MACD crossover or volume condition not met for ETH-USD. No trade executed.[0m
2025-03-08 15:31:08,242 [INFO] API Response (GET https://trading.robinhood.com/api/v1/crypto/trading/accounts/): 200 - {"account_number":"311245509955","status":"active","buying_power":"179.2300","buying_power_currency":"USD"}
2025-03-08 15:31:08,747 [INFO] Buying Power Available: $179.23
2025-03-08 15:31:08,882 [INFO] API Response (GET https://trading.robinhood.com/api/v1/crypto/marketdata/best_bid_ask/?symbol=LTC-USD): 200 - {"results":[{"symbol":"LTC-USD","timestamp":"2025-03-08T21:31:08.910781192Z","price":"104.245","bid_inclusive_of_sell_spread":"104.24","sell_spread":"0.00004796","ask_inclusive_of_buy_spread":"104.25","buy_spread":"0.00004796"}]}
2025-03-08 15:31:09,540 [INFO] Indicators for LTC-USD (15min) | MACD: 0.0241, Signal: -0.0363, Volume Condition: False (Current: 19.37378074, Avg10: 1261.13)
2025-03-08 15:31:09,540 [INFO] LTC-USD (15min) | MACD: 0.0241, Signal: -0.0363, Volume Condition: False, Price: $104.25
2025-03-08 15:31:09,541 [INFO] [91mBullish MACD crossover or volume condition not met for LTC-USD. No trade executed.[0m
2025-03-08 15:31:09,697 [INFO] API Response (GET https://trading.robinhood.com/api/v1/crypto/trading/accounts/): 200 - {"account_number":"311245509955","status":"active","buying_power":"179.2300","buying_power_currency":"USD"}
2025-03-08 15:31:10,198 [INFO] Buying Power Available: $179.23
2025-03-08 15:31:10,350 [INFO] API Response (GET https://trading.robinhood.com/api/v1/crypto/marketdata/best_bid_ask/?symbol=DOGE-USD): 200 - {"results":[{"symbol":"DOGE-USD","timestamp":"2025-03-08T21:31:10.378832187Z","price":"0.1948335","bid_inclusive_of_sell_spread":"0.194857","sell_spread":"0.00012062","ask_inclusive_of_buy_spread":"0.19481","buy_spread":"0.00012062"}]}
2025-03-08 15:31:11,121 [INFO] Indicators for DOGE-USD (15min) | MACD: 0.0001, Signal: -0.0001, Volume Condition: False (Current: 28224.4, Avg10: 1055865.06)
2025-03-08 15:31:11,121 [INFO] DOGE-USD (15min) | MACD: 0.0001, Signal: -0.0001, Volume Condition: False, Price: $0.19481
2025-03-08 15:31:11,122 [INFO] [91mBullish MACD crossover or volume condition not met for DOGE-USD. No trade executed.[0m
2025-03-08 15:31:11,346 [INFO] API Response (GET https://trading.robinhood.com/api/v1/crypto/trading/accounts/): 200 - {"account_number":"311245509955","status":"active","buying_power":"179.2300","buying_power_currency":"USD"}
2025-03-08 15:31:11,851 [INFO] Buying Power Available: $179.23
2025-03-08 15:31:11,975 [INFO] API Response (GET https://trading.robinhood.com/api/v1/crypto/marketdata/best_bid_ask/?symbol=TRUMP-USD): 200 - {"results":[{"symbol":"TRUMP-USD","timestamp":"2025-03-08T21:31:12.008795135Z","price":"12.0652822","bid_inclusive_of_sell_spread":"11.9905644","sell_spread":"0.00619279","ask_inclusive_of_buy_spread":"12.14","buy_spread":"0.00619279"}]}
2025-03-08 15:31:12,656 [INFO] Indicators for TRUMP-USD (15min) | MACD: 0.0104, Signal: 0.0044, Volume Condition: False (Current: 20.696, Avg10: 2904.56)
2025-03-08 15:31:12,657 [INFO] TRUMP-USD (15min) | MACD: 0.0104, Signal: 0.0044, Volume Condition: False, Price: $12.14
2025-03-08 15:31:12,657 [INFO] [91mBullish MACD crossover or volume condition not met for TRUMP-USD. No trade executed.[0m
2025-03-08 15:31:12,757 [INFO] API Response (GET https://trading.robinhood.com/api/v1/crypto/trading/holdings/): 200 - {"next":null,"previous":null,"results":[{"account_number":"311245509955","asset_code":"ADA","total_quantity":"176.470000000000000000","quantity_available_for_trading":"176.470000000000000000"},{"account_number":"311245509955","asset_code":"DOGE","total_quantity":"8959.000000000000000000","quantity_available_for_trading":"8959.000000000000000000"}]}
2025-03-08 15:31:13,263 [INFO] Raw holdings response: {'next': None, 'previous': None, 'results': [{'account_number': '311245509955', 'asset_code': 'ADA', 'total_quantity': '176.470000000000000000', 'quantity_available_for_trading': '176.470000000000000000'}, {'account_number': '311245509955', 'asset_code': 'DOGE', 'total_quantity': '8959.000000000000000000', 'quantity_available_for_trading': '8959.000000000000000000'}]}
2025-03-08 15:31:13,263 [INFO] Parsed holdings: [{'account_number': '311245509955', 'asset_code': 'ADA', 'total_quantity': '176.470000000000000000', 'quantity_available_for_trading': '176.470000000000000000'}, {'account_number': '311245509955', 'asset_code': 'DOGE', 'total_quantity': '8959.000000000000000000', 'quantity_available_for_trading': '8959.000000000000000000'}]
2025-03-08 15:31:13,263 [INFO] Processing holding (type <class 'dict'>): {'account_number': '311245509955', 'asset_code': 'ADA', 'total_quantity': '176.470000000000000000', 'quantity_available_for_trading': '176.470000000000000000'}
2025-03-08 15:31:13,263 [ERROR] No average buy price for ADA-USD; skipping.
2025-03-08 15:31:13,263 [INFO] Processing holding (type <class 'dict'>): {'account_number': '311245509955', 'asset_code': 'DOGE', 'total_quantity': '8959.000000000000000000', 'quantity_available_for_trading': '8959.000000000000000000'}
2025-03-08 15:31:13,263 [ERROR] No average buy price for DOGE-USD; skipping.
2025-03-08 15:31:43,674 [INFO] API Response (GET https://trading.robinhood.com/api/v1/crypto/trading/accounts/): 200 - {"account_number":"311245509955","status":"active","buying_power":"179.2300","buying_power_currency":"USD"}
2025-03-08 15:31:44,180 [INFO] Buying Power Available: $179.23
2025-03-08 15:31:44,307 [INFO] API Response (GET https://trading.robinhood.com/api/v1/crypto/marketdata/best_bid_ask/?symbol=BTC-USD): 200 - {"results":[{"symbol":"BTC-USD","timestamp":"2025-03-08T21:31:44.34151576Z","price":"86457.17","bid_inclusive_of_sell_spread":"86459","sell_spread":"0.00002117","ask_inclusive_of_buy_spread":"86455.34","buy_spread":"0.00002117"}]}
2025-03-08 15:31:45,019 [INFO] Indicators for BTC-USD (15min) | MACD: 64.1209, Signal: 21.0472, Volume Condition: False (Current: 2.57166924, Avg10: 22.18)
2025-03-08 15:31:45,019 [INFO] BTC-USD (15min) | MACD: 64.1209, Signal: 21.0472, Volume Condition: False, Price: $86455.34
2025-03-08 15:31:45,019 [INFO] [91mBullish MACD crossover or volume condition not met for BTC-USD. No trade executed.[0m
2025-03-08 15:31:45,243 [INFO] API Response (GET https://trading.robinhood.com/api/v1/crypto/trading/accounts/): 200 - {"account_number":"311245509955","status":"active","buying_power":"179.2300","buying_power_currency":"USD"}
2025-03-08 15:31:45,749 [INFO] Buying Power Available: $179.23
2025-03-08 15:31:45,873 [INFO] API Response (GET https://trading.robinhood.com/api/v1/crypto/marketdata/best_bid_ask/?symbol=ETH-USD): 200 - {"results":[{"symbol":"ETH-USD","timestamp":"2025-03-08T21:31:45.907470311Z","price":"2223.57","bid_inclusive_of_sell_spread":"2223.7","sell_spread":"0.00005846","ask_inclusive_of_buy_spread":"2223.44","buy_spread":"0.00005846"}]}
2025-03-08 15:31:46,574 [INFO] Indicators for ETH-USD (15min) | MACD: 11.5261, Signal: 12.1050, Volume Condition: False (Current: 27.39747428, Avg10: 631.51)
2025-03-08 15:31:46,575 [INFO] ETH-USD (15min) | MACD: 11.5261, Signal: 12.1050, Volume Condition: False, Price: $2223.44
2025-03-08 15:31:46,575 [INFO] [91mBullish MACD crossover or volume condition not met for ETH-USD. No trade executed.[0m
2025-03-08 15:31:46,793 [INFO] API Response (GET https://trading.robinhood.com/api/v1/crypto/trading/accounts/): 200 - {"account_number":"311245509955","status":"active","buying_power":"179.2300","buying_power_currency":"USD"}
2025-03-08 15:31:47,294 [INFO] Buying Power Available: $179.23
2025-03-08 15:31:47,420 [INFO] API Response (GET https://trading.robinhood.com/api/v1/crypto/marketdata/best_bid_ask/?symbol=LTC-USD): 200 - {"results":[{"symbol":"LTC-USD","timestamp":"2025-03-08T21:31:47.454069622Z","price":"104.25","bid_inclusive_of_sell_spread":"104.25","sell_spread":"0","ask_inclusive_of_buy_spread":"104.25","buy_spread":"0"}]}
2025-03-08 15:31:48,095 [INFO] Indicators for LTC-USD (15min) | MACD: 0.0225, Signal: -0.0366, Volume Condition: False (Current: 63.61768513, Avg10: 1261.13)
2025-03-08 15:31:48,096 [INFO] LTC-USD (15min) | MACD: 0.0225, Signal: -0.0366, Volume Condition: False, Price: $104.25
2025-03-08 15:31:48,096 [INFO] [91mBullish MACD crossover or volume condition not met for LTC-USD. No trade executed.[0m
2025-03-08 15:31:48,316 [INFO] API Response (GET https://trading.robinhood.com/api/v1/crypto/trading/accounts/): 200 - {"account_number":"311245509955","status":"active","buying_power":"179.2300","buying_power_currency":"USD"}
2025-03-08 15:31:48,818 [INFO] Buying Power Available: $179.23
2025-03-08 15:31:48,956 [INFO] API Response (GET https://trading.robinhood.com/api/v1/crypto/marketdata/best_bid_ask/?symbol=DOGE-USD): 200 - {"results":[{"symbol":"DOGE-USD","timestamp":"2025-03-08T21:31:48.982977847Z","price":"0.19507","bid_inclusive_of_sell_spread":"0.19505","sell_spread":"0.00010253","ask_inclusive_of_buy_spread":"0.19509","buy_spread":"0.00010253"}]}
2025-03-08 15:31:49,689 [INFO] Indicators for DOGE-USD (15min) | MACD: 0.0001, Signal: -0.0001, Volume Condition: False (Current: 58422.3, Avg10: 1055865.06)
2025-03-08 15:31:49,689 [INFO] DOGE-USD (15min) | MACD: 0.0001, Signal: -0.0001, Volume Condition: False, Price: $0.19509
2025-03-08 15:31:49,689 [INFO] [91mBullish MACD crossover or volume condition not met for DOGE-USD. No trade executed.[0m
2025-03-08 15:31:49,935 [INFO] API Response (GET https://trading.robinhood.com/api/v1/crypto/trading/accounts/): 200 - {"account_number":"311245509955","status":"active","buying_power":"179.2300","buying_power_currency":"USD"}
2025-03-08 15:31:50,437 [INFO] Buying Power Available: $179.23
2025-03-08 15:31:50,573 [INFO] API Response (GET https://trading.robinhood.com/api/v1/crypto/marketdata/best_bid_ask/?symbol=TRUMP-USD): 200 - {"results":[{"symbol":"TRUMP-USD","timestamp":"2025-03-08T21:31:50.607549852Z","price":"12.0862387","bid_inclusive_of_sell_spread":"12.0124774","sell_spread":"0.00610292","ask_inclusive_of_buy_spread":"12.16","buy_spread":"0.00610292"}]}
2025-03-08 15:31:51,241 [INFO] Indicators for TRUMP-USD (15min) | MACD: 0.0104, Signal: 0.0044, Volume Condition: False (Current: 23.603, Avg10: 2904.56)
2025-03-08 15:31:51,241 [INFO] TRUMP-USD (15min) | MACD: 0.0104, Signal: 0.0044, Volume Condition: False, Price: $12.16
2025-03-08 15:31:51,241 [INFO] [91mBullish MACD crossover or volume condition not met for TRUMP-USD. No trade executed.[0m
2025-03-08 15:31:51,404 [INFO] API Response (GET https://trading.robinhood.com/api/v1/crypto/trading/holdings/): 200 - {"next":null,"previous":null,"results":[{"account_number":"311245509955","asset_code":"ADA","total_quantity":"176.470000000000000000","quantity_available_for_trading":"176.470000000000000000"},{"account_number":"311245509955","asset_code":"DOGE","total_quantity":"8959.000000000000000000","quantity_available_for_trading":"8959.000000000000000000"}]}
2025-03-08 15:31:51,909 [INFO] Raw holdings response: {'next': None, 'previous': None, 'results': [{'account_number': '311245509955', 'asset_code': 'ADA', 'total_quantity': '176.470000000000000000', 'quantity_available_for_trading': '176.470000000000000000'}, {'account_number': '311245509955', 'asset_code': 'DOGE', 'total_quantity': '8959.000000000000000000', 'quantity_available_for_trading': '8959.000000000000000000'}]}
2025-03-08 15:31:51,910 [INFO] Parsed holdings: [{'account_number': '311245509955', 'asset_code': 'ADA', 'total_quantity': '176.470000000000000000', 'quantity_available_for_trading': '176.470000000000000000'}, {'account_number': '311245509955', 'asset_code': 'DOGE', 'total_quantity': '8959.000000000000000000', 'quantity_available_for_trading': '8959.000000000000000000'}]
2025-03-08 15:31:51,910 [INFO] Processing holding (type <class 'dict'>): {'account_number': '311245509955', 'asset_code': 'ADA', 'total_quantity': '176.470000000000000000', 'quantity_available_for_trading': '176.470000000000000000'}
2025-03-08 15:31:51,910 [ERROR] No average buy price for ADA-USD; skipping.
2025-03-08 15:31:51,910 [INFO] Processing holding (type <class 'dict'>): {'account_number': '311245509955', 'asset_code': 'DOGE', 'total_quantity': '8959.000000000000000000', 'quantity_available_for_trading': '8959.000000000000000000'}
2025-03-08 15:31:51,910 [ERROR] No average buy price for DOGE-USD; skipping.
2025-03-08 15:32:22,247 [INFO] API Response (GET https://trading.robinhood.com/api/v1/crypto/trading/accounts/): 200 - {"account_number":"311245509955","status":"active","buying_power":"179.2300","buying_power_currency":"USD"}
2025-03-08 15:32:22,753 [INFO] Buying Power Available: $179.23
2025-03-08 15:32:22,882 [INFO] API Response (GET https://trading.robinhood.com/api/v1/crypto/marketdata/best_bid_ask/?symbol=BTC-USD): 200 - {"results":[{"symbol":"BTC-USD","timestamp":"2025-03-08T21:32:22.915007999Z","price":"86469.13","bid_inclusive_of_sell_spread":"86469.26","sell_spread":"0.0000015","ask_inclusive_of_buy_spread":"86469","buy_spread":"0.0000015"}]}
2025-03-08 15:32:23,813 [INFO] Indicators for BTC-USD (15min) | MACD: 64.9649, Signal: 21.2160, Volume Condition: False (Current: 2.79966613, Avg10: 22.18)
2025-03-08 15:32:23,813 [INFO] BTC-USD (15min) | MACD: 64.9649, Signal: 21.2160, Volume Condition: False, Price: $86469.0
2025-03-08 15:32:23,814 [INFO] [91mBullish MACD crossover or volume condition not met for BTC-USD. No trade executed.[0m
2025-03-08 15:32:24,028 [INFO] API Response (GET https://trading.robinhood.com/api/v1/crypto/trading/accounts/): 200 - {"account_number":"311245509955","status":"active","buying_power":"179.2300","buying_power_currency":"USD"}
2025-03-08 15:32:24,534 [INFO] Buying Power Available: $179.23
2025-03-08 15:32:24,669 [INFO] API Response (GET https://trading.robinhood.com/api/v1/crypto/marketdata/best_bid_ask/?symbol=ETH-USD): 200 - {"results":[{"symbol":"ETH-USD","timestamp":"2025-03-08T21:32:24.695793568Z","price":"2224.13","bid_inclusive_of_sell_spread":"2224.26","sell_spread":"0.00005845","ask_inclusive_of_buy_spread":"2224","buy_spread":"0.00005845"}]}
2025-03-08 15:32:25,326 [INFO] Indicators for ETH-USD (15min) | MACD: 11.5588, Signal: 12.1115, Volume Condition: False (Current: 36.76533482, Avg10: 631.51)
2025-03-08 15:32:25,326 [INFO] ETH-USD (15min) | MACD: 11.5588, Signal: 12.1115, Volume Condition: False, Price: $2224.0
2025-03-08 15:32:25,326 [INFO] [91mBullish MACD crossover or volume condition not met for ETH-USD. No trade executed.[0m
2025-03-08 15:32:25,541 [INFO] API Response (GET https://trading.robinhood.com/api/v1/crypto/trading/accounts/): 200 - {"account_number":"311245509955","status":"active","buying_power":"179.2300","buying_power_currency":"USD"}
2025-03-08 15:32:26,047 [INFO] Buying Power Available: $179.23
2025-03-08 15:32:26,174 [INFO] API Response (GET https://trading.robinhood.com/api/v1/crypto/marketdata/best_bid_ask/?symbol=LTC-USD): 200 - {"results":[{"symbol":"LTC-USD","timestamp":"2025-03-08T21:32:26.20761174Z","price":"104.275","bid_inclusive_of_sell_spread":"104.28","sell_spread":"0.00004795","ask_inclusive_of_buy_spread":"104.27","buy_spread":"0.00004795"}]}
2025-03-08 15:32:26,853 [INFO] Indicators for LTC-USD (15min) | MACD: 0.0225, Signal: -0.0366, Volume Condition: False (Current: 72.48088068, Avg10: 1261.13)
2025-03-08 15:32:26,854 [INFO] LTC-USD (15min) | MACD: 0.0225, Signal: -0.0366, Volume Condition: False, Price: $104.27
2025-03-08 15:32:26,854 [INFO] [91mBullish MACD crossover or volume condition not met for LTC-USD. No trade executed.[0m
2025-03-08 15:32:27,069 [INFO] API Response (GET https://trading.robinhood.com/api/v1/crypto/trading/accounts/): 200 - {"account_number":"311245509955","status":"active","buying_power":"179.2300","buying_power_currency":"USD"}
2025-03-08 15:32:27,575 [INFO] Buying Power Available: $179.23
2025-03-08 15:32:27,641 [INFO] API Response (GET https://trading.robinhood.com/api/v1/crypto/marketdata/best_bid_ask/?symbol=DOGE-USD): 200 - {"results":[{"symbol":"DOGE-USD","timestamp":"2025-03-08T21:32:27.672320577Z","price":"0.19516","bid_inclusive_of_sell_spread":"0.19515","sell_spread":"0.00005124","ask_inclusive_of_buy_spread":"0.19517","buy_spread":"0.00005124"}]}
2025-03-08 15:32:28,299 [INFO] Indicators for DOGE-USD (15min) | MACD: 0.0001, Signal: -0.0001, Volume Condition: False (Current: 73365.4, Avg10: 1055865.06)
2025-03-08 15:32:28,299 [INFO] DOGE-USD (15min) | MACD: 0.0001, Signal: -0.0001, Volume Condition: False, Price: $0.19517
2025-03-08 15:32:28,299 [INFO] [91mBullish MACD crossover or volume condition not met for DOGE-USD. No trade executed.[0m
2025-03-08 15:32:28,629 [INFO] API Response (GET https://trading.robinhood.com/api/v1/crypto/trading/accounts/): 200 - {"account_number":"311245509955","status":"active","buying_power":"179.2300","buying_power_currency":"USD"}
2025-03-08 15:32:29,134 [INFO] Buying Power Available: $179.23
2025-03-08 15:32:29,290 [INFO] API Response (GET https://trading.robinhood.com/api/v1/crypto/marketdata/best_bid_ask/?symbol=TRUMP-USD): 200 - {"results":[{"symbol":"TRUMP-USD","timestamp":"2025-03-08T21:32:29.316036541Z","price":"12.08691855","bid_inclusive_of_sell_spread":"12.0138371","sell_spread":"0.00604633","ask_inclusive_of_buy_spread":"12.16","buy_spread":"0.00604633"}]}
2025-03-08 15:32:30,277 [INFO] Indicators for TRUMP-USD (15min) | MACD: 0.0104, Signal: 0.0044, Volume Condition: False (Current: 23.603, Avg10: 2904.56)
2025-03-08 15:32:30,278 [INFO] TRUMP-USD (15min) | MACD: 0.0104, Signal: 0.0044, Volume Condition: False, Price: $12.16
2025-03-08 15:32:30,278 [INFO] [91mBullish MACD crossover or volume condition not met for TRUMP-USD. No trade executed.[0m
2025-03-08 15:32:30,440 [INFO] API Response (GET https://trading.robinhood.com/api/v1/crypto/trading/holdings/): 200 - {"next":null,"previous":null,"results":[{"account_number":"311245509955","asset_code":"ADA","total_quantity":"176.470000000000000000","quantity_available_for_trading":"176.470000000000000000"},{"account_number":"311245509955","asset_code":"DOGE","total_quantity":"8959.000000000000000000","quantity_available_for_trading":"8959.000000000000000000"}]}
2025-03-08 15:32:30,942 [INFO] Raw holdings response: {'next': None, 'previous': None, 'results': [{'account_number': '311245509955', 'asset_code': 'ADA', 'total_quantity': '176.470000000000000000', 'quantity_available_for_trading': '176.470000000000000000'}, {'account_number': '311245509955', 'asset_code': 'DOGE', 'total_quantity': '8959.000000000000000000', 'quantity_available_for_trading': '8959.000000000000000000'}]}
2025-03-08 15:32:30,943 [INFO] Parsed holdings: [{'account_number': '311245509955', 'asset_code': 'ADA', 'total_quantity': '176.470000000000000000', 'quantity_available_for_trading': '176.470000000000000000'}, {'account_number': '311245509955', 'asset_code': 'DOGE', 'total_quantity': '8959.000000000000000000', 'quantity_available_for_trading': '8959.000000000000000000'}]
2025-03-08 15:32:30,943 [INFO] Processing holding (type <class 'dict'>): {'account_number': '311245509955', 'asset_code': 'ADA', 'total_quantity': '176.470000000000000000', 'quantity_available_for_trading': '176.470000000000000000'}
2025-03-08 15:32:30,943 [ERROR] No average buy price for ADA-USD; skipping.
2025-03-08 15:32:30,944 [INFO] Processing holding (type <class 'dict'>): {'account_number': '311245509955', 'asset_code': 'DOGE', 'total_quantity': '8959.000000000000000000', 'quantity_available_for_trading': '8959.000000000000000000'}
2025-03-08 15:32:30,944 [ERROR] No average buy price for DOGE-USD; skipping.
2025-03-08 15:33:01,398 [INFO] API Response (GET https://trading.robinhood.com/api/v1/crypto/trading/accounts/): 200 - {"account_number":"311245509955","status":"active","buying_power":"179.2300","buying_power_currency":"USD"}
2025-03-08 15:33:01,901 [INFO] Buying Power Available: $179.23
2025-03-08 15:33:01,970 [INFO] API Response (GET https://trading.robinhood.com/api/v1/crypto/marketdata/best_bid_ask/?symbol=BTC-USD): 200 - {"results":[{"symbol":"BTC-USD","timestamp":"2025-03-08T21:33:02.003364343Z","price":"86472.05","bid_inclusive_of_sell_spread":"86475.1","sell_spread":"0.00003527","ask_inclusive_of_buy_spread":"86469","buy_spread":"0.00003527"}]}
2025-03-08 15:33:02,612 [INFO] Indicators for BTC-USD (15min) | MACD: 64.5963, Signal: 21.1423, Volume Condition: False (Current: 3.11753117, Avg10: 22.18)
2025-03-08 15:33:02,612 [INFO] BTC-USD (15min) | MACD: 64.5963, Signal: 21.1423, Volume Condition: False, Price: $86469.0
2025-03-08 15:33:02,612 [INFO] [91mBullish MACD crossover or volume condition not met for BTC-USD. No trade executed.[0m
2025-03-08 15:33:02,935 [INFO] API Response (GET https://trading.robinhood.com/api/v1/crypto/trading/accounts/): 200 - {"account_number":"311245509955","status":"active","buying_power":"179.2300","buying_power_currency":"USD"}
2025-03-08 15:33:03,438 [INFO] Buying Power Available: $179.23
2025-03-08 15:33:03,567 [INFO] API Response (GET https://trading.robinhood.com/api/v1/crypto/marketdata/best_bid_ask/?symbol=ETH-USD): 200 - {"results":[{"symbol":"ETH-USD","timestamp":"2025-03-08T21:33:03.60186263Z","price":"2223.765","bid_inclusive_of_sell_spread":"2223.93","sell_spread":"0.0000742","ask_inclusive_of_buy_spread":"2223.6","buy_spread":"0.0000742"}]}
2025-03-08 15:33:04,243 [INFO] Indicators for ETH-USD (15min) | MACD: 11.4950, Signal: 12.0988, Volume Condition: False (Current: 41.17188517, Avg10: 631.51)
2025-03-08 15:33:04,244 [INFO] ETH-USD (15min) | MACD: 11.4950, Signal: 12.0988, Volume Condition: False, Price: $2223.6
2025-03-08 15:33:04,244 [INFO] [91mBullish MACD crossover or volume condition not met for ETH-USD. No trade executed.[0m
2025-03-08 15:33:04,461 [INFO] API Response (GET https://trading.robinhood.com/api/v1/crypto/trading/accounts/): 200 - {"account_number":"311245509955","status":"active","buying_power":"179.2300","buying_power_currency":"USD"}
2025-03-08 15:33:04,966 [INFO] Buying Power Available: $179.23
2025-03-08 15:33:05,095 [INFO] API Response (GET https://trading.robinhood.com/api/v1/crypto/marketdata/best_bid_ask/?symbol=LTC-USD): 200 - {"results":[{"symbol":"LTC-USD","timestamp":"2025-03-08T21:33:05.130047574Z","price":"104.365","bid_inclusive_of_sell_spread":"104.35","sell_spread":"0.00014373","ask_inclusive_of_buy_spread":"104.38","buy_spread":"0.00014373"}]}
2025-03-08 15:33:06,059 [INFO] Indicators for LTC-USD (15min) | MACD: 0.0257, Signal: -0.0360, Volume Condition: False (Current: 77.1197224, Avg10: 1261.13)
2025-03-08 15:33:06,059 [INFO] LTC-USD (15min) | MACD: 0.0257, Signal: -0.0360, Volume Condition: False, Price: $104.38
2025-03-08 15:33:06,059 [INFO] [91mBullish MACD crossover or volume condition not met for LTC-USD. No trade executed.[0m
2025-03-08 15:33:06,271 [INFO] API Response (GET https://trading.robinhood.com/api/v1/crypto/trading/accounts/): 200 - {"account_number":"311245509955","status":"active","buying_power":"179.2300","buying_power_currency":"USD"}
2025-03-08 15:33:06,775 [INFO] Buying Power Available: $179.23
2025-03-08 15:33:06,900 [INFO] API Response (GET https://trading.robinhood.com/api/v1/crypto/marketdata/best_bid_ask/?symbol=DOGE-USD): 200 - {"results":[{"symbol":"DOGE-USD","timestamp":"2025-03-08T21:33:06.934112183Z","price":"0.19516","bid_inclusive_of_sell_spread":"0.19514","sell_spread":"0.00010248","ask_inclusive_of_buy_spread":"0.19518","buy_spread":"0.00010248"}]}
2025-03-08 15:33:07,555 [INFO] Indicators for DOGE-USD (15min) | MACD: 0.0001, Signal: -0.0001, Volume Condition: False (Current: 105464.0, Avg10: 1055865.06)
2025-03-08 15:33:07,555 [INFO] DOGE-USD (15min) | MACD: 0.0001, Signal: -0.0001, Volume Condition: False, Price: $0.19518
2025-03-08 15:33:07,555 [INFO] [91mBullish MACD crossover or volume condition not met for DOGE-USD. No trade executed.[0m
2025-03-08 15:33:07,769 [INFO] API Response (GET https://trading.robinhood.com/api/v1/crypto/trading/accounts/): 200 - {"account_number":"311245509955","status":"active","buying_power":"179.2300","buying_power_currency":"USD"}
2025-03-08 15:33:08,272 [INFO] Buying Power Available: $179.23
2025-03-08 15:33:08,402 [INFO] API Response (GET https://trading.robinhood.com/api/v1/crypto/marketdata/best_bid_ask/?symbol=TRUMP-USD): 200 - {"results":[{"symbol":"TRUMP-USD","timestamp":"2025-03-08T21:33:08.430630664Z","price":"12.0876369","bid_inclusive_of_sell_spread":"12.0152738","sell_spread":"0.00598654","ask_inclusive_of_buy_spread":"12.16","buy_spread":"0.00598654"}]}
2025-03-08 15:33:09,075 [INFO] Indicators for TRUMP-USD (15min) | MACD: 0.0104, Signal: 0.0044, Volume Condition: False (Current: 24.761, Avg10: 2904.56)
2025-03-08 15:33:09,075 [INFO] TRUMP-USD (15min) | MACD: 0.0104, Signal: 0.0044, Volume Condition: False, Price: $12.16
2025-03-08 15:33:09,075 [INFO] [91mBullish MACD crossover or volume condition not met for TRUMP-USD. No trade executed.[0m
2025-03-08 15:33:09,241 [INFO] API Response (GET https://trading.robinhood.com/api/v1/crypto/trading/holdings/): 200 - {"next":null,"previous":null,"results":[{"account_number":"311245509955","asset_code":"ADA","total_quantity":"176.470000000000000000","quantity_available_for_trading":"176.470000000000000000"},{"account_number":"311245509955","asset_code":"DOGE","total_quantity":"8959.000000000000000000","quantity_available_for_trading":"8959.000000000000000000"}]}
2025-03-08 15:33:09,746 [INFO] Raw holdings response: {'next': None, 'previous': None, 'results': [{'account_number': '311245509955', 'asset_code': 'ADA', 'total_quantity': '176.470000000000000000', 'quantity_available_for_trading': '176.470000000000000000'}, {'account_number': '311245509955', 'asset_code': 'DOGE', 'total_quantity': '8959.000000000000000000', 'quantity_available_for_trading': '8959.000000000000000000'}]}
2025-03-08 15:33:09,747 [INFO] Parsed holdings: [{'account_number': '311245509955', 'asset_code': 'ADA', 'total_quantity': '176.470000000000000000', 'quantity_available_for_trading': '176.470000000000000000'}, {'account_number': '311245509955', 'asset_code': 'DOGE', 'total_quantity': '8959.000000000000000000', 'quantity_available_for_trading': '8959.000000000000000000'}]
2025-03-08 15:33:09,747 [INFO] Processing holding (type <class 'dict'>): {'account_number': '311245509955', 'asset_code': 'ADA', 'total_quantity': '176.470000000000000000', 'quantity_available_for_trading': '176.470000000000000000'}
2025-03-08 15:33:09,747 [ERROR] No average buy price for ADA-USD; skipping.
2025-03-08 15:33:09,747 [INFO] Processing holding (type <class 'dict'>): {'account_number': '311245509955', 'asset_code': 'DOGE', 'total_quantity': '8959.000000000000000000', 'quantity_available_for_trading': '8959.000000000000000000'}
2025-03-08 15:33:09,748 [ERROR] No average buy price for DOGE-USD; skipping.
2025-03-08 15:33:40,113 [INFO] API Response (GET https://trading.robinhood.com/api/v1/crypto/trading/accounts/): 200 - {"account_number":"311245509955","status":"active","buying_power":"179.2300","buying_power_currency":"USD"}
2025-03-08 15:33:40,620 [INFO] Buying Power Available: $179.23
2025-03-08 15:33:40,748 [INFO] API Response (GET https://trading.robinhood.com/api/v1/crypto/marketdata/best_bid_ask/?symbol=BTC-USD): 200 - {"results":[{"symbol":"BTC-USD","timestamp":"2025-03-08T21:33:40.780831731Z","price":"86472.55","bid_inclusive_of_sell_spread":"86476.1","sell_spread":"0.00004105","ask_inclusive_of_buy_spread":"86469","buy_spread":"0.00004105"}]}
2025-03-08 15:33:41,753 [INFO] Indicators for BTC-USD (15min) | MACD: 65.3876, Signal: 21.3006, Volume Condition: False (Current: 4.79085969, Avg10: 22.18)
2025-03-08 15:33:41,753 [INFO] BTC-USD (15min) | MACD: 65.3876, Signal: 21.3006, Volume Condition: False, Price: $86469.0
2025-03-08 15:33:41,753 [INFO] [91mBullish MACD crossover or volume condition not met for BTC-USD. No trade executed.[0m
2025-03-08 15:33:41,963 [INFO] API Response (GET https://trading.robinhood.com/api/v1/crypto/trading/accounts/): 200 - {"account_number":"311245509955","status":"active","buying_power":"179.2300","buying_power_currency":"USD"}
2025-03-08 15:33:42,469 [INFO] Buying Power Available: $179.23
2025-03-08 15:33:42,601 [INFO] API Response (GET https://trading.robinhood.com/api/v1/crypto/marketdata/best_bid_ask/?symbol=ETH-USD): 200 - {"results":[{"symbol":"ETH-USD","timestamp":"2025-03-08T21:33:42.63144526Z","price":"2222.755","bid_inclusive_of_sell_spread":"2222.75","sell_spread":"0.00000225","ask_inclusive_of_buy_spread":"2222.76","buy_spread":"0.00000225"}]}
2025-03-08 15:33:43,256 [INFO] Indicators for ETH-USD (15min) | MACD: 11.4408, Signal: 12.0879, Volume Condition: False (Current: 62.49236414, Avg10: 631.51)
2025-03-08 15:33:43,256 [INFO] ETH-USD (15min) | MACD: 11.4408, Signal: 12.0879, Volume Condition: False, Price: $2222.76
2025-03-08 15:33:43,256 [INFO] [91mBullish MACD crossover or volume condition not met for ETH-USD. No trade executed.[0m
2025-03-08 15:33:43,472 [INFO] API Response (GET https://trading.robinhood.com/api/v1/crypto/trading/accounts/): 200 - {"account_number":"311245509955","status":"active","buying_power":"179.2300","buying_power_currency":"USD"}
2025-03-08 15:33:43,975 [INFO] Buying Power Available: $179.23
2025-03-08 15:33:44,100 [INFO] API Response (GET https://trading.robinhood.com/api/v1/crypto/marketdata/best_bid_ask/?symbol=LTC-USD): 200 - {"results":[{"symbol":"LTC-USD","timestamp":"2025-03-08T21:33:44.135267942Z","price":"104.31","bid_inclusive_of_sell_spread":"104.3","sell_spread":"0.00009587","ask_inclusive_of_buy_spread":"104.32","buy_spread":"0.00009587"}]}
2025-03-08 15:33:44,795 [INFO] Indicators for LTC-USD (15min) | MACD: 0.0225, Signal: -0.0366, Volume Condition: False (Current: 93.43083125, Avg10: 1261.13)
2025-03-08 15:33:44,795 [INFO] LTC-USD (15min) | MACD: 0.0225, Signal: -0.0366, Volume Condition: False, Price: $104.32
2025-03-08 15:33:44,795 [INFO] [91mBullish MACD crossover or volume condition not met for LTC-USD. No trade executed.[0m
2025-03-08 15:33:44,950 [INFO] API Response (GET https://trading.robinhood.com/api/v1/crypto/trading/accounts/): 200 - {"account_number":"311245509955","status":"active","buying_power":"179.2300","buying_power_currency":"USD"}
2025-03-08 15:33:45,456 [INFO] Buying Power Available: $179.23
2025-03-08 15:33:45,579 [INFO] API Response (GET https://trading.robinhood.com/api/v1/crypto/marketdata/best_bid_ask/?symbol=DOGE-USD): 200 - {"results":[{"symbol":"DOGE-USD","timestamp":"2025-03-08T21:33:45.613341329Z","price":"0.195045","bid_inclusive_of_sell_spread":"0.19502","sell_spread":"0.00012818","ask_inclusive_of_buy_spread":"0.19507","buy_spread":"0.00012818"}]}
2025-03-08 15:33:46,266 [INFO] Indicators for DOGE-USD (15min) | MACD: 0.0001, Signal: -0.0001, Volume Condition: False (Current: 150698.5, Avg10: 1055865.06)
2025-03-08 15:33:46,266 [INFO] DOGE-USD (15min) | MACD: 0.0001, Signal: -0.0001, Volume Condition: False, Price: $0.19507
2025-03-08 15:33:46,266 [INFO] [91mBullish MACD crossover or volume condition not met for DOGE-USD. No trade executed.[0m
2025-03-08 15:33:46,481 [INFO] API Response (GET https://trading.robinhood.com/api/v1/crypto/trading/accounts/): 200 - {"account_number":"311245509955","status":"active","buying_power":"179.2300","buying_power_currency":"USD"}
2025-03-08 15:33:46,986 [INFO] Buying Power Available: $179.23
2025-03-08 15:33:47,117 [INFO] API Response (GET https://trading.robinhood.com/api/v1/crypto/marketdata/best_bid_ask/?symbol=TRUMP-USD): 200 - {"results":[{"symbol":"TRUMP-USD","timestamp":"2025-03-08T21:33:47.148059122Z","price":"12.0782057","bid_inclusive_of_sell_spread":"12.0064114","sell_spread":"0.00594412","ask_inclusive_of_buy_spread":"12.15","buy_spread":"0.00594412"}]}
2025-03-08 15:33:47,860 [INFO] Indicators for TRUMP-USD (15min) | MACD: 0.0104, Signal: 0.0044, Volume Condition: False (Current: 32.531, Avg10: 2904.56)
2025-03-08 15:33:47,860 [INFO] TRUMP-USD (15min) | MACD: 0.0104, Signal: 0.0044, Volume Condition: False, Price: $12.15
2025-03-08 15:33:47,860 [INFO] [91mBullish MACD crossover or volume condition not met for TRUMP-USD. No trade executed.[0m
2025-03-08 15:33:48,032 [INFO] API Response (GET https://trading.robinhood.com/api/v1/crypto/trading/holdings/): 200 - {"next":null,"previous":null,"results":[{"account_number":"311245509955","asset_code":"ADA","total_quantity":"176.470000000000000000","quantity_available_for_trading":"176.470000000000000000"},{"account_number":"311245509955","asset_code":"DOGE","total_quantity":"8959.000000000000000000","quantity_available_for_trading":"8959.000000000000000000"}]}
2025-03-08 15:33:48,537 [INFO] Raw holdings response: {'next': None, 'previous': None, 'results': [{'account_number': '311245509955', 'asset_code': 'ADA', 'total_quantity': '176.470000000000000000', 'quantity_available_for_trading': '176.470000000000000000'}, {'account_number': '311245509955', 'asset_code': 'DOGE', 'total_quantity': '8959.000000000000000000', 'quantity_available_for_trading': '8959.000000000000000000'}]}
2025-03-08 15:33:48,538 [INFO] Parsed holdings: [{'account_number': '311245509955', 'asset_code': 'ADA', 'total_quantity': '176.470000000000000000', 'quantity_available_for_trading': '176.470000000000000000'}, {'account_number': '311245509955', 'asset_code': 'DOGE', 'total_quantity': '8959.000000000000000000', 'quantity_available_for_trading': '8959.000000000000000000'}]
2025-03-08 15:33:48,538 [INFO] Processing holding (type <class 'dict'>): {'account_number': '311245509955', 'asset_code': 'ADA', 'total_quantity': '176.470000000000000000', 'quantity_available_for_trading': '176.470000000000000000'}
2025-03-08 15:33:48,538 [ERROR] No average buy price for ADA-USD; skipping.
2025-03-08 15:33:48,538 [INFO] Processing holding (type <class 'dict'>): {'account_number': '311245509955', 'asset_code': 'DOGE', 'total_quantity': '8959.000000000000000000', 'quantity_available_for_trading': '8959.000000000000000000'}
2025-03-08 15:33:48,538 [ERROR] No average buy price for DOGE-USD; skipping.
2025-03-08 15:34:18,884 [INFO] API Response (GET https://trading.robinhood.com/api/v1/crypto/trading/accounts/): 200 - {"account_number":"311245509955","status":"active","buying_power":"179.2300","buying_power_currency":"USD"}
2025-03-08 15:34:19,386 [INFO] Buying Power Available: $179.23
2025-03-08 15:34:19,516 [INFO] API Response (GET https://trading.robinhood.com/api/v1/crypto/marketdata/best_bid_ask/?symbol=BTC-USD): 200 - {"results":[{"symbol":"BTC-USD","timestamp":"2025-03-08T21:34:19.548156837Z","price":"86454.955","bid_inclusive_of_sell_spread":"86462","sell_spread":"0.00008149","ask_inclusive_of_buy_spread":"86447.91","buy_spread":"0.00008149"}]}
2025-03-08 15:34:20,218 [INFO] Indicators for BTC-USD (15min) | MACD: 64.4447, Signal: 21.1120, Volume Condition: False (Current: 5.23581769, Avg10: 22.18)
2025-03-08 15:34:20,218 [INFO] BTC-USD (15min) | MACD: 64.4447, Signal: 21.1120, Volume Condition: False, Price: $86447.91
2025-03-08 15:34:20,218 [INFO] [91mBullish MACD crossover or volume condition not met for BTC-USD. No trade executed.[0m
2025-03-08 15:34:20,437 [INFO] API Response (GET https://trading.robinhood.com/api/v1/crypto/trading/accounts/): 200 - {"account_number":"311245509955","status":"active","buying_power":"179.2300","buying_power_currency":"USD"}
2025-03-08 15:34:20,938 [INFO] Buying Power Available: $179.23
2025-03-08 15:34:21,088 [INFO] API Response (GET https://trading.robinhood.com/api/v1/crypto/marketdata/best_bid_ask/?symbol=ETH-USD): 200 - {"results":[{"symbol":"ETH-USD","timestamp":"2025-03-08T21:34:21.120154434Z","price":"2221.915","bid_inclusive_of_sell_spread":"2221.93","sell_spread":"0.00000675","ask_inclusive_of_buy_spread":"2221.9","buy_spread":"0.00000675"}]}
2025-03-08 15:34:21,760 [INFO] Indicators for ETH-USD (15min) | MACD: 11.4168, Signal: 12.0831, Volume Condition: False (Current: 64.93347272, Avg10: 631.51)
2025-03-08 15:34:21,760 [INFO] ETH-USD (15min) | MACD: 11.4168, Signal: 12.0831, Volume Condition: False, Price: $2221.9
2025-03-08 15:34:21,760 [INFO] [91mBullish MACD crossover or volume condition not met for ETH-USD. No trade executed.[0m
2025-03-08 15:34:21,991 [INFO] API Response (GET https://trading.robinhood.com/api/v1/crypto/trading/accounts/): 200 - {"account_number":"311245509955","status":"active","buying_power":"179.2300","buying_power_currency":"USD"}
2025-03-08 15:34:22,496 [INFO] Buying Power Available: $179.23
2025-03-08 15:34:22,560 [INFO] API Response (GET https://trading.robinhood.com/api/v1/crypto/marketdata/best_bid_ask/?symbol=LTC-USD): 200 - {"results":[{"symbol":"LTC-USD","timestamp":"2025-03-08T21:34:22.594464219Z","price":"104.275","bid_inclusive_of_sell_spread":"104.27","sell_spread":"0.00004795","ask_inclusive_of_buy_spread":"104.28","buy_spread":"0.00004795"}]}
2025-03-08 15:34:23,225 [INFO] Indicators for LTC-USD (15min) | MACD: 0.0217, Signal: -0.0368, Volume Condition: False (Current: 103.04796065, Avg10: 1261.13)
2025-03-08 15:34:23,225 [INFO] LTC-USD (15min) | MACD: 0.0217, Signal: -0.0368, Volume Condition: False, Price: $104.28
2025-03-08 15:34:23,225 [INFO] [91mBullish MACD crossover or volume condition not met for LTC-USD. No trade executed.[0m
2025-03-08 15:34:23,443 [INFO] API Response (GET https://trading.robinhood.com/api/v1/crypto/trading/accounts/): 200 - {"account_number":"311245509955","status":"active","buying_power":"179.2300","buying_power_currency":"USD"}
2025-03-08 15:34:23,946 [INFO] Buying Power Available: $179.23
2025-03-08 15:34:24,073 [INFO] API Response (GET https://trading.robinhood.com/api/v1/crypto/marketdata/best_bid_ask/?symbol=DOGE-USD): 200 - {"results":[{"symbol":"DOGE-USD","timestamp":"2025-03-08T21:34:24.107530476Z","price":"0.19498","bid_inclusive_of_sell_spread":"0.19495","sell_spread":"0.00015386","ask_inclusive_of_buy_spread":"0.19501","buy_spread":"0.00015386"}]}
2025-03-08 15:34:24,809 [INFO] Indicators for DOGE-USD (15min) | MACD: 0.0001, Signal: -0.0001, Volume Condition: False (Current: 152043.4, Avg10: 1055865.06)
2025-03-08 15:34:24,809 [INFO] DOGE-USD (15min) | MACD: 0.0001, Signal: -0.0001, Volume Condition: False, Price: $0.19501
2025-03-08 15:34:24,809 [INFO] [91mBullish MACD crossover or volume condition not met for DOGE-USD. No trade executed.[0m
2025-03-08 15:34:24,961 [INFO] API Response (GET https://trading.robinhood.com/api/v1/crypto/trading/accounts/): 200 - {"account_number":"311245509955","status":"active","buying_power":"179.2300","buying_power_currency":"USD"}
2025-03-08 15:34:25,466 [INFO] Buying Power Available: $179.23
2025-03-08 15:34:25,590 [INFO] API Response (GET https://trading.robinhood.com/api/v1/crypto/marketdata/best_bid_ask/?symbol=TRUMP-USD): 200 - {"results":[{"symbol":"TRUMP-USD","timestamp":"2025-03-08T21:34:25.624943351Z","price":"12.09498865","bid_inclusive_of_sell_spread":"12.0199773","sell_spread":"0.00620185","ask_inclusive_of_buy_spread":"12.17","buy_spread":"0.00620185"}]}
2025-03-08 15:34:26,260 [INFO] Indicators for TRUMP-USD (15min) | MACD: 0.0096, Signal: 0.0042, Volume Condition: False (Current: 44.093, Avg10: 2904.56)
2025-03-08 15:34:26,260 [INFO] TRUMP-USD (15min) | MACD: 0.0096, Signal: 0.0042, Volume Condition: False, Price: $12.17
2025-03-08 15:34:26,260 [INFO] [91mBullish MACD crossover or volume condition not met for TRUMP-USD. No trade executed.[0m
2025-03-08 15:34:26,461 [INFO] API Response (GET https://trading.robinhood.com/api/v1/crypto/trading/holdings/): 200 - {"next":null,"previous":null,"results":[{"account_number":"311245509955","asset_code":"ADA","total_quantity":"176.470000000000000000","quantity_available_for_trading":"176.470000000000000000"},{"account_number":"311245509955","asset_code":"DOGE","total_quantity":"8959.000000000000000000","quantity_available_for_trading":"8959.000000000000000000"}]}
2025-03-08 15:34:26,963 [INFO] Raw holdings response: {'next': None, 'previous': None, 'results': [{'account_number': '311245509955', 'asset_code': 'ADA', 'total_quantity': '176.470000000000000000', 'quantity_available_for_trading': '176.470000000000000000'}, {'account_number': '311245509955', 'asset_code': 'DOGE', 'total_quantity': '8959.000000000000000000', 'quantity_available_for_trading': '8959.000000000000000000'}]}
2025-03-08 15:34:26,963 [INFO] Parsed holdings: [{'account_number': '311245509955', 'asset_code': 'ADA', 'total_quantity': '176.470000000000000000', 'quantity_available_for_trading': '176.470000000000000000'}, {'account_number': '311245509955', 'asset_code': 'DOGE', 'total_quantity': '8959.000000000000000000', 'quantity_available_for_trading': '8959.000000000000000000'}]
2025-03-08 15:34:26,964 [INFO] Processing holding (type <class 'dict'>): {'account_number': '311245509955', 'asset_code': 'ADA', 'total_quantity': '176.470000000000000000', 'quantity_available_for_trading': '176.470000000000000000'}
2025-03-08 15:34:26,964 [ERROR] No average buy price for ADA-USD; skipping.
2025-03-08 15:34:26,964 [INFO] Processing holding (type <class 'dict'>): {'account_number': '311245509955', 'asset_code': 'DOGE', 'total_quantity': '8959.000000000000000000', 'quantity_available_for_trading': '8959.000000000000000000'}
2025-03-08 15:34:26,964 [ERROR] No average buy price for DOGE-USD; skipping.
2025-03-08 15:34:57,417 [INFO] API Response (GET https://trading.robinhood.com/api/v1/crypto/trading/accounts/): 200 - {"account_number":"311245509955","status":"active","buying_power":"179.2300","buying_power_currency":"USD"}
2025-03-08 15:34:57,920 [INFO] Buying Power Available: $179.23
2025-03-08 15:34:58,049 [INFO] API Response (GET https://trading.robinhood.com/api/v1/crypto/marketdata/best_bid_ask/?symbol=BTC-USD): 200 - {"results":[{"symbol":"BTC-USD","timestamp":"2025-03-08T21:34:58.083567342Z","price":"86417.095","bid_inclusive_of_sell_spread":"86417.09","sell_spread":"0.00000006","ask_inclusive_of_buy_spread":"86417.1","buy_spread":"0.00000006"}]}
2025-03-08 15:34:58,732 [INFO] Indicators for BTC-USD (15min) | MACD: 60.6396, Signal: 20.3509, Volume Condition: False (Current: 5.90684373, Avg10: 22.18)
2025-03-08 15:34:58,733 [INFO] BTC-USD (15min) | MACD: 60.6396, Signal: 20.3509, Volume Condition: False, Price: $86417.1
2025-03-08 15:34:58,733 [INFO] [91mBullish MACD crossover or volume condition not met for BTC-USD. No trade executed.[0m
2025-03-08 15:34:58,959 [INFO] API Response (GET https://trading.robinhood.com/api/v1/crypto/trading/accounts/): 200 - {"account_number":"311245509955","status":"active","buying_power":"179.2300","buying_power_currency":"USD"}
2025-03-08 15:34:59,461 [INFO] Buying Power Available: $179.23
2025-03-08 15:34:59,594 [INFO] API Response (GET https://trading.robinhood.com/api/v1/crypto/marketdata/best_bid_ask/?symbol=ETH-USD): 200 - {"results":[{"symbol":"ETH-USD","timestamp":"2025-03-08T21:34:59.628108318Z","price":"2221.62","bid_inclusive_of_sell_spread":"2221.64","sell_spread":"0.000009","ask_inclusive_of_buy_spread":"2221.6","buy_spread":"0.000009"}]}
2025-03-08 15:35:00,271 [INFO] Indicators for ETH-USD (15min) | MACD: 11.3052, Signal: 12.0608, Volume Condition: False (Current: 71.34665867, Avg10: 631.51)
2025-03-08 15:35:00,271 [INFO] ETH-USD (15min) | MACD: 11.3052, Signal: 12.0608, Volume Condition: False, Price: $2221.6
2025-03-08 15:35:00,271 [INFO] [91mBullish MACD crossover or volume condition not met for ETH-USD. No trade executed.[0m
2025-03-08 15:35:00,499 [INFO] API Response (GET https://trading.robinhood.com/api/v1/crypto/trading/accounts/): 200 - {"account_number":"311245509955","status":"active","buying_power":"179.2300","buying_power_currency":"USD"}
2025-03-08 15:35:01,005 [INFO] Buying Power Available: $179.23
2025-03-08 15:35:01,129 [INFO] API Response (GET https://trading.robinhood.com/api/v1/crypto/marketdata/best_bid_ask/?symbol=LTC-USD): 200 - {"results":[{"symbol":"LTC-USD","timestamp":"2025-03-08T21:35:01.162329233Z","price":"104.155","bid_inclusive_of_sell_spread":"104.15","sell_spread":"0.00004801","ask_inclusive_of_buy_spread":"104.16","buy_spread":"0.00004801"}]}
2025-03-08 15:35:01,894 [INFO] Indicators for LTC-USD (15min) | MACD: 0.0129, Signal: -0.0385, Volume Condition: False (Current: 112.00649321, Avg10: 1261.13)
2025-03-08 15:35:01,895 [INFO] LTC-USD (15min) | MACD: 0.0129, Signal: -0.0385, Volume Condition: False, Price: $104.16
2025-03-08 15:35:01,895 [INFO] [91mBullish MACD crossover or volume condition not met for LTC-USD. No trade executed.[0m
2025-03-08 15:35:02,124 [INFO] API Response (GET https://trading.robinhood.com/api/v1/crypto/trading/accounts/): 200 - {"account_number":"311245509955","status":"active","buying_power":"179.2300","buying_power_currency":"USD"}
2025-03-08 15:35:02,625 [INFO] Buying Power Available: $179.23
2025-03-08 15:35:02,761 [INFO] API Response (GET https://trading.robinhood.com/api/v1/crypto/marketdata/best_bid_ask/?symbol=DOGE-USD): 200 - {"results":[{"symbol":"DOGE-USD","timestamp":"2025-03-08T21:35:02.785364818Z","price":"0.194895","bid_inclusive_of_sell_spread":"0.19487","sell_spread":"0.00012827","ask_inclusive_of_buy_spread":"0.19492","buy_spread":"0.00012827"}]}
2025-03-08 15:35:03,482 [INFO] Indicators for DOGE-USD (15min) | MACD: 0.0001, Signal: -0.0001, Volume Condition: False (Current: 153520.2, Avg10: 1055865.06)
2025-03-08 15:35:03,482 [INFO] DOGE-USD (15min) | MACD: 0.0001, Signal: -0.0001, Volume Condition: False, Price: $0.19492
2025-03-08 15:35:03,482 [INFO] [91mBullish MACD crossover or volume condition not met for DOGE-USD. No trade executed.[0m
2025-03-08 15:35:03,696 [INFO] API Response (GET https://trading.robinhood.com/api/v1/crypto/trading/accounts/): 200 - {"account_number":"311245509955","status":"active","buying_power":"179.2300","buying_power_currency":"USD"}
2025-03-08 15:35:04,202 [INFO] Buying Power Available: $179.23
2025-03-08 15:35:04,328 [INFO] API Response (GET https://trading.robinhood.com/api/v1/crypto/marketdata/best_bid_ask/?symbol=TRUMP-USD): 200 - {"results":[{"symbol":"TRUMP-USD","timestamp":"2025-03-08T21:35:04.362920269Z","price":"12.087795","bid_inclusive_of_sell_spread":"12.01559","sell_spread":"0.00597338","ask_inclusive_of_buy_spread":"12.16","buy_spread":"0.00597338"}]}
2025-03-08 15:35:05,118 [INFO] Indicators for TRUMP-USD (15min) | MACD: 0.0104, Signal: 0.0044, Volume Condition: False (Current: 2099.686, Avg10: 2904.56)
2025-03-08 15:35:05,118 [INFO] TRUMP-USD (15min) | MACD: 0.0104, Signal: 0.0044, Volume Condition: False, Price: $12.16
2025-03-08 15:35:05,118 [INFO] [91mBullish MACD crossover or volume condition not met for TRUMP-USD. No trade executed.[0m
2025-03-08 15:35:05,308 [INFO] API Response (GET https://trading.robinhood.com/api/v1/crypto/trading/holdings/): 200 - {"next":null,"previous":null,"results":[{"account_number":"311245509955","asset_code":"ADA","total_quantity":"176.470000000000000000","quantity_available_for_trading":"176.470000000000000000"},{"account_number":"311245509955","asset_code":"DOGE","total_quantity":"8959.000000000000000000","quantity_available_for_trading":"8959.000000000000000000"}]}
2025-03-08 15:35:05,812 [INFO] Raw holdings response: {'next': None, 'previous': None, 'results': [{'account_number': '311245509955', 'asset_code': 'ADA', 'total_quantity': '176.470000000000000000', 'quantity_available_for_trading': '176.470000000000000000'}, {'account_number': '311245509955', 'asset_code': 'DOGE', 'total_quantity': '8959.000000000000000000', 'quantity_available_for_trading': '8959.000000000000000000'}]}
2025-03-08 15:35:05,813 [INFO] Parsed holdings: [{'account_number': '311245509955', 'asset_code': 'ADA', 'total_quantity': '176.470000000000000000', 'quantity_available_for_trading': '176.470000000000000000'}, {'account_number': '311245509955', 'asset_code': 'DOGE', 'total_quantity': '8959.000000000000000000', 'quantity_available_for_trading': '8959.000000000000000000'}]
2025-03-08 15:35:05,813 [INFO] Processing holding (type <class 'dict'>): {'account_number': '311245509955', 'asset_code': 'ADA', 'total_quantity': '176.470000000000000000', 'quantity_available_for_trading': '176.470000000000000000'}
2025-03-08 15:35:05,813 [ERROR] No average buy price for ADA-USD; skipping.
2025-03-08 15:35:05,813 [INFO] Processing holding (type <class 'dict'>): {'account_number': '311245509955', 'asset_code': 'DOGE', 'total_quantity': '8959.000000000000000000', 'quantity_available_for_trading': '8959.000000000000000000'}
2025-03-08 15:35:05,814 [ERROR] No average buy price for DOGE-USD; skipping.
2025-03-08 15:35:36,109 [INFO] API Response (GET https://trading.robinhood.com/api/v1/crypto/trading/accounts/): 200 - {"account_number":"311245509955","status":"active","buying_power":"179.2300","buying_power_currency":"USD"}
2025-03-08 15:35:36,613 [INFO] Buying Power Available: $179.23
2025-03-08 15:35:36,739 [INFO] API Response (GET https://trading.robinhood.com/api/v1/crypto/marketdata/best_bid_ask/?symbol=BTC-USD): 200 - {"results":[{"symbol":"BTC-USD","timestamp":"2025-03-08T21:35:36.77348977Z","price":"86406.99","bid_inclusive_of_sell_spread":"86412","sell_spread":"0.00005798","ask_inclusive_of_buy_spread":"86401.98","buy_spread":"0.00005798"}]}
2025-03-08 15:35:37,399 [INFO] Indicators for BTC-USD (15min) | MACD: 60.2280, Signal: 20.2686, Volume Condition: False (Current: 6.77203048, Avg10: 22.18)
2025-03-08 15:35:37,400 [INFO] BTC-USD (15min) | MACD: 60.2280, Signal: 20.2686, Volume Condition: False, Price: $86401.98
2025-03-08 15:35:37,400 [INFO] [91mBullish MACD crossover or volume condition not met for BTC-USD. No trade executed.[0m
2025-03-08 15:35:37,613 [INFO] API Response (GET https://trading.robinhood.com/api/v1/crypto/trading/accounts/): 200 - {"account_number":"311245509955","status":"active","buying_power":"179.2300","buying_power_currency":"USD"}
2025-03-08 15:35:38,114 [INFO] Buying Power Available: $179.23
2025-03-08 15:35:38,241 [INFO] API Response (GET https://trading.robinhood.com/api/v1/crypto/marketdata/best_bid_ask/?symbol=ETH-USD): 200 - {"results":[{"symbol":"ETH-USD","timestamp":"2025-03-08T21:35:38.275028432Z","price":"2220.565","bid_inclusive_of_sell_spread":"2220.63","sell_spread":"0.00002927","ask_inclusive_of_buy_spread":"2220.5","buy_spread":"0.00002927"}]}
2025-03-08 15:35:38,914 [INFO] Indicators for ETH-USD (15min) | MACD: 11.2653, Signal: 12.0528, Volume Condition: False (Current: 84.57080527, Avg10: 631.51)
2025-03-08 15:35:38,915 [INFO] ETH-USD (15min) | MACD: 11.2653, Signal: 12.0528, Volume Condition: False, Price: $2220.5
2025-03-08 15:35:38,915 [INFO] [91mBullish MACD crossover or volume condition not met for ETH-USD. No trade executed.[0m
2025-03-08 15:35:39,090 [INFO] API Response (GET https://trading.robinhood.com/api/v1/crypto/trading/accounts/): 200 - {"account_number":"311245509955","status":"active","buying_power":"179.2300","buying_power_currency":"USD"}
2025-03-08 15:35:39,595 [INFO] Buying Power Available: $179.23
2025-03-08 15:35:39,718 [INFO] API Response (GET https://trading.robinhood.com/api/v1/crypto/marketdata/best_bid_ask/?symbol=LTC-USD): 200 - {"results":[{"symbol":"LTC-USD","timestamp":"2025-03-08T21:35:39.751511698Z","price":"104.165","bid_inclusive_of_sell_spread":"104.15","sell_spread":"0.000144","ask_inclusive_of_buy_spread":"104.18","buy_spread":"0.000144"}]}
2025-03-08 15:35:40,407 [INFO] Indicators for LTC-USD (15min) | MACD: 0.0105, Signal: -0.0390, Volume Condition: False (Current: 239.74155468, Avg10: 1261.13)
2025-03-08 15:35:40,407 [INFO] LTC-USD (15min) | MACD: 0.0105, Signal: -0.0390, Volume Condition: False, Price: $104.18
2025-03-08 15:35:40,407 [INFO] [91mBullish MACD crossover or volume condition not met for LTC-USD. No trade executed.[0m
2025-03-08 15:35:40,569 [INFO] API Response (GET https://trading.robinhood.com/api/v1/crypto/trading/accounts/): 200 - {"account_number":"311245509955","status":"active","buying_power":"179.2300","buying_power_currency":"USD"}
2025-03-08 15:35:41,075 [INFO] Buying Power Available: $179.23
2025-03-08 15:35:41,263 [INFO] API Response (GET https://trading.robinhood.com/api/v1/crypto/marketdata/best_bid_ask/?symbol=DOGE-USD): 200 - {"results":[{"symbol":"DOGE-USD","timestamp":"2025-03-08T21:35:41.295953627Z","price":"0.194854","bid_inclusive_of_sell_spread":"0.194848","sell_spread":"0.00003079","ask_inclusive_of_buy_spread":"0.19486","buy_spread":"0.00003079"}]}
2025-03-08 15:35:42,169 [INFO] Indicators for DOGE-USD (15min) | MACD: 0.0001, Signal: -0.0001, Volume Condition: False (Current: 184894.5, Avg10: 1055865.06)
2025-03-08 15:35:42,169 [INFO] DOGE-USD (15min) | MACD: 0.0001, Signal: -0.0001, Volume Condition: False, Price: $0.19486
2025-03-08 15:35:42,169 [INFO] [91mBullish MACD crossover or volume condition not met for DOGE-USD. No trade executed.[0m
2025-03-08 15:35:42,386 [INFO] API Response (GET https://trading.robinhood.com/api/v1/crypto/trading/accounts/): 200 - {"account_number":"311245509955","status":"active","buying_power":"179.2300","buying_power_currency":"USD"}
2025-03-08 15:35:42,891 [INFO] Buying Power Available: $179.23
2025-03-08 15:35:43,023 [INFO] API Response (GET https://trading.robinhood.com/api/v1/crypto/marketdata/best_bid_ask/?symbol=TRUMP-USD): 200 - {"results":[{"symbol":"TRUMP-USD","timestamp":"2025-03-08T21:35:43.05322801Z","price":"12.08400451","bid_inclusive_of_sell_spread":"12.0082369","sell_spread":"0.00627007","ask_inclusive_of_buy_spread":"12.15977212","buy_spread":"0.00627007"}]}
2025-03-08 15:35:43,953 [INFO] Indicators for TRUMP-USD (15min) | MACD: 0.0104, Signal: 0.0044, Volume Condition: False (Current: 2185.7, Avg10: 2904.56)
2025-03-08 15:35:43,953 [INFO] TRUMP-USD (15min) | MACD: 0.0104, Signal: 0.0044, Volume Condition: False, Price: $12.15977212
2025-03-08 15:35:43,953 [INFO] [91mBullish MACD crossover or volume condition not met for TRUMP-USD. No trade executed.[0m
2025-03-08 15:35:44,060 [INFO] API Response (GET https://trading.robinhood.com/api/v1/crypto/trading/holdings/): 200 - {"next":null,"previous":null,"results":[{"account_number":"311245509955","asset_code":"ADA","total_quantity":"176.470000000000000000","quantity_available_for_trading":"176.470000000000000000"},{"account_number":"311245509955","asset_code":"DOGE","total_quantity":"8959.000000000000000000","quantity_available_for_trading":"8959.000000000000000000"}]}
2025-03-08 15:35:44,566 [INFO] Raw holdings response: {'next': None, 'previous': None, 'results': [{'account_number': '311245509955', 'asset_code': 'ADA', 'total_quantity': '176.470000000000000000', 'quantity_available_for_trading': '176.470000000000000000'}, {'account_number': '311245509955', 'asset_code': 'DOGE', 'total_quantity': '8959.000000000000000000', 'quantity_available_for_trading': '8959.000000000000000000'}]}
2025-03-08 15:35:44,567 [INFO] Parsed holdings: [{'account_number': '311245509955', 'asset_code': 'ADA', 'total_quantity': '176.470000000000000000', 'quantity_available_for_trading': '176.470000000000000000'}, {'account_number': '311245509955', 'asset_code': 'DOGE', 'total_quantity': '8959.000000000000000000', 'quantity_available_for_trading': '8959.000000000000000000'}]
2025-03-08 15:35:44,567 [INFO] Processing holding (type <class 'dict'>): {'account_number': '311245509955', 'asset_code': 'ADA', 'total_quantity': '176.470000000000000000', 'quantity_available_for_trading': '176.470000000000000000'}
2025-03-08 15:35:44,567 [ERROR] No average buy price for ADA-USD; skipping.
2025-03-08 15:35:44,567 [INFO] Processing holding (type <class 'dict'>): {'account_number': '311245509955', 'asset_code': 'DOGE', 'total_quantity': '8959.000000000000000000', 'quantity_available_for_trading': '8959.000000000000000000'}
2025-03-08 15:35:44,567 [ERROR] No average buy price for DOGE-USD; skipping.
2025-03-08 15:36:14,938 [INFO] API Response (GET https://trading.robinhood.com/api/v1/crypto/trading/accounts/): 200 - {"account_number":"311245509955","status":"active","buying_power":"179.2300","buying_power_currency":"USD"}
2025-03-08 15:36:15,444 [INFO] Buying Power Available: $179.23
2025-03-08 15:36:15,581 [INFO] API Response (GET https://trading.robinhood.com/api/v1/crypto/marketdata/best_bid_ask/?symbol=BTC-USD): 200 - {"results":[{"symbol":"BTC-USD","timestamp":"2025-03-08T21:36:15.60952249Z","price":"86395.505","bid_inclusive_of_sell_spread":"86403","sell_spread":"0.00008675","ask_inclusive_of_buy_spread":"86388.01","buy_spread":"0.00008675"}]}
2025-03-08 15:36:16,261 [INFO] Indicators for BTC-USD (15min) | MACD: 58.3940, Signal: 19.9018, Volume Condition: False (Current: 7.77961972, Avg10: 22.18)
2025-03-08 15:36:16,261 [INFO] BTC-USD (15min) | MACD: 58.3940, Signal: 19.9018, Volume Condition: False, Price: $86388.01
2025-03-08 15:36:16,261 [INFO] [91mBullish MACD crossover or volume condition not met for BTC-USD. No trade executed.[0m
2025-03-08 15:36:16,481 [INFO] API Response (GET https://trading.robinhood.com/api/v1/crypto/trading/accounts/): 200 - {"account_number":"311245509955","status":"active","buying_power":"179.2300","buying_power_currency":"USD"}
2025-03-08 15:36:16,987 [INFO] Buying Power Available: $179.23
2025-03-08 15:36:17,118 [INFO] API Response (GET https://trading.robinhood.com/api/v1/crypto/marketdata/best_bid_ask/?symbol=ETH-USD): 200 - {"results":[{"symbol":"ETH-USD","timestamp":"2025-03-08T21:36:17.152138052Z","price":"2220.68","bid_inclusive_of_sell_spread":"2220.76","sell_spread":"0.00003603","ask_inclusive_of_buy_spread":"2220.6","buy_spread":"0.00003603"}]}
2025-03-08 15:36:17,798 [INFO] Indicators for ETH-USD (15min) | MACD: 11.2812, Signal: 12.0560, Volume Condition: False (Current: 124.54634822, Avg10: 631.51)
2025-03-08 15:36:17,798 [INFO] ETH-USD (15min) | MACD: 11.2812, Signal: 12.0560, Volume Condition: False, Price: $2220.6
2025-03-08 15:36:17,798 [INFO] [91mBullish MACD crossover or volume condition not met for ETH-USD. No trade executed.[0m
2025-03-08 15:36:18,033 [INFO] API Response (GET https://trading.robinhood.com/api/v1/crypto/trading/accounts/): 200 - {"account_number":"311245509955","status":"active","buying_power":"179.2300","buying_power_currency":"USD"}
2025-03-08 15:36:18,539 [INFO] Buying Power Available: $179.23
2025-03-08 15:36:18,676 [INFO] API Response (GET https://trading.robinhood.com/api/v1/crypto/marketdata/best_bid_ask/?symbol=LTC-USD): 200 - {"results":[{"symbol":"LTC-USD","timestamp":"2025-03-08T21:36:18.707847232Z","price":"104.205","bid_inclusive_of_sell_spread":"104.19","sell_spread":"0.00014395","ask_inclusive_of_buy_spread":"104.22","buy_spread":"0.00014395"}]}
2025-03-08 15:36:19,757 [INFO] Indicators for LTC-USD (15min) | MACD: 0.0169, Signal: -0.0377, Volume Condition: False (Current: 250.70020124, Avg10: 1261.13)
2025-03-08 15:36:19,758 [INFO] LTC-USD (15min) | MACD: 0.0169, Signal: -0.0377, Volume Condition: False, Price: $104.22
2025-03-08 15:36:19,758 [INFO] [91mBullish MACD crossover or volume condition not met for LTC-USD. No trade executed.[0m
2025-03-08 15:36:19,975 [INFO] API Response (GET https://trading.robinhood.com/api/v1/crypto/trading/accounts/): 200 - {"account_number":"311245509955","status":"active","buying_power":"179.2300","buying_power_currency":"USD"}
2025-03-08 15:36:20,479 [INFO] Buying Power Available: $179.23
2025-03-08 15:36:20,668 [INFO] API Response (GET https://trading.robinhood.com/api/v1/crypto/marketdata/best_bid_ask/?symbol=DOGE-USD): 200 - {"results":[{"symbol":"DOGE-USD","timestamp":"2025-03-08T21:36:20.689268867Z","price":"0.1948115","bid_inclusive_of_sell_spread":"0.194793","sell_spread":"0.00009496","ask_inclusive_of_buy_spread":"0.19483","buy_spread":"0.00009496"}]}
2025-03-08 15:36:21,329 [INFO] Indicators for DOGE-USD (15min) | MACD: 0.0001, Signal: -0.0001, Volume Condition: False (Current: 184999.9, Avg10: 1055865.06)
2025-03-08 15:36:21,330 [INFO] DOGE-USD (15min) | MACD: 0.0001, Signal: -0.0001, Volume Condition: False, Price: $0.19483
2025-03-08 15:36:21,330 [INFO] [91mBullish MACD crossover or volume condition not met for DOGE-USD. No trade executed.[0m
2025-03-08 15:36:21,559 [INFO] API Response (GET https://trading.robinhood.com/api/v1/crypto/trading/accounts/): 200 - {"account_number":"311245509955","status":"active","buying_power":"179.2300","buying_power_currency":"USD"}
2025-03-08 15:36:22,065 [INFO] Buying Power Available: $179.23
2025-03-08 15:36:22,195 [INFO] API Response (GET https://trading.robinhood.com/api/v1/crypto/marketdata/best_bid_ask/?symbol=TRUMP-USD): 200 - {"results":[{"symbol":"TRUMP-USD","timestamp":"2025-03-08T21:36:22.223286437Z","price":"12.075031705","bid_inclusive_of_sell_spread":"12.00006341","sell_spread":"0.00620854","ask_inclusive_of_buy_spread":"12.15","buy_spread":"0.00620854"}]}
2025-03-08 15:36:23,116 [INFO] Indicators for TRUMP-USD (15min) | MACD: 0.0104, Signal: 0.0044, Volume Condition: False (Current: 2194.257, Avg10: 2904.56)
2025-03-08 15:36:23,116 [INFO] TRUMP-USD (15min) | MACD: 0.0104, Signal: 0.0044, Volume Condition: False, Price: $12.15
2025-03-08 15:36:23,117 [INFO] [91mBullish MACD crossover or volume condition not met for TRUMP-USD. No trade executed.[0m
2025-03-08 15:36:23,279 [INFO] API Response (GET https://trading.robinhood.com/api/v1/crypto/trading/holdings/): 200 - {"next":null,"previous":null,"results":[{"account_number":"311245509955","asset_code":"ADA","total_quantity":"176.470000000000000000","quantity_available_for_trading":"176.470000000000000000"},{"account_number":"311245509955","asset_code":"DOGE","total_quantity":"8959.000000000000000000","quantity_available_for_trading":"8959.000000000000000000"}]}
2025-03-08 15:36:23,785 [INFO] Raw holdings response: {'next': None, 'previous': None, 'results': [{'account_number': '311245509955', 'asset_code': 'ADA', 'total_quantity': '176.470000000000000000', 'quantity_available_for_trading': '176.470000000000000000'}, {'account_number': '311245509955', 'asset_code': 'DOGE', 'total_quantity': '8959.000000000000000000', 'quantity_available_for_trading': '8959.000000000000000000'}]}
2025-03-08 15:36:23,785 [INFO] Parsed holdings: [{'account_number': '311245509955', 'asset_code': 'ADA', 'total_quantity': '176.470000000000000000', 'quantity_available_for_trading': '176.470000000000000000'}, {'account_number': '311245509955', 'asset_code': 'DOGE', 'total_quantity': '8959.000000000000000000', 'quantity_available_for_trading': '8959.000000000000000000'}]
2025-03-08 15:36:23,785 [INFO] Processing holding (type <class 'dict'>): {'account_number': '311245509955', 'asset_code': 'ADA', 'total_quantity': '176.470000000000000000', 'quantity_available_for_trading': '176.470000000000000000'}
2025-03-08 15:36:23,785 [ERROR] No average buy price for ADA-USD; skipping.
2025-03-08 15:36:23,785 [INFO] Processing holding (type <class 'dict'>): {'account_number': '311245509955', 'asset_code': 'DOGE', 'total_quantity': '8959.000000000000000000', 'quantity_available_for_trading': '8959.000000000000000000'}
2025-03-08 15:36:23,785 [ERROR] No average buy price for DOGE-USD; skipping.
2025-03-08 15:36:54,143 [INFO] API Response (GET https://trading.robinhood.com/api/v1/crypto/trading/accounts/): 200 - {"account_number":"311245509955","status":"active","buying_power":"179.2300","buying_power_currency":"USD"}
2025-03-08 15:36:54,649 [INFO] Buying Power Available: $179.23
2025-03-08 15:36:54,777 [INFO] API Response (GET https://trading.robinhood.com/api/v1/crypto/marketdata/best_bid_ask/?symbol=BTC-USD): 200 - {"results":[{"symbol":"BTC-USD","timestamp":"2025-03-08T21:36:54.81107499Z","price":"86360.555","bid_inclusive_of_sell_spread":"86368","sell_spread":"0.00008621","ask_inclusive_of_buy_spread":"86353.11","buy_spread":"0.00008621"}]}
2025-03-08 15:36:55,439 [INFO] Indicators for BTC-USD (15min) | MACD: 55.2821, Signal: 19.2794, Volume Condition: False (Current: 9.15593777, Avg10: 22.18)
2025-03-08 15:36:55,439 [INFO] BTC-USD (15min) | MACD: 55.2821, Signal: 19.2794, Volume Condition: False, Price: $86353.11
2025-03-08 15:36:55,439 [INFO] [91mBullish MACD crossover or volume condition not met for BTC-USD. No trade executed.[0m
2025-03-08 15:36:55,659 [INFO] API Response (GET https://trading.robinhood.com/api/v1/crypto/trading/accounts/): 200 - {"account_number":"311245509955","status":"active","buying_power":"179.2300","buying_power_currency":"USD"}
2025-03-08 15:36:56,165 [INFO] Buying Power Available: $179.23
2025-03-08 15:36:56,298 [INFO] API Response (GET https://trading.robinhood.com/api/v1/crypto/marketdata/best_bid_ask/?symbol=ETH-USD): 200 - {"results":[{"symbol":"ETH-USD","timestamp":"2025-03-08T21:36:56.33309614Z","price":"2219.77","bid_inclusive_of_sell_spread":"2219.94","sell_spread":"0.00007658","ask_inclusive_of_buy_spread":"2219.6","buy_spread":"0.00007658"}]}
2025-03-08 15:36:57,031 [INFO] Indicators for ETH-USD (15min) | MACD: 11.1815, Signal: 12.0361, Volume Condition: False (Current: 132.1220403, Avg10: 631.51)
2025-03-08 15:36:57,031 [INFO] ETH-USD (15min) | MACD: 11.1815, Signal: 12.0361, Volume Condition: False, Price: $2219.6
2025-03-08 15:36:57,031 [INFO] [91mBullish MACD crossover or volume condition not met for ETH-USD. No trade executed.[0m
2025-03-08 15:36:57,329 [INFO] API Response (GET https://trading.robinhood.com/api/v1/crypto/trading/accounts/): 200 - {"account_number":"311245509955","status":"active","buying_power":"179.2300","buying_power_currency":"USD"}
2025-03-08 15:36:57,835 [INFO] Buying Power Available: $179.23
2025-03-08 15:36:57,997 [INFO] API Response (GET https://trading.robinhood.com/api/v1/crypto/marketdata/best_bid_ask/?symbol=LTC-USD): 200 - {"results":[{"symbol":"LTC-USD","timestamp":"2025-03-08T21:36:58.030013783Z","price":"104.1","bid_inclusive_of_sell_spread":"104.08","sell_spread":"0.00019212","ask_inclusive_of_buy_spread":"104.12","buy_spread":"0.00019212"}]}
2025-03-08 15:36:59,082 [INFO] Indicators for LTC-USD (15min) | MACD: 0.0041, Signal: -0.0403, Volume Condition: False (Current: 374.54002023, Avg10: 1261.13)
2025-03-08 15:36:59,082 [INFO] LTC-USD (15min) | MACD: 0.0041, Signal: -0.0403, Volume Condition: False, Price: $104.12
2025-03-08 15:36:59,082 [INFO] [91mBullish MACD crossover or volume condition not met for LTC-USD. No trade executed.[0m
2025-03-08 15:36:59,306 [INFO] API Response (GET https://trading.robinhood.com/api/v1/crypto/trading/accounts/): 200 - {"account_number":"311245509955","status":"active","buying_power":"179.2300","buying_power_currency":"USD"}
2025-03-08 15:36:59,808 [INFO] Buying Power Available: $179.23
2025-03-08 15:36:59,942 [INFO] API Response (GET https://trading.robinhood.com/api/v1/crypto/marketdata/best_bid_ask/?symbol=DOGE-USD): 200 - {"results":[{"symbol":"DOGE-USD","timestamp":"2025-03-08T21:36:59.9752067Z","price":"0.19475","bid_inclusive_of_sell_spread":"0.19472","sell_spread":"0.00015404","ask_inclusive_of_buy_spread":"0.19478","buy_spread":"0.00015404"}]}
2025-03-08 15:37:00,666 [INFO] Indicators for DOGE-USD (15min) | MACD: 0.0001, Signal: -0.0001, Volume Condition: False (Current: 193023.3, Avg10: 1055865.06)
2025-03-08 15:37:00,666 [INFO] DOGE-USD (15min) | MACD: 0.0001, Signal: -0.0001, Volume Condition: False, Price: $0.19478
2025-03-08 15:37:00,666 [INFO] [91mBullish MACD crossover or volume condition not met for DOGE-USD. No trade executed.[0m
2025-03-08 15:37:00,894 [INFO] API Response (GET https://trading.robinhood.com/api/v1/crypto/trading/accounts/): 200 - {"account_number":"311245509955","status":"active","buying_power":"179.2300","buying_power_currency":"USD"}
2025-03-08 15:37:01,400 [INFO] Buying Power Available: $179.23
2025-03-08 15:37:01,540 [INFO] API Response (GET https://trading.robinhood.com/api/v1/crypto/marketdata/best_bid_ask/?symbol=TRUMP-USD): 200 - {"results":[{"symbol":"TRUMP-USD","timestamp":"2025-03-08T21:37:01.574709909Z","price":"12.06718435","bid_inclusive_of_sell_spread":"11.9943687","sell_spread":"0.00603419","ask_inclusive_of_buy_spread":"12.14","buy_spread":"0.00603419"}]}
2025-03-08 15:37:02,227 [INFO] Indicators for TRUMP-USD (15min) | MACD: 0.0096, Signal: 0.0042, Volume Condition: False (Current: 2195.522, Avg10: 2904.56)
2025-03-08 15:37:02,228 [INFO] TRUMP-USD (15min) | MACD: 0.0096, Signal: 0.0042, Volume Condition: False, Price: $12.14
2025-03-08 15:37:02,228 [INFO] [91mBullish MACD crossover or volume condition not met for TRUMP-USD. No trade executed.[0m
2025-03-08 15:37:02,430 [INFO] API Response (GET https://trading.robinhood.com/api/v1/crypto/trading/holdings/): 200 - {"next":null,"previous":null,"results":[{"account_number":"311245509955","asset_code":"ADA","total_quantity":"176.470000000000000000","quantity_available_for_trading":"176.470000000000000000"},{"account_number":"311245509955","asset_code":"DOGE","total_quantity":"8959.000000000000000000","quantity_available_for_trading":"8959.000000000000000000"}]}
2025-03-08 15:37:02,936 [INFO] Raw holdings response: {'next': None, 'previous': None, 'results': [{'account_number': '311245509955', 'asset_code': 'ADA', 'total_quantity': '176.470000000000000000', 'quantity_available_for_trading': '176.470000000000000000'}, {'account_number': '311245509955', 'asset_code': 'DOGE', 'total_quantity': '8959.000000000000000000', 'quantity_available_for_trading': '8959.000000000000000000'}]}
2025-03-08 15:37:02,936 [INFO] Parsed holdings: [{'account_number': '311245509955', 'asset_code': 'ADA', 'total_quantity': '176.470000000000000000', 'quantity_available_for_trading': '176.470000000000000000'}, {'account_number': '311245509955', 'asset_code': 'DOGE', 'total_quantity': '8959.000000000000000000', 'quantity_available_for_trading': '8959.000000000000000000'}]
2025-03-08 15:37:02,936 [INFO] Processing holding (type <class 'dict'>): {'account_number': '311245509955', 'asset_code': 'ADA', 'total_quantity': '176.470000000000000000', 'quantity_available_for_trading': '176.470000000000000000'}
2025-03-08 15:37:02,937 [ERROR] No average buy price for ADA-USD; skipping.
2025-03-08 15:37:02,937 [INFO] Processing holding (type <class 'dict'>): {'account_number': '311245509955', 'asset_code': 'DOGE', 'total_quantity': '8959.000000000000000000', 'quantity_available_for_trading': '8959.000000000000000000'}
2025-03-08 15:37:02,937 [ERROR] No average buy price for DOGE-USD; skipping.
2025-03-08 15:37:33,450 [INFO] API Response (GET https://trading.robinhood.com/api/v1/crypto/trading/accounts/): 200 - {"account_number":"311245509955","status":"active","buying_power":"179.2300","buying_power_currency":"USD"}
2025-03-08 15:37:33,956 [INFO] Buying Power Available: $179.23
2025-03-08 15:37:34,329 [INFO] API Response (GET https://trading.robinhood.com/api/v1/crypto/marketdata/best_bid_ask/?symbol=BTC-USD): 200 - {"results":[{"symbol":"BTC-USD","timestamp":"2025-03-08T21:37:34.339641707Z","price":"86382.5","bid_inclusive_of_sell_spread":"86383","sell_spread":"0.00000579","ask_inclusive_of_buy_spread":"86382","buy_spread":"0.00000579"}]}
2025-03-08 15:37:36,483 [INFO] Indicators for BTC-USD (15min) | MACD: 57.1544, Signal: 19.6539, Volume Condition: False (Current: 10.1120479, Avg10: 22.18)
2025-03-08 15:37:36,484 [INFO] BTC-USD (15min) | MACD: 57.1544, Signal: 19.6539, Volume Condition: False, Price: $86382.0
2025-03-08 15:37:36,484 [INFO] [91mBullish MACD crossover or volume condition not met for BTC-USD. No trade executed.[0m
2025-03-08 15:37:37,078 [INFO] API Response (GET https://trading.robinhood.com/api/v1/crypto/trading/accounts/): 200 - {"account_number":"311245509955","status":"active","buying_power":"179.2300","buying_power_currency":"USD"}
2025-03-08 15:37:37,584 [INFO] Buying Power Available: $179.23
2025-03-08 15:37:37,721 [INFO] API Response (GET https://trading.robinhood.com/api/v1/crypto/marketdata/best_bid_ask/?symbol=ETH-USD): 200 - {"results":[{"symbol":"ETH-USD","timestamp":"2025-03-08T21:37:37.755813156Z","price":"2220.885","bid_inclusive_of_sell_spread":"2220.97","sell_spread":"0.00003827","ask_inclusive_of_buy_spread":"2220.8","buy_spread":"0.00003827"}]}
2025-03-08 15:37:38,452 [INFO] Indicators for ETH-USD (15min) | MACD: 11.2796, Signal: 12.0557, Volume Condition: False (Current: 135.51242333, Avg10: 631.51)
2025-03-08 15:37:38,452 [INFO] ETH-USD (15min) | MACD: 11.2796, Signal: 12.0557, Volume Condition: False, Price: $2220.8
2025-03-08 15:37:38,452 [INFO] [91mBullish MACD crossover or volume condition not met for ETH-USD. No trade executed.[0m
2025-03-08 15:37:38,671 [INFO] API Response (GET https://trading.robinhood.com/api/v1/crypto/trading/accounts/): 200 - {"account_number":"311245509955","status":"active","buying_power":"179.2300","buying_power_currency":"USD"}
2025-03-08 15:37:39,176 [INFO] Buying Power Available: $179.23
2025-03-08 15:37:39,310 [INFO] API Response (GET https://trading.robinhood.com/api/v1/crypto/marketdata/best_bid_ask/?symbol=LTC-USD): 200 - {"results":[{"symbol":"LTC-USD","timestamp":"2025-03-08T21:37:39.343065771Z","price":"104.125","bid_inclusive_of_sell_spread":"104.11","sell_spread":"0.00014406","ask_inclusive_of_buy_spread":"104.14","buy_spread":"0.00014406"}]}
2025-03-08 15:37:40,110 [INFO] Indicators for LTC-USD (15min) | MACD: 0.0049, Signal: -0.0401, Volume Condition: False (Current: 406.12894273, Avg10: 1261.13)
2025-03-08 15:37:40,111 [INFO] LTC-USD (15min) | MACD: 0.0049, Signal: -0.0401, Volume Condition: False, Price: $104.14
2025-03-08 15:37:40,111 [INFO] [91mBullish MACD crossover or volume condition not met for LTC-USD. No trade executed.[0m
2025-03-08 15:37:40,331 [INFO] API Response (GET https://trading.robinhood.com/api/v1/crypto/trading/accounts/): 200 - {"account_number":"311245509955","status":"active","buying_power":"179.2300","buying_power_currency":"USD"}
2025-03-08 15:37:40,833 [INFO] Buying Power Available: $179.23
2025-03-08 15:37:40,971 [INFO] API Response (GET https://trading.robinhood.com/api/v1/crypto/marketdata/best_bid_ask/?symbol=DOGE-USD): 200 - {"results":[{"symbol":"DOGE-USD","timestamp":"2025-03-08T21:37:41.00444149Z","price":"0.194855","bid_inclusive_of_sell_spread":"0.19483","sell_spread":"0.0001283","ask_inclusive_of_buy_spread":"0.19488","buy_spread":"0.0001283"}]}
2025-03-08 15:37:41,760 [INFO] Indicators for DOGE-USD (15min) | MACD: 0.0001, Signal: -0.0001, Volume Condition: False (Current: 205703.0, Avg10: 1055865.06)
2025-03-08 15:37:41,761 [INFO] DOGE-USD (15min) | MACD: 0.0001, Signal: -0.0001, Volume Condition: False, Price: $0.19488
2025-03-08 15:37:41,761 [INFO] [91mBullish MACD crossover or volume condition not met for DOGE-USD. No trade executed.[0m
2025-03-08 15:37:41,945 [INFO] API Response (GET https://trading.robinhood.com/api/v1/crypto/trading/accounts/): 200 - {"account_number":"311245509955","status":"active","buying_power":"179.2300","buying_power_currency":"USD"}
2025-03-08 15:37:42,450 [INFO] Buying Power Available: $179.23
2025-03-08 15:37:42,586 [INFO] API Response (GET https://trading.robinhood.com/api/v1/crypto/marketdata/best_bid_ask/?symbol=TRUMP-USD): 200 - {"results":[{"symbol":"TRUMP-USD","timestamp":"2025-03-08T21:37:42.617589333Z","price":"12.07258702","bid_inclusive_of_sell_spread":"11.9972067","sell_spread":"0.00624392","ask_inclusive_of_buy_spread":"12.14796734","buy_spread":"0.00624392"}]}
2025-03-08 15:37:43,379 [INFO] Indicators for TRUMP-USD (15min) | MACD: 0.0088, Signal: 0.0041, Volume Condition: False (Current: 2203.263, Avg10: 2904.56)
2025-03-08 15:37:43,379 [INFO] TRUMP-USD (15min) | MACD: 0.0088, Signal: 0.0041, Volume Condition: False, Price: $12.14796734
2025-03-08 15:37:43,380 [INFO] [91mBullish MACD crossover or volume condition not met for TRUMP-USD. No trade executed.[0m
2025-03-08 15:37:43,553 [INFO] API Response (GET https://trading.robinhood.com/api/v1/crypto/trading/holdings/): 200 - {"next":null,"previous":null,"results":[{"account_number":"311245509955","asset_code":"ADA","total_quantity":"176.470000000000000000","quantity_available_for_trading":"176.470000000000000000"},{"account_number":"311245509955","asset_code":"DOGE","total_quantity":"8959.000000000000000000","quantity_available_for_trading":"8959.000000000000000000"}]}
2025-03-08 15:37:44,054 [INFO] Raw holdings response: {'next': None, 'previous': None, 'results': [{'account_number': '311245509955', 'asset_code': 'ADA', 'total_quantity': '176.470000000000000000', 'quantity_available_for_trading': '176.470000000000000000'}, {'account_number': '311245509955', 'asset_code': 'DOGE', 'total_quantity': '8959.000000000000000000', 'quantity_available_for_trading': '8959.000000000000000000'}]}
2025-03-08 15:37:44,054 [INFO] Parsed holdings: [{'account_number': '311245509955', 'asset_code': 'ADA', 'total_quantity': '176.470000000000000000', 'quantity_available_for_trading': '176.470000000000000000'}, {'account_number': '311245509955', 'asset_code': 'DOGE', 'total_quantity': '8959.000000000000000000', 'quantity_available_for_trading': '8959.000000000000000000'}]
2025-03-08 15:37:44,054 [INFO] Processing holding (type <class 'dict'>): {'account_number': '311245509955', 'asset_code': 'ADA', 'total_quantity': '176.470000000000000000', 'quantity_available_for_trading': '176.470000000000000000'}
2025-03-08 15:37:44,054 [ERROR] No average buy price for ADA-USD; skipping.
2025-03-08 15:37:44,055 [INFO] Processing holding (type <class 'dict'>): {'account_number': '311245509955', 'asset_code': 'DOGE', 'total_quantity': '8959.000000000000000000', 'quantity_available_for_trading': '8959.000000000000000000'}
2025-03-08 15:37:44,055 [ERROR] No average buy price for DOGE-USD; skipping.
2025-03-08 15:38:14,434 [INFO] API Response (GET https://trading.robinhood.com/api/v1/crypto/trading/accounts/): 200 - {"account_number":"311245509955","status":"active","buying_power":"179.2300","buying_power_currency":"USD"}
2025-03-08 15:38:14,940 [INFO] Buying Power Available: $179.23
2025-03-08 15:38:15,117 [INFO] API Response (GET https://trading.robinhood.com/api/v1/crypto/marketdata/best_bid_ask/?symbol=BTC-USD): 200 - {"results":[{"symbol":"BTC-USD","timestamp":"2025-03-08T21:38:15.116812759Z","price":"86405.755","bid_inclusive_of_sell_spread":"86408.51","sell_spread":"0.00003188","ask_inclusive_of_buy_spread":"86403","buy_spread":"0.00003188"}]}
2025-03-08 15:38:15,947 [INFO] Indicators for BTC-USD (15min) | MACD: 59.4351, Signal: 20.1100, Volume Condition: False (Current: 10.67395116, Avg10: 22.18)
2025-03-08 15:38:15,948 [INFO] BTC-USD (15min) | MACD: 59.4351, Signal: 20.1100, Volume Condition: False, Price: $86403.0
2025-03-08 15:38:15,948 [INFO] [91mBullish MACD crossover or volume condition not met for BTC-USD. No trade executed.[0m
2025-03-08 15:38:16,212 [INFO] API Response (GET https://trading.robinhood.com/api/v1/crypto/trading/accounts/): 200 - {"account_number":"311245509955","status":"active","buying_power":"179.2300","buying_power_currency":"USD"}
2025-03-08 15:38:16,717 [INFO] Buying Power Available: $179.23
2025-03-08 15:38:16,907 [INFO] API Response (GET https://trading.robinhood.com/api/v1/crypto/marketdata/best_bid_ask/?symbol=ETH-USD): 200 - {"results":[{"symbol":"ETH-USD","timestamp":"2025-03-08T21:38:16.891079231Z","price":"2221.03","bid_inclusive_of_sell_spread":"2221.26","sell_spread":"0.00010356","ask_inclusive_of_buy_spread":"2220.8","buy_spread":"0.00010356"}]}
2025-03-08 15:38:18,441 [INFO] Indicators for ETH-USD (15min) | MACD: 11.3052, Signal: 12.0608, Volume Condition: False (Current: 150.71969338, Avg10: 631.51)
2025-03-08 15:38:18,441 [INFO] ETH-USD (15min) | MACD: 11.3052, Signal: 12.0608, Volume Condition: False, Price: $2220.8
2025-03-08 15:38:18,441 [INFO] [91mBullish MACD crossover or volume condition not met for ETH-USD. No trade executed.[0m
2025-03-08 15:38:18,667 [INFO] API Response (GET https://trading.robinhood.com/api/v1/crypto/trading/accounts/): 200 - {"account_number":"311245509955","status":"active","buying_power":"179.2300","buying_power_currency":"USD"}
2025-03-08 15:38:19,171 [INFO] Buying Power Available: $179.23
2025-03-08 15:38:19,317 [INFO] API Response (GET https://trading.robinhood.com/api/v1/crypto/marketdata/best_bid_ask/?symbol=LTC-USD): 200 - {"results":[{"symbol":"LTC-USD","timestamp":"2025-03-08T21:38:19.338577918Z","price":"104.145","bid_inclusive_of_sell_spread":"104.12","sell_spread":"0.00024005","ask_inclusive_of_buy_spread":"104.17","buy_spread":"0.00024005"}]}
2025-03-08 15:38:19,989 [INFO] Indicators for LTC-USD (15min) | MACD: 0.0105, Signal: -0.0390, Volume Condition: False (Current: 413.16859174, Avg10: 1261.13)
2025-03-08 15:38:19,989 [INFO] LTC-USD (15min) | MACD: 0.0105, Signal: -0.0390, Volume Condition: False, Price: $104.17
2025-03-08 15:38:19,989 [INFO] [91mBullish MACD crossover or volume condition not met for LTC-USD. No trade executed.[0m
2025-03-08 15:38:20,155 [INFO] API Response (GET https://trading.robinhood.com/api/v1/crypto/trading/accounts/): 200 - {"account_number":"311245509955","status":"active","buying_power":"179.2300","buying_power_currency":"USD"}
2025-03-08 15:38:20,659 [INFO] Buying Power Available: $179.23
2025-03-08 15:38:20,793 [INFO] API Response (GET https://trading.robinhood.com/api/v1/crypto/marketdata/best_bid_ask/?symbol=DOGE-USD): 200 - {"results":[{"symbol":"DOGE-USD","timestamp":"2025-03-08T21:38:20.827941826Z","price":"0.194845","bid_inclusive_of_sell_spread":"0.19482","sell_spread":"0.00012831","ask_inclusive_of_buy_spread":"0.19487","buy_spread":"0.00012831"}]}
2025-03-08 15:38:21,481 [INFO] Indicators for DOGE-USD (15min) | MACD: 0.0001, Signal: -0.0001, Volume Condition: False (Current: 207310.9, Avg10: 1055865.06)
2025-03-08 15:38:21,481 [INFO] DOGE-USD (15min) | MACD: 0.0001, Signal: -0.0001, Volume Condition: False, Price: $0.19487
2025-03-08 15:38:21,482 [INFO] [91mBullish MACD crossover or volume condition not met for DOGE-USD. No trade executed.[0m
2025-03-08 15:38:21,708 [INFO] API Response (GET https://trading.robinhood.com/api/v1/crypto/trading/accounts/): 200 - {"account_number":"311245509955","status":"active","buying_power":"179.2300","buying_power_currency":"USD"}
2025-03-08 15:38:22,214 [INFO] Buying Power Available: $179.23
2025-03-08 15:38:22,356 [INFO] API Response (GET https://trading.robinhood.com/api/v1/crypto/marketdata/best_bid_ask/?symbol=TRUMP-USD): 200 - {"results":[{"symbol":"TRUMP-USD","timestamp":"2025-03-08T21:38:22.374546932Z","price":"12.06283312","bid_inclusive_of_sell_spread":"11.9872652","sell_spread":"0.00626453","ask_inclusive_of_buy_spread":"12.13840104","buy_spread":"0.00626453"}]}
2025-03-08 15:38:23,116 [INFO] Indicators for TRUMP-USD (15min) | MACD: 0.0096, Signal: 0.0042, Volume Condition: False (Current: 2203.31, Avg10: 2904.56)
2025-03-08 15:38:23,116 [INFO] TRUMP-USD (15min) | MACD: 0.0096, Signal: 0.0042, Volume Condition: False, Price: $12.13840104
2025-03-08 15:38:23,116 [INFO] [91mBullish MACD crossover or volume condition not met for TRUMP-USD. No trade executed.[0m
2025-03-08 15:38:23,301 [INFO] API Response (GET https://trading.robinhood.com/api/v1/crypto/trading/holdings/): 200 - {"next":null,"previous":null,"results":[{"account_number":"311245509955","asset_code":"ADA","total_quantity":"176.470000000000000000","quantity_available_for_trading":"176.470000000000000000"},{"account_number":"311245509955","asset_code":"DOGE","total_quantity":"8959.000000000000000000","quantity_available_for_trading":"8959.000000000000000000"}]}
2025-03-08 15:38:23,807 [INFO] Raw holdings response: {'next': None, 'previous': None, 'results': [{'account_number': '311245509955', 'asset_code': 'ADA', 'total_quantity': '176.470000000000000000', 'quantity_available_for_trading': '176.470000000000000000'}, {'account_number': '311245509955', 'asset_code': 'DOGE', 'total_quantity': '8959.000000000000000000', 'quantity_available_for_trading': '8959.000000000000000000'}]}
2025-03-08 15:38:23,808 [INFO] Parsed holdings: [{'account_number': '311245509955', 'asset_code': 'ADA', 'total_quantity': '176.470000000000000000', 'quantity_available_for_trading': '176.470000000000000000'}, {'account_number': '311245509955', 'asset_code': 'DOGE', 'total_quantity': '8959.000000000000000000', 'quantity_available_for_trading': '8959.000000000000000000'}]
2025-03-08 15:38:23,808 [INFO] Processing holding (type <class 'dict'>): {'account_number': '311245509955', 'asset_code': 'ADA', 'total_quantity': '176.470000000000000000', 'quantity_available_for_trading': '176.470000000000000000'}
2025-03-08 15:38:23,808 [ERROR] No average buy price for ADA-USD; skipping.
2025-03-08 15:38:23,808 [INFO] Processing holding (type <class 'dict'>): {'account_number': '311245509955', 'asset_code': 'DOGE', 'total_quantity': '8959.000000000000000000', 'quantity_available_for_trading': '8959.000000000000000000'}
2025-03-08 15:38:23,808 [ERROR] No average buy price for DOGE-USD; skipping.
2025-03-08 15:38:54,156 [INFO] API Response (GET https://trading.robinhood.com/api/v1/crypto/trading/accounts/): 200 - {"account_number":"311245509955","status":"active","buying_power":"179.2300","buying_power_currency":"USD"}
2025-03-08 15:38:54,662 [INFO] Buying Power Available: $179.23
2025-03-08 15:38:54,791 [INFO] API Response (GET https://trading.robinhood.com/api/v1/crypto/marketdata/best_bid_ask/?symbol=BTC-USD): 200 - {"results":[{"symbol":"BTC-USD","timestamp":"2025-03-08T21:38:54.825489001Z","price":"86378.05","bid_inclusive_of_sell_spread":"86378.1","sell_spread":"0.00000058","ask_inclusive_of_buy_spread":"86378","buy_spread":"0.00000058"}]}
2025-03-08 15:38:55,566 [INFO] Indicators for BTC-USD (15min) | MACD: 57.6410, Signal: 19.7512, Volume Condition: False (Current: 11.19003483, Avg10: 22.18)
2025-03-08 15:38:55,567 [INFO] BTC-USD (15min) | MACD: 57.6410, Signal: 19.7512, Volume Condition: False, Price: $86378.0
2025-03-08 15:38:55,567 [INFO] [91mBullish MACD crossover or volume condition not met for BTC-USD. No trade executed.[0m
2025-03-08 15:38:55,790 [INFO] API Response (GET https://trading.robinhood.com/api/v1/crypto/trading/accounts/): 200 - {"account_number":"311245509955","status":"active","buying_power":"179.2300","buying_power_currency":"USD"}
2025-03-08 15:38:56,292 [INFO] Buying Power Available: $179.23
2025-03-08 15:38:56,431 [INFO] API Response (GET https://trading.robinhood.com/api/v1/crypto/marketdata/best_bid_ask/?symbol=ETH-USD): 200 - {"results":[{"symbol":"ETH-USD","timestamp":"2025-03-08T21:38:56.465346264Z","price":"2218.45","bid_inclusive_of_sell_spread":"2218.5","sell_spread":"0.00002254","ask_inclusive_of_buy_spread":"2218.4","buy_spread":"0.00002254"}]}
2025-03-08 15:38:57,166 [INFO] Indicators for ETH-USD (15min) | MACD: 11.2023, Signal: 12.0402, Volume Condition: False (Current: 156.00527628, Avg10: 631.51)
2025-03-08 15:38:57,166 [INFO] ETH-USD (15min) | MACD: 11.2023, Signal: 12.0402, Volume Condition: False, Price: $2218.4
2025-03-08 15:38:57,167 [INFO] [91mBullish MACD crossover or volume condition not met for ETH-USD. No trade executed.[0m
2025-03-08 15:38:57,390 [INFO] API Response (GET https://trading.robinhood.com/api/v1/crypto/trading/accounts/): 200 - {"account_number":"311245509955","status":"active","buying_power":"179.2300","buying_power_currency":"USD"}
2025-03-08 15:38:57,896 [INFO] Buying Power Available: $179.23
2025-03-08 15:38:58,029 [INFO] API Response (GET https://trading.robinhood.com/api/v1/crypto/marketdata/best_bid_ask/?symbol=LTC-USD): 200 - {"results":[{"symbol":"LTC-USD","timestamp":"2025-03-08T21:38:58.062354763Z","price":"104.13","bid_inclusive_of_sell_spread":"104.12","sell_spread":"0.00009603","ask_inclusive_of_buy_spread":"104.14","buy_spread":"0.00009603"}]}
2025-03-08 15:38:58,699 [INFO] Indicators for LTC-USD (15min) | MACD: 0.0105, Signal: -0.0390, Volume Condition: False (Current: 433.82617251, Avg10: 1261.13)
2025-03-08 15:38:58,699 [INFO] LTC-USD (15min) | MACD: 0.0105, Signal: -0.0390, Volume Condition: False, Price: $104.14
2025-03-08 15:38:58,699 [INFO] [91mBullish MACD crossover or volume condition not met for LTC-USD. No trade executed.[0m
2025-03-08 15:38:58,922 [INFO] API Response (GET https://trading.robinhood.com/api/v1/crypto/trading/accounts/): 200 - {"account_number":"311245509955","status":"active","buying_power":"179.2300","buying_power_currency":"USD"}
2025-03-08 15:38:59,425 [INFO] Buying Power Available: $179.23
2025-03-08 15:38:59,558 [INFO] API Response (GET https://trading.robinhood.com/api/v1/crypto/marketdata/best_bid_ask/?symbol=DOGE-USD): 200 - {"results":[{"symbol":"DOGE-USD","timestamp":"2025-03-08T21:38:59.591043945Z","price":"0.194755","bid_inclusive_of_sell_spread":"0.19473","sell_spread":"0.00012837","ask_inclusive_of_buy_spread":"0.19478","buy_spread":"0.00012837"}]}
2025-03-08 15:39:00,218 [INFO] Indicators for DOGE-USD (15min) | MACD: 0.0001, Signal: -0.0001, Volume Condition: False (Current: 219556.5, Avg10: 1055865.06)
2025-03-08 15:39:00,218 [INFO] DOGE-USD (15min) | MACD: 0.0001, Signal: -0.0001, Volume Condition: False, Price: $0.19478
2025-03-08 15:39:00,218 [INFO] [91mBullish MACD crossover or volume condition not met for DOGE-USD. No trade executed.[0m
2025-03-08 15:39:00,370 [INFO] API Response (GET https://trading.robinhood.com/api/v1/crypto/trading/accounts/): 200 - {"account_number":"311245509955","status":"active","buying_power":"179.2300","buying_power_currency":"USD"}
2025-03-08 15:39:00,876 [INFO] Buying Power Available: $179.23
2025-03-08 15:39:01,010 [INFO] API Response (GET https://trading.robinhood.com/api/v1/crypto/marketdata/best_bid_ask/?symbol=TRUMP-USD): 200 - {"results":[{"symbol":"TRUMP-USD","timestamp":"2025-03-08T21:39:01.04389666Z","price":"12.05769825","bid_inclusive_of_sell_spread":"11.9853965","sell_spread":"0.00599631","ask_inclusive_of_buy_spread":"12.13","buy_spread":"0.00599631"}]}
2025-03-08 15:39:01,707 [INFO] Indicators for TRUMP-USD (15min) | MACD: 0.0096, Signal: 0.0042, Volume Condition: False (Current: 2203.31, Avg10: 2904.56)
2025-03-08 15:39:01,708 [INFO] TRUMP-USD (15min) | MACD: 0.0096, Signal: 0.0042, Volume Condition: False, Price: $12.13
2025-03-08 15:39:01,708 [INFO] [91mBullish MACD crossover or volume condition not met for TRUMP-USD. No trade executed.[0m
2025-03-08 15:39:01,878 [INFO] API Response (GET https://trading.robinhood.com/api/v1/crypto/trading/holdings/): 200 - {"next":null,"previous":null,"results":[{"account_number":"311245509955","asset_code":"ADA","total_quantity":"176.470000000000000000","quantity_available_for_trading":"176.470000000000000000"},{"account_number":"311245509955","asset_code":"DOGE","total_quantity":"8959.000000000000000000","quantity_available_for_trading":"8959.000000000000000000"}]}
2025-03-08 15:39:02,383 [INFO] Raw holdings response: {'next': None, 'previous': None, 'results': [{'account_number': '311245509955', 'asset_code': 'ADA', 'total_quantity': '176.470000000000000000', 'quantity_available_for_trading': '176.470000000000000000'}, {'account_number': '311245509955', 'asset_code': 'DOGE', 'total_quantity': '8959.000000000000000000', 'quantity_available_for_trading': '8959.000000000000000000'}]}
2025-03-08 15:39:02,384 [INFO] Parsed holdings: [{'account_number': '311245509955', 'asset_code': 'ADA', 'total_quantity': '176.470000000000000000', 'quantity_available_for_trading': '176.470000000000000000'}, {'account_number': '311245509955', 'asset_code': 'DOGE', 'total_quantity': '8959.000000000000000000', 'quantity_available_for_trading': '8959.000000000000000000'}]
2025-03-08 15:39:02,384 [INFO] Processing holding (type <class 'dict'>): {'account_number': '311245509955', 'asset_code': 'ADA', 'total_quantity': '176.470000000000000000', 'quantity_available_for_trading': '176.470000000000000000'}
2025-03-08 15:39:02,384 [ERROR] No average buy price for ADA-USD; skipping.
2025-03-08 15:39:02,385 [INFO] Processing holding (type <class 'dict'>): {'account_number': '311245509955', 'asset_code': 'DOGE', 'total_quantity': '8959.000000000000000000', 'quantity_available_for_trading': '8959.000000000000000000'}
2025-03-08 15:39:02,385 [ERROR] No average buy price for DOGE-USD; skipping.
2025-03-08 15:39:32,774 [INFO] API Response (GET https://trading.robinhood.com/api/v1/crypto/trading/accounts/): 200 - {"account_number":"311245509955","status":"active","buying_power":"179.2300","buying_power_currency":"USD"}
2025-03-08 15:39:33,281 [INFO] Buying Power Available: $179.23
2025-03-08 15:39:33,413 [INFO] API Response (GET https://trading.robinhood.com/api/v1/crypto/marketdata/best_bid_ask/?symbol=BTC-USD): 200 - {"results":[{"symbol":"BTC-USD","timestamp":"2025-03-08T21:39:33.44694323Z","price":"86400.05","bid_inclusive_of_sell_spread":"86401.1","sell_spread":"0.00001215","ask_inclusive_of_buy_spread":"86399","buy_spread":"0.00001215"}]}
2025-03-08 15:39:34,329 [INFO] Indicators for BTC-USD (15min) | MACD: 55.5206, Signal: 19.3272, Volume Condition: False (Current: 11.95112681, Avg10: 22.18)
2025-03-08 15:39:34,329 [INFO] BTC-USD (15min) | MACD: 55.5206, Signal: 19.3272, Volume Condition: False, Price: $86399.0
2025-03-08 15:39:34,329 [INFO] [91mBullish MACD crossover or volume condition not met for BTC-USD. No trade executed.[0m
2025-03-08 15:39:34,553 [INFO] API Response (GET https://trading.robinhood.com/api/v1/crypto/trading/accounts/): 200 - {"account_number":"311245509955","status":"active","buying_power":"179.2300","buying_power_currency":"USD"}
2025-03-08 15:39:35,054 [INFO] Buying Power Available: $179.23
2025-03-08 15:39:35,177 [INFO] API Response (GET https://trading.robinhood.com/api/v1/crypto/marketdata/best_bid_ask/?symbol=ETH-USD): 200 - {"results":[{"symbol":"ETH-USD","timestamp":"2025-03-08T21:39:35.211211001Z","price":"2218.41","bid_inclusive_of_sell_spread":"2218.42","sell_spread":"0.00000451","ask_inclusive_of_buy_spread":"2218.4","buy_spread":"0.00000451"}]}
2025-03-08 15:39:35,938 [INFO] Indicators for ETH-USD (15min) | MACD: 11.0539, Signal: 12.0105, Volume Condition: False (Current: 250.91193169, Avg10: 631.51)
2025-03-08 15:39:35,938 [INFO] ETH-USD (15min) | MACD: 11.0539, Signal: 12.0105, Volume Condition: False, Price: $2218.4
2025-03-08 15:39:35,938 [INFO] [91mBullish MACD crossover or volume condition not met for ETH-USD. No trade executed.[0m
2025-03-08 15:39:36,162 [INFO] API Response (GET https://trading.robinhood.com/api/v1/crypto/trading/accounts/): 200 - {"account_number":"311245509955","status":"active","buying_power":"179.2300","buying_power_currency":"USD"}
2025-03-08 15:39:36,666 [INFO] Buying Power Available: $179.23
2025-03-08 15:39:36,747 [INFO] API Response (GET https://trading.robinhood.com/api/v1/crypto/marketdata/best_bid_ask/?symbol=LTC-USD): 200 - {"results":[{"symbol":"LTC-USD","timestamp":"2025-03-08T21:39:36.780299333Z","price":"104.155","bid_inclusive_of_sell_spread":"104.14","sell_spread":"0.00014402","ask_inclusive_of_buy_spread":"104.17","buy_spread":"0.00014402"}]}
2025-03-08 15:39:37,427 [INFO] Indicators for LTC-USD (15min) | MACD: 0.0089, Signal: -0.0393, Volume Condition: False (Current: 493.06728734, Avg10: 1261.13)
2025-03-08 15:39:37,427 [INFO] LTC-USD (15min) | MACD: 0.0089, Signal: -0.0393, Volume Condition: False, Price: $104.17
2025-03-08 15:39:37,427 [INFO] [91mBullish MACD crossover or volume condition not met for LTC-USD. No trade executed.[0m
2025-03-08 15:39:37,651 [INFO] API Response (GET https://trading.robinhood.com/api/v1/crypto/trading/accounts/): 200 - {"account_number":"311245509955","status":"active","buying_power":"179.2300","buying_power_currency":"USD"}
2025-03-08 15:39:38,154 [INFO] Buying Power Available: $179.23
2025-03-08 15:39:38,293 [INFO] API Response (GET https://trading.robinhood.com/api/v1/crypto/marketdata/best_bid_ask/?symbol=DOGE-USD): 200 - {"results":[{"symbol":"DOGE-USD","timestamp":"2025-03-08T21:39:38.316950432Z","price":"0.19474","bid_inclusive_of_sell_spread":"0.19472","sell_spread":"0.0001027","ask_inclusive_of_buy_spread":"0.19476","buy_spread":"0.0001027"}]}
2025-03-08 15:39:39,014 [INFO] Indicators for DOGE-USD (15min) | MACD: 0.0001, Signal: -0.0001, Volume Condition: False (Current: 277782.4, Avg10: 1055865.06)
2025-03-08 15:39:39,014 [INFO] DOGE-USD (15min) | MACD: 0.0001, Signal: -0.0001, Volume Condition: False, Price: $0.19476
2025-03-08 15:39:39,014 [INFO] [91mBullish MACD crossover or volume condition not met for DOGE-USD. No trade executed.[0m
2025-03-08 15:39:39,160 [INFO] API Response (GET https://trading.robinhood.com/api/v1/crypto/trading/accounts/): 200 - {"account_number":"311245509955","status":"active","buying_power":"179.2300","buying_power_currency":"USD"}
2025-03-08 15:39:39,662 [INFO] Buying Power Available: $179.23
2025-03-08 15:39:39,791 [INFO] API Response (GET https://trading.robinhood.com/api/v1/crypto/marketdata/best_bid_ask/?symbol=TRUMP-USD): 200 - {"results":[{"symbol":"TRUMP-USD","timestamp":"2025-03-08T21:39:39.825410003Z","price":"12.05640705","bid_inclusive_of_sell_spread":"11.9828141","sell_spread":"0.00610405","ask_inclusive_of_buy_spread":"12.13","buy_spread":"0.00610405"}]}
2025-03-08 15:39:40,470 [INFO] Indicators for TRUMP-USD (15min) | MACD: 0.0072, Signal: 0.0038, Volume Condition: True (Current: 5544.931, Avg10: 2904.56)
2025-03-08 15:39:40,471 [INFO] TRUMP-USD (15min) | MACD: 0.0072, Signal: 0.0038, Volume Condition: True, Price: $12.13
2025-03-08 15:39:40,471 [INFO] [92mBullish condition met for TRUMP-USD.[0m
2025-03-08 15:42:14,117 [INFO] [91mBuy order canceled by user.[0m
2025-03-08 15:42:14,298 [INFO] API Response (GET https://trading.robinhood.com/api/v1/crypto/trading/holdings/): 200 - {"next":null,"previous":null,"results":[{"account_number":"311245509955","asset_code":"ADA","total_quantity":"176.470000000000000000","quantity_available_for_trading":"176.470000000000000000"},{"account_number":"311245509955","asset_code":"DOGE","total_quantity":"8959.000000000000000000","quantity_available_for_trading":"8959.000000000000000000"}]}
2025-03-08 15:42:14,803 [INFO] Raw holdings response: {'next': None, 'previous': None, 'results': [{'account_number': '311245509955', 'asset_code': 'ADA', 'total_quantity': '176.470000000000000000', 'quantity_available_for_trading': '176.470000000000000000'}, {'account_number': '311245509955', 'asset_code': 'DOGE', 'total_quantity': '8959.000000000000000000', 'quantity_available_for_trading': '8959.000000000000000000'}]}
2025-03-08 15:42:14,804 [INFO] Parsed holdings: [{'account_number': '311245509955', 'asset_code': 'ADA', 'total_quantity': '176.470000000000000000', 'quantity_available_for_trading': '176.470000000000000000'}, {'account_number': '311245509955', 'asset_code': 'DOGE', 'total_quantity': '8959.000000000000000000', 'quantity_available_for_trading': '8959.000000000000000000'}]
2025-03-08 15:42:14,804 [INFO] Processing holding (type <class 'dict'>): {'account_number': '311245509955', 'asset_code': 'ADA', 'total_quantity': '176.470000000000000000', 'quantity_available_for_trading': '176.470000000000000000'}
2025-03-08 15:42:14,804 [ERROR] No average buy price for ADA-USD; skipping.
2025-03-08 15:42:14,804 [INFO] Processing holding (type <class 'dict'>): {'account_number': '311245509955', 'asset_code': 'DOGE', 'total_quantity': '8959.000000000000000000', 'quantity_available_for_trading': '8959.000000000000000000'}
2025-03-08 15:42:14,805 [ERROR] No average buy price for DOGE-USD; skipping.
2025-03-08 15:42:45,152 [INFO] API Response (GET https://trading.robinhood.com/api/v1/crypto/trading/accounts/): 200 - {"account_number":"311245509955","status":"active","buying_power":"179.2300","buying_power_currency":"USD"}
2025-03-08 15:42:45,659 [INFO] Buying Power Available: $179.23
2025-03-08 15:42:45,784 [INFO] API Response (GET https://trading.robinhood.com/api/v1/crypto/marketdata/best_bid_ask/?symbol=BTC-USD): 200 - {"results":[{"symbol":"BTC-USD","timestamp":"2025-03-08T21:42:45.798923639Z","price":"86332.6","bid_inclusive_of_sell_spread":"86345","sell_spread":"0.00014363","ask_inclusive_of_buy_spread":"86320.2","buy_spread":"0.00014363"}]}
2025-03-08 15:42:46,758 [INFO] Indicators for BTC-USD (15min) | MACD: 54.4262, Signal: 19.1083, Volume Condition: False (Current: 17.73593863, Avg10: 22.18)
2025-03-08 15:42:46,758 [INFO] BTC-USD (15min) | MACD: 54.4262, Signal: 19.1083, Volume Condition: False, Price: $86320.2
2025-03-08 15:42:46,758 [INFO] [91mBullish MACD crossover or volume condition not met for BTC-USD. No trade executed.[0m
2025-03-08 15:42:46,914 [INFO] API Response (GET https://trading.robinhood.com/api/v1/crypto/trading/accounts/): 200 - {"account_number":"311245509955","status":"active","buying_power":"179.2300","buying_power_currency":"USD"}
2025-03-08 15:42:47,417 [INFO] Buying Power Available: $179.23
2025-03-08 15:42:47,545 [INFO] API Response (GET https://trading.robinhood.com/api/v1/crypto/marketdata/best_bid_ask/?symbol=ETH-USD): 200 - {"results":[{"symbol":"ETH-USD","timestamp":"2025-03-08T21:42:47.560702611Z","price":"2216.435","bid_inclusive_of_sell_spread":"2216.43","sell_spread":"0.00000226","ask_inclusive_of_buy_spread":"2216.44","buy_spread":"0.00000226"}]}
2025-03-08 15:42:48,510 [INFO] Indicators for ETH-USD (15min) | MACD: 10.9430, Signal: 11.9884, Volume Condition: False (Current: 376.2594613, Avg10: 631.51)
2025-03-08 15:42:48,511 [INFO] ETH-USD (15min) | MACD: 10.9430, Signal: 11.9884, Volume Condition: False, Price: $2216.44
2025-03-08 15:42:48,511 [INFO] [91mBullish MACD crossover or volume condition not met for ETH-USD. No trade executed.[0m
2025-03-08 15:42:48,735 [INFO] API Response (GET https://trading.robinhood.com/api/v1/crypto/trading/accounts/): 200 - {"account_number":"311245509955","status":"active","buying_power":"179.2300","buying_power_currency":"USD"}
2025-03-08 15:42:49,240 [INFO] Buying Power Available: $179.23
2025-03-08 15:42:49,305 [INFO] API Response (GET https://trading.robinhood.com/api/v1/crypto/marketdata/best_bid_ask/?symbol=LTC-USD): 200 - {"results":[{"symbol":"LTC-USD","timestamp":"2025-03-08T21:42:49.320865484Z","price":"104.165","bid_inclusive_of_sell_spread":"104.16","sell_spread":"0.000048","ask_inclusive_of_buy_spread":"104.17","buy_spread":"0.000048"}]}
2025-03-08 15:42:50,006 [INFO] Indicators for LTC-USD (15min) | MACD: 0.0153, Signal: -0.0380, Volume Condition: False (Current: 638.96223577, Avg10: 1261.13)
2025-03-08 15:42:50,006 [INFO] LTC-USD (15min) | MACD: 0.0153, Signal: -0.0380, Volume Condition: False, Price: $104.17
2025-03-08 15:42:50,006 [INFO] [91mBullish MACD crossover or volume condition not met for LTC-USD. No trade executed.[0m
2025-03-08 15:42:50,333 [INFO] API Response (GET https://trading.robinhood.com/api/v1/crypto/trading/accounts/): 200 - {"account_number":"311245509955","status":"active","buying_power":"179.2300","buying_power_currency":"USD"}
2025-03-08 15:42:50,839 [INFO] Buying Power Available: $179.23
2025-03-08 15:42:50,969 [INFO] API Response (GET https://trading.robinhood.com/api/v1/crypto/marketdata/best_bid_ask/?symbol=DOGE-USD): 200 - {"results":[{"symbol":"DOGE-USD","timestamp":"2025-03-08T21:42:50.982753655Z","price":"0.19474","bid_inclusive_of_sell_spread":"0.19471","sell_spread":"0.00015405","ask_inclusive_of_buy_spread":"0.19477","buy_spread":"0.00015405"}]}
2025-03-08 15:42:51,965 [INFO] Indicators for DOGE-USD (15min) | MACD: 0.0001, Signal: -0.0001, Volume Condition: False (Current: 395377.4, Avg10: 1055865.06)
2025-03-08 15:42:51,965 [INFO] DOGE-USD (15min) | MACD: 0.0001, Signal: -0.0001, Volume Condition: False, Price: $0.19477
2025-03-08 15:42:51,965 [INFO] [91mBullish MACD crossover or volume condition not met for DOGE-USD. No trade executed.[0m
2025-03-08 15:42:52,195 [INFO] API Response (GET https://trading.robinhood.com/api/v1/crypto/trading/accounts/): 200 - {"account_number":"311245509955","status":"active","buying_power":"179.2300","buying_power_currency":"USD"}
2025-03-08 15:42:52,699 [INFO] Buying Power Available: $179.23
2025-03-08 15:42:52,829 [INFO] API Response (GET https://trading.robinhood.com/api/v1/crypto/marketdata/best_bid_ask/?symbol=TRUMP-USD): 200 - {"results":[{"symbol":"TRUMP-USD","timestamp":"2025-03-08T21:42:52.843805631Z","price":"12.06295192","bid_inclusive_of_sell_spread":"11.9875028","sell_spread":"0.00625461","ask_inclusive_of_buy_spread":"12.13840104","buy_spread":"0.00625461"}]}
2025-03-08 15:42:53,552 [INFO] Indicators for TRUMP-USD (15min) | MACD: 0.0096, Signal: 0.0042, Volume Condition: True (Current: 5861.986, Avg10: 2904.56)
2025-03-08 15:42:53,552 [INFO] TRUMP-USD (15min) | MACD: 0.0096, Signal: 0.0042, Volume Condition: True, Price: $12.13840104
2025-03-08 15:42:53,552 [INFO] [92mBullish condition met for TRUMP-USD.[0m
2025-03-08 15:42:57,323 [INFO] [91mBuy order canceled by user.[0m
2025-03-08 15:42:57,475 [INFO] API Response (GET https://trading.robinhood.com/api/v1/crypto/trading/holdings/): 200 - {"next":null,"previous":null,"results":[{"account_number":"311245509955","asset_code":"ADA","total_quantity":"176.470000000000000000","quantity_available_for_trading":"176.470000000000000000"},{"account_number":"311245509955","asset_code":"DOGE","total_quantity":"8959.000000000000000000","quantity_available_for_trading":"8959.000000000000000000"}]}
2025-03-08 15:42:57,980 [INFO] Raw holdings response: {'next': None, 'previous': None, 'results': [{'account_number': '311245509955', 'asset_code': 'ADA', 'total_quantity': '176.470000000000000000', 'quantity_available_for_trading': '176.470000000000000000'}, {'account_number': '311245509955', 'asset_code': 'DOGE', 'total_quantity': '8959.000000000000000000', 'quantity_available_for_trading': '8959.000000000000000000'}]}
2025-03-08 15:42:57,980 [INFO] Parsed holdings: [{'account_number': '311245509955', 'asset_code': 'ADA', 'total_quantity': '176.470000000000000000', 'quantity_available_for_trading': '176.470000000000000000'}, {'account_number': '311245509955', 'asset_code': 'DOGE', 'total_quantity': '8959.000000000000000000', 'quantity_available_for_trading': '8959.000000000000000000'}]
2025-03-08 15:42:57,980 [INFO] Processing holding (type <class 'dict'>): {'account_number': '311245509955', 'asset_code': 'ADA', 'total_quantity': '176.470000000000000000', 'quantity_available_for_trading': '176.470000000000000000'}
2025-03-08 15:42:57,980 [ERROR] No average buy price for ADA-USD; skipping.
2025-03-08 15:42:57,981 [INFO] Processing holding (type <class 'dict'>): {'account_number': '311245509955', 'asset_code': 'DOGE', 'total_quantity': '8959.000000000000000000', 'quantity_available_for_trading': '8959.000000000000000000'}
2025-03-08 15:42:57,981 [ERROR] No average buy price for DOGE-USD; skipping.
2025-03-08 15:43:28,334 [INFO] API Response (GET https://trading.robinhood.com/api/v1/crypto/trading/accounts/): 200 - {"account_number":"311245509955","status":"active","buying_power":"179.2300","buying_power_currency":"USD"}
2025-03-08 15:43:28,839 [INFO] Buying Power Available: $179.23
2025-03-08 15:43:28,985 [INFO] API Response (GET https://trading.robinhood.com/api/v1/crypto/marketdata/best_bid_ask/?symbol=BTC-USD): 200 - {"results":[{"symbol":"BTC-USD","timestamp":"2025-03-08T21:43:28.997293748Z","price":"86320.55","bid_inclusive_of_sell_spread":"86321.1","sell_spread":"0.00000637","ask_inclusive_of_buy_spread":"86320","buy_spread":"0.00000637"}]}
2025-03-08 15:43:29,740 [INFO] Indicators for BTC-USD (15min) | MACD: 52.6425, Signal: 18.7515, Volume Condition: False (Current: 18.19109327, Avg10: 22.18)
2025-03-08 15:43:29,740 [INFO] BTC-USD (15min) | MACD: 52.6425, Signal: 18.7515, Volume Condition: False, Price: $86320.0
2025-03-08 15:43:29,740 [INFO] [91mBullish MACD crossover or volume condition not met for BTC-USD. No trade executed.[0m
2025-03-08 15:43:29,902 [INFO] API Response (GET https://trading.robinhood.com/api/v1/crypto/trading/accounts/): 200 - {"account_number":"311245509955","status":"active","buying_power":"179.2300","buying_power_currency":"USD"}
2025-03-08 15:43:30,408 [INFO] Buying Power Available: $179.23
2025-03-08 15:43:30,533 [INFO] API Response (GET https://trading.robinhood.com/api/v1/crypto/marketdata/best_bid_ask/?symbol=ETH-USD): 200 - {"results":[{"symbol":"ETH-USD","timestamp":"2025-03-08T21:43:30.54789915Z","price":"2216.35","bid_inclusive_of_sell_spread":"2216.4","sell_spread":"0.00002256","ask_inclusive_of_buy_spread":"2216.3","buy_spread":"0.00002256"}]}
2025-03-08 15:43:31,211 [INFO] Indicators for ETH-USD (15min) | MACD: 10.9454, Signal: 11.9888, Volume Condition: False (Current: 380.0611864, Avg10: 631.51)
2025-03-08 15:43:31,212 [INFO] ETH-USD (15min) | MACD: 10.9454, Signal: 11.9888, Volume Condition: False, Price: $2216.3
2025-03-08 15:43:31,212 [INFO] [91mBullish MACD crossover or volume condition not met for ETH-USD. No trade executed.[0m
2025-03-08 15:43:31,447 [INFO] API Response (GET https://trading.robinhood.com/api/v1/crypto/trading/accounts/): 200 - {"account_number":"311245509955","status":"active","buying_power":"179.2300","buying_power_currency":"USD"}
2025-03-08 15:43:31,952 [INFO] Buying Power Available: $179.23
2025-03-08 15:43:32,081 [INFO] API Response (GET https://trading.robinhood.com/api/v1/crypto/marketdata/best_bid_ask/?symbol=LTC-USD): 200 - {"results":[{"symbol":"LTC-USD","timestamp":"2025-03-08T21:43:32.095537745Z","price":"104.075","bid_inclusive_of_sell_spread":"104.07","sell_spread":"0.00004804","ask_inclusive_of_buy_spread":"104.08","buy_spread":"0.00004804"}]}
2025-03-08 15:43:32,745 [INFO] Indicators for LTC-USD (15min) | MACD: 0.0089, Signal: -0.0393, Volume Condition: False (Current: 651.42087033, Avg10: 1261.13)
2025-03-08 15:43:32,745 [INFO] LTC-USD (15min) | MACD: 0.0089, Signal: -0.0393, Volume Condition: False, Price: $104.08
2025-03-08 15:43:32,745 [INFO] [91mBullish MACD crossover or volume condition not met for LTC-USD. No trade executed.[0m
2025-03-08 15:43:32,967 [INFO] API Response (GET https://trading.robinhood.com/api/v1/crypto/trading/accounts/): 200 - {"account_number":"311245509955","status":"active","buying_power":"179.2300","buying_power_currency":"USD"}
2025-03-08 15:43:33,470 [INFO] Buying Power Available: $179.23
2025-03-08 15:43:33,600 [INFO] API Response (GET https://trading.robinhood.com/api/v1/crypto/marketdata/best_bid_ask/?symbol=DOGE-USD): 200 - {"results":[{"symbol":"DOGE-USD","timestamp":"2025-03-08T21:43:33.61403971Z","price":"0.1947225","bid_inclusive_of_sell_spread":"0.19471","sell_spread":"0.00006419","ask_inclusive_of_buy_spread":"0.194735","buy_spread":"0.00006419"}]}
2025-03-08 15:43:34,342 [INFO] Indicators for DOGE-USD (15min) | MACD: 0.0001, Signal: -0.0001, Volume Condition: False (Current: 413858.9, Avg10: 1055865.06)
2025-03-08 15:43:34,343 [INFO] DOGE-USD (15min) | MACD: 0.0001, Signal: -0.0001, Volume Condition: False, Price: $0.194735
2025-03-08 15:43:34,343 [INFO] [91mBullish MACD crossover or volume condition not met for DOGE-USD. No trade executed.[0m
2025-03-08 15:43:34,552 [INFO] API Response (GET https://trading.robinhood.com/api/v1/crypto/trading/accounts/): 200 - {"account_number":"311245509955","status":"active","buying_power":"179.2300","buying_power_currency":"USD"}
2025-03-08 15:43:35,053 [INFO] Buying Power Available: $179.23
2025-03-08 15:43:35,117 [INFO] API Response (GET https://trading.robinhood.com/api/v1/crypto/marketdata/best_bid_ask/?symbol=TRUMP-USD): 200 - {"results":[{"symbol":"TRUMP-USD","timestamp":"2025-03-08T21:43:35.131684568Z","price":"12.05759075","bid_inclusive_of_sell_spread":"11.9851815","sell_spread":"0.00600528","ask_inclusive_of_buy_spread":"12.13","buy_spread":"0.00600528"}]}
2025-03-08 15:43:36,114 [INFO] Indicators for TRUMP-USD (15min) | MACD: 0.0080, Signal: 0.0039, Volume Condition: True (Current: 5998.672, Avg10: 2904.56)
2025-03-08 15:43:36,115 [INFO] TRUMP-USD (15min) | MACD: 0.0080, Signal: 0.0039, Volume Condition: True, Price: $12.13
2025-03-08 15:43:36,115 [INFO] [92mBullish condition met for TRUMP-USD.[0m
2025-03-08 15:43:44,543 [INFO] [91mBuy order canceled by user.[0m
2025-03-08 15:43:44,710 [INFO] API Response (GET https://trading.robinhood.com/api/v1/crypto/trading/holdings/): 200 - {"next":null,"previous":null,"results":[{"account_number":"311245509955","asset_code":"ADA","total_quantity":"176.470000000000000000","quantity_available_for_trading":"176.470000000000000000"},{"account_number":"311245509955","asset_code":"DOGE","total_quantity":"8959.000000000000000000","quantity_available_for_trading":"8959.000000000000000000"}]}
2025-03-08 15:43:45,212 [INFO] Raw holdings response: {'next': None, 'previous': None, 'results': [{'account_number': '311245509955', 'asset_code': 'ADA', 'total_quantity': '176.470000000000000000', 'quantity_available_for_trading': '176.470000000000000000'}, {'account_number': '311245509955', 'asset_code': 'DOGE', 'total_quantity': '8959.000000000000000000', 'quantity_available_for_trading': '8959.000000000000000000'}]}
2025-03-08 15:43:45,212 [INFO] Parsed holdings: [{'account_number': '311245509955', 'asset_code': 'ADA', 'total_quantity': '176.470000000000000000', 'quantity_available_for_trading': '176.470000000000000000'}, {'account_number': '311245509955', 'asset_code': 'DOGE', 'total_quantity': '8959.000000000000000000', 'quantity_available_for_trading': '8959.000000000000000000'}]
2025-03-08 15:43:45,212 [INFO] Processing holding (type <class 'dict'>): {'account_number': '311245509955', 'asset_code': 'ADA', 'total_quantity': '176.470000000000000000', 'quantity_available_for_trading': '176.470000000000000000'}
2025-03-08 15:43:45,213 [ERROR] No average buy price for ADA-USD; skipping.
2025-03-08 15:43:45,213 [INFO] Processing holding (type <class 'dict'>): {'account_number': '311245509955', 'asset_code': 'DOGE', 'total_quantity': '8959.000000000000000000', 'quantity_available_for_trading': '8959.000000000000000000'}
2025-03-08 15:43:45,213 [ERROR] No average buy price for DOGE-USD; skipping.
2025-03-08 15:44:15,535 [INFO] API Response (GET https://trading.robinhood.com/api/v1/crypto/trading/accounts/): 200 - {"account_number":"311245509955","status":"active","buying_power":"179.2300","buying_power_currency":"USD"}
2025-03-08 15:44:16,038 [INFO] Buying Power Available: $179.23
2025-03-08 15:44:16,103 [INFO] API Response (GET https://trading.robinhood.com/api/v1/crypto/marketdata/best_bid_ask/?symbol=BTC-USD): 200 - {"results":[{"symbol":"BTC-USD","timestamp":"2025-03-08T21:44:16.117875862Z","price":"86332.5","bid_inclusive_of_sell_spread":"86338","sell_spread":"0.00006371","ask_inclusive_of_buy_spread":"86327","buy_spread":"0.00006371"}]}
2025-03-08 15:44:17,013 [INFO] Indicators for BTC-USD (15min) | MACD: 52.8491, Signal: 18.7928, Volume Condition: False (Current: 19.5199614, Avg10: 22.18)
2025-03-08 15:44:17,014 [INFO] BTC-USD (15min) | MACD: 52.8491, Signal: 18.7928, Volume Condition: False, Price: $86327.0
2025-03-08 15:44:17,014 [INFO] [91mBullish MACD crossover or volume condition not met for BTC-USD. No trade executed.[0m
2025-03-08 15:44:17,236 [INFO] API Response (GET https://trading.robinhood.com/api/v1/crypto/trading/accounts/): 200 - {"account_number":"311245509955","status":"active","buying_power":"179.2300","buying_power_currency":"USD"}
2025-03-08 15:44:17,741 [INFO] Buying Power Available: $179.23
2025-03-08 15:44:17,872 [INFO] API Response (GET https://trading.robinhood.com/api/v1/crypto/marketdata/best_bid_ask/?symbol=ETH-USD): 200 - {"results":[{"symbol":"ETH-USD","timestamp":"2025-03-08T21:44:17.886335504Z","price":"2217.155","bid_inclusive_of_sell_spread":"2217.21","sell_spread":"0.00002481","ask_inclusive_of_buy_spread":"2217.1","buy_spread":"0.00002481"}]}
2025-03-08 15:44:18,604 [INFO] Indicators for ETH-USD (15min) | MACD: 10.9542, Signal: 11.9906, Volume Condition: False (Current: 385.35509859, Avg10: 631.51)
2025-03-08 15:44:18,604 [INFO] ETH-USD (15min) | MACD: 10.9542, Signal: 11.9906, Volume Condition: False, Price: $2217.1
2025-03-08 15:44:18,605 [INFO] [91mBullish MACD crossover or volume condition not met for ETH-USD. No trade executed.[0m
2025-03-08 15:44:18,822 [INFO] API Response (GET https://trading.robinhood.com/api/v1/crypto/trading/accounts/): 200 - {"account_number":"311245509955","status":"active","buying_power":"179.2300","buying_power_currency":"USD"}
2025-03-08 15:44:19,327 [INFO] Buying Power Available: $179.23
2025-03-08 15:44:19,453 [INFO] API Response (GET https://trading.robinhood.com/api/v1/crypto/marketdata/best_bid_ask/?symbol=LTC-USD): 200 - {"results":[{"symbol":"LTC-USD","timestamp":"2025-03-08T21:44:19.461560308Z","price":"104.12","bid_inclusive_of_sell_spread":"104.1","sell_spread":"0.00019209","ask_inclusive_of_buy_spread":"104.14","buy_spread":"0.00019209"}]}
2025-03-08 15:44:20,155 [INFO] Indicators for LTC-USD (15min) | MACD: 0.0049, Signal: -0.0401, Volume Condition: False (Current: 714.63890864, Avg10: 1261.13)
2025-03-08 15:44:20,155 [INFO] LTC-USD (15min) | MACD: 0.0049, Signal: -0.0401, Volume Condition: False, Price: $104.14
2025-03-08 15:44:20,155 [INFO] [91mBullish MACD crossover or volume condition not met for LTC-USD. No trade executed.[0m
2025-03-08 15:44:20,370 [INFO] API Response (GET https://trading.robinhood.com/api/v1/crypto/trading/accounts/): 200 - {"account_number":"311245509955","status":"active","buying_power":"179.2300","buying_power_currency":"USD"}
2025-03-08 15:44:20,871 [INFO] Buying Power Available: $179.23
2025-03-08 15:44:20,938 [INFO] API Response (GET https://trading.robinhood.com/api/v1/crypto/marketdata/best_bid_ask/?symbol=DOGE-USD): 200 - {"results":[{"symbol":"DOGE-USD","timestamp":"2025-03-08T21:44:20.952974948Z","price":"0.194525","bid_inclusive_of_sell_spread":"0.19451","sell_spread":"0.00007711","ask_inclusive_of_buy_spread":"0.19454","buy_spread":"0.00007711"}]}
2025-03-08 15:44:21,574 [INFO] Indicators for DOGE-USD (15min) | MACD: 0.0001, Signal: -0.0001, Volume Condition: False (Current: 971979.5, Avg10: 1055865.06)
2025-03-08 15:44:21,574 [INFO] DOGE-USD (15min) | MACD: 0.0001, Signal: -0.0001, Volume Condition: False, Price: $0.19454
2025-03-08 15:44:21,575 [INFO] [91mBullish MACD crossover or volume condition not met for DOGE-USD. No trade executed.[0m
2025-03-08 15:44:21,802 [INFO] API Response (GET https://trading.robinhood.com/api/v1/crypto/trading/accounts/): 200 - {"account_number":"311245509955","status":"active","buying_power":"179.2300","buying_power_currency":"USD"}
2025-03-08 15:44:22,304 [INFO] Buying Power Available: $179.23
2025-03-08 15:44:22,429 [INFO] API Response (GET https://trading.robinhood.com/api/v1/crypto/marketdata/best_bid_ask/?symbol=TRUMP-USD): 200 - {"results":[{"symbol":"TRUMP-USD","timestamp":"2025-03-08T21:44:22.442957142Z","price":"12.052899705","bid_inclusive_of_sell_spread":"11.9777268","sell_spread":"0.00623691","ask_inclusive_of_buy_spread":"12.12807261","buy_spread":"0.00623691"}]}
2025-03-08 15:44:23,384 [INFO] Indicators for TRUMP-USD (15min) | MACD: 0.0080, Signal: 0.0039, Volume Condition: True (Current: 6024.847, Avg10: 2904.56)
2025-03-08 15:44:23,384 [INFO] TRUMP-USD (15min) | MACD: 0.0080, Signal: 0.0039, Volume Condition: True, Price: $12.12807261
2025-03-08 15:44:23,384 [INFO] [92mBullish condition met for TRUMP-USD.[0m
2025-03-08 15:44:27,083 [INFO] [91mBuy order canceled by user.[0m
2025-03-08 15:44:27,244 [INFO] API Response (GET https://trading.robinhood.com/api/v1/crypto/trading/holdings/): 200 - {"next":null,"previous":null,"results":[{"account_number":"311245509955","asset_code":"ADA","total_quantity":"176.470000000000000000","quantity_available_for_trading":"176.470000000000000000"},{"account_number":"311245509955","asset_code":"DOGE","total_quantity":"8959.000000000000000000","quantity_available_for_trading":"8959.000000000000000000"}]}
2025-03-08 15:44:27,749 [INFO] Raw holdings response: {'next': None, 'previous': None, 'results': [{'account_number': '311245509955', 'asset_code': 'ADA', 'total_quantity': '176.470000000000000000', 'quantity_available_for_trading': '176.470000000000000000'}, {'account_number': '311245509955', 'asset_code': 'DOGE', 'total_quantity': '8959.000000000000000000', 'quantity_available_for_trading': '8959.000000000000000000'}]}
2025-03-08 15:44:27,749 [INFO] Parsed holdings: [{'account_number': '311245509955', 'asset_code': 'ADA', 'total_quantity': '176.470000000000000000', 'quantity_available_for_trading': '176.470000000000000000'}, {'account_number': '311245509955', 'asset_code': 'DOGE', 'total_quantity': '8959.000000000000000000', 'quantity_available_for_trading': '8959.000000000000000000'}]
2025-03-08 15:44:27,750 [INFO] Processing holding (type <class 'dict'>): {'account_number': '311245509955', 'asset_code': 'ADA', 'total_quantity': '176.470000000000000000', 'quantity_available_for_trading': '176.470000000000000000'}
2025-03-08 15:44:27,750 [ERROR] No average buy price for ADA-USD; skipping.
2025-03-08 15:44:27,750 [INFO] Processing holding (type <class 'dict'>): {'account_number': '311245509955', 'asset_code': 'DOGE', 'total_quantity': '8959.000000000000000000', 'quantity_available_for_trading': '8959.000000000000000000'}
2025-03-08 15:44:27,750 [ERROR] No average buy price for DOGE-USD; skipping.
2025-03-08 15:44:58,105 [INFO] API Response (GET https://trading.robinhood.com/api/v1/crypto/trading/accounts/): 200 - {"account_number":"311245509955","status":"active","buying_power":"179.2300","buying_power_currency":"USD"}
2025-03-08 15:44:58,607 [INFO] Buying Power Available: $179.23
2025-03-08 15:44:58,741 [INFO] API Response (GET https://trading.robinhood.com/api/v1/crypto/marketdata/best_bid_ask/?symbol=BTC-USD): 200 - {"results":[{"symbol":"BTC-USD","timestamp":"2025-03-08T21:44:58.754563234Z","price":"86294.35","bid_inclusive_of_sell_spread":"86297.7","sell_spread":"0.00003882","ask_inclusive_of_buy_spread":"86291","buy_spread":"0.00003882"}]}
2025-03-08 15:44:59,418 [INFO] Indicators for BTC-USD (15min) | MACD: 53.8095, Signal: 18.9849, Volume Condition: False (Current: 19.65730252, Avg10: 22.18)
2025-03-08 15:44:59,418 [INFO] BTC-USD (15min) | MACD: 53.8095, Signal: 18.9849, Volume Condition: False, Price: $86291.0
2025-03-08 15:44:59,418 [INFO] [91mBullish MACD crossover or volume condition not met for BTC-USD. No trade executed.[0m
2025-03-08 15:44:59,631 [INFO] API Response (GET https://trading.robinhood.com/api/v1/crypto/trading/accounts/): 200 - {"account_number":"311245509955","status":"active","buying_power":"179.2300","buying_power_currency":"USD"}
2025-03-08 15:45:00,136 [INFO] Buying Power Available: $179.23
2025-03-08 15:45:00,272 [INFO] API Response (GET https://trading.robinhood.com/api/v1/crypto/marketdata/best_bid_ask/?symbol=ETH-USD): 200 - {"results":[{"symbol":"ETH-USD","timestamp":"2025-03-08T21:45:00.284984307Z","price":"2215.97","bid_inclusive_of_sell_spread":"2216","sell_spread":"0.00001354","ask_inclusive_of_buy_spread":"2215.94","buy_spread":"0.00001354"}]}
2025-03-08 15:45:00,968 [INFO] Indicators for ETH-USD (15min) | MACD: 10.8800, Signal: 11.9757, Volume Condition: False (Current: 407.93099691, Avg10: 631.51)
2025-03-08 15:45:00,969 [INFO] ETH-USD (15min) | MACD: 10.8800, Signal: 11.9757, Volume Condition: False, Price: $2215.94
2025-03-08 15:45:00,969 [INFO] [91mBullish MACD crossover or volume condition not met for ETH-USD. No trade executed.[0m
2025-03-08 15:45:01,194 [INFO] API Response (GET https://trading.robinhood.com/api/v1/crypto/trading/accounts/): 200 - {"account_number":"311245509955","status":"active","buying_power":"179.2300","buying_power_currency":"USD"}
2025-03-08 15:45:01,699 [INFO] Buying Power Available: $179.23
2025-03-08 15:45:01,835 [INFO] API Response (GET https://trading.robinhood.com/api/v1/crypto/marketdata/best_bid_ask/?symbol=LTC-USD): 200 - {"results":[{"symbol":"LTC-USD","timestamp":"2025-03-08T21:45:01.844263917Z","price":"104.085","bid_inclusive_of_sell_spread":"104.08","sell_spread":"0.00004804","ask_inclusive_of_buy_spread":"104.09","buy_spread":"0.00004804"}]}
2025-03-08 15:45:02,535 [INFO] Indicators for LTC-USD (15min) | MACD: 0.0036, Signal: -0.0400, Volume Condition: False (Current: 755.87125874, Avg10: 1261.13)
2025-03-08 15:45:02,535 [INFO] LTC-USD (15min) | MACD: 0.0036, Signal: -0.0400, Volume Condition: False, Price: $104.09
2025-03-08 15:45:02,535 [INFO] [91mBullish MACD crossover or volume condition not met for LTC-USD. No trade executed.[0m
2025-03-08 15:45:02,755 [INFO] API Response (GET https://trading.robinhood.com/api/v1/crypto/trading/accounts/): 200 - {"account_number":"311245509955","status":"active","buying_power":"179.2300","buying_power_currency":"USD"}
2025-03-08 15:45:03,260 [INFO] Buying Power Available: $179.23
2025-03-08 15:45:03,386 [INFO] API Response (GET https://trading.robinhood.com/api/v1/crypto/marketdata/best_bid_ask/?symbol=DOGE-USD): 200 - {"results":[{"symbol":"DOGE-USD","timestamp":"2025-03-08T21:45:03.400235323Z","price":"0.19449","bid_inclusive_of_sell_spread":"0.19447","sell_spread":"0.00010283","ask_inclusive_of_buy_spread":"0.19451","buy_spread":"0.00010283"}]}
2025-03-08 15:45:04,051 [INFO] Indicators for DOGE-USD (15min) | MACD: 0.0001, Signal: -0.0001, Volume Condition: False (Current: 1026691.8, Avg10: 1055865.06)
2025-03-08 15:45:04,051 [INFO] DOGE-USD (15min) | MACD: 0.0001, Signal: -0.0001, Volume Condition: False, Price: $0.19451
2025-03-08 15:45:04,051 [INFO] [91mBullish MACD crossover or volume condition not met for DOGE-USD. No trade executed.[0m
2025-03-08 15:45:04,310 [INFO] API Response (GET https://trading.robinhood.com/api/v1/crypto/trading/accounts/): 200 - {"account_number":"311245509955","status":"active","buying_power":"179.2300","buying_power_currency":"USD"}
2025-03-08 15:45:04,816 [INFO] Buying Power Available: $179.23
2025-03-08 15:45:04,942 [INFO] API Response (GET https://trading.robinhood.com/api/v1/crypto/marketdata/best_bid_ask/?symbol=TRUMP-USD): 200 - {"results":[{"symbol":"TRUMP-USD","timestamp":"2025-03-08T21:45:04.954490832Z","price":"12.061658165","bid_inclusive_of_sell_spread":"11.9864253","sell_spread":"0.00623736","ask_inclusive_of_buy_spread":"12.13689103","buy_spread":"0.00623736"}]}
2025-03-08 15:45:05,630 [INFO] Indicators for TRUMP-USD (15min) | MACD: 0.0081, Signal: 0.0040, Volume Condition: True (Current: 6816.733, Avg10: 2904.56)
2025-03-08 15:45:05,630 [INFO] TRUMP-USD (15min) | MACD: 0.0081, Signal: 0.0040, Volume Condition: True, Price: $12.13689103
2025-03-08 15:45:05,630 [INFO] [92mBullish condition met for TRUMP-USD.[0m
2025-03-08 15:45:51,884 [INFO] [91mBuy order canceled by user.[0m
2025-03-08 15:45:52,089 [INFO] API Response (GET https://trading.robinhood.com/api/v1/crypto/trading/holdings/): 200 - {"next":null,"previous":null,"results":[{"account_number":"311245509955","asset_code":"ADA","total_quantity":"176.470000000000000000","quantity_available_for_trading":"176.470000000000000000"},{"account_number":"311245509955","asset_code":"DOGE","total_quantity":"8959.000000000000000000","quantity_available_for_trading":"8959.000000000000000000"}]}
2025-03-08 15:45:52,591 [INFO] Raw holdings response: {'next': None, 'previous': None, 'results': [{'account_number': '311245509955', 'asset_code': 'ADA', 'total_quantity': '176.470000000000000000', 'quantity_available_for_trading': '176.470000000000000000'}, {'account_number': '311245509955', 'asset_code': 'DOGE', 'total_quantity': '8959.000000000000000000', 'quantity_available_for_trading': '8959.000000000000000000'}]}
2025-03-08 15:45:52,592 [INFO] Parsed holdings: [{'account_number': '311245509955', 'asset_code': 'ADA', 'total_quantity': '176.470000000000000000', 'quantity_available_for_trading': '176.470000000000000000'}, {'account_number': '311245509955', 'asset_code': 'DOGE', 'total_quantity': '8959.000000000000000000', 'quantity_available_for_trading': '8959.000000000000000000'}]
2025-03-08 15:45:52,592 [INFO] Processing holding (type <class 'dict'>): {'account_number': '311245509955', 'asset_code': 'ADA', 'total_quantity': '176.470000000000000000', 'quantity_available_for_trading': '176.470000000000000000'}
2025-03-08 15:45:52,592 [ERROR] No average buy price for ADA-USD; skipping.
2025-03-08 15:45:52,592 [INFO] Processing holding (type <class 'dict'>): {'account_number': '311245509955', 'asset_code': 'DOGE', 'total_quantity': '8959.000000000000000000', 'quantity_available_for_trading': '8959.000000000000000000'}
2025-03-08 15:45:52,593 [ERROR] No average buy price for DOGE-USD; skipping.
2025-03-08 15:46:22,984 [INFO] API Response (GET https://trading.robinhood.com/api/v1/crypto/trading/accounts/): 200 - {"account_number":"311245509955","status":"active","buying_power":"179.2300","buying_power_currency":"USD"}
2025-03-08 15:46:23,486 [INFO] Buying Power Available: $179.23
2025-03-08 15:46:23,608 [INFO] API Response (GET https://trading.robinhood.com/api/v1/crypto/marketdata/best_bid_ask/?symbol=BTC-USD): 200 - {"results":[{"symbol":"BTC-USD","timestamp":"2025-03-08T21:46:23.620024638Z","price":"86317.07","bid_inclusive_of_sell_spread":"86322.14","sell_spread":"0.00005874","ask_inclusive_of_buy_spread":"86312","buy_spread":"0.00005874"}]}
2025-03-08 15:46:24,267 [INFO] Indicators for BTC-USD (15min) | MACD: 49.1421, Signal: 24.8224, Volume Condition: False (Current: 7.67677189, Avg10: 21.91)
2025-03-08 15:46:24,267 [INFO] BTC-USD (15min) | MACD: 49.1421, Signal: 24.8224, Volume Condition: False, Price: $86312.0
2025-03-08 15:46:24,267 [INFO] [91mBullish MACD crossover or volume condition not met for BTC-USD. No trade executed.[0m
2025-03-08 15:46:24,484 [INFO] API Response (GET https://trading.robinhood.com/api/v1/crypto/trading/accounts/): 200 - {"account_number":"311245509955","status":"active","buying_power":"179.2300","buying_power_currency":"USD"}
2025-03-08 15:46:24,988 [INFO] Buying Power Available: $179.23
2025-03-08 15:46:25,110 [INFO] API Response (GET https://trading.robinhood.com/api/v1/crypto/marketdata/best_bid_ask/?symbol=ETH-USD): 200 - {"results":[{"symbol":"ETH-USD","timestamp":"2025-03-08T21:46:25.123150711Z","price":"2216.26","bid_inclusive_of_sell_spread":"2216.32","sell_spread":"0.00002707","ask_inclusive_of_buy_spread":"2216.2","buy_spread":"0.00002707"}]}
2025-03-08 15:46:25,784 [INFO] Indicators for ETH-USD (15min) | MACD: 10.1867, Signal: 11.6290, Volume Condition: False (Current: 30.62669931, Avg10: 620.76)
2025-03-08 15:46:25,784 [INFO] ETH-USD (15min) | MACD: 10.1867, Signal: 11.6290, Volume Condition: False, Price: $2216.2
2025-03-08 15:46:25,784 [INFO] [91mBullish MACD crossover or volume condition not met for ETH-USD. No trade executed.[0m
2025-03-08 15:46:26,009 [INFO] API Response (GET https://trading.robinhood.com/api/v1/crypto/trading/accounts/): 200 - {"account_number":"311245509955","status":"active","buying_power":"179.2300","buying_power_currency":"USD"}
2025-03-08 15:46:26,515 [INFO] Buying Power Available: $179.23
2025-03-08 15:46:26,637 [INFO] API Response (GET https://trading.robinhood.com/api/v1/crypto/marketdata/best_bid_ask/?symbol=LTC-USD): 200 - {"results":[{"symbol":"LTC-USD","timestamp":"2025-03-08T21:46:26.651260586Z","price":"104.095","bid_inclusive_of_sell_spread":"104.09","sell_spread":"0.00004803","ask_inclusive_of_buy_spread":"104.1","buy_spread":"0.00004803"}]}
2025-03-08 15:46:27,321 [INFO] Indicators for LTC-USD (15min) | MACD: -0.0013, Signal: -0.0322, Volume Condition: False (Current: 110.82874592, Avg10: 1278.19)
2025-03-08 15:46:27,321 [INFO] LTC-USD (15min) | MACD: -0.0013, Signal: -0.0322, Volume Condition: False, Price: $104.1
2025-03-08 15:46:27,321 [INFO] [91mBullish MACD crossover or volume condition not met for LTC-USD. No trade executed.[0m
2025-03-08 15:46:27,538 [INFO] API Response (GET https://trading.robinhood.com/api/v1/crypto/trading/accounts/): 200 - {"account_number":"311245509955","status":"active","buying_power":"179.2300","buying_power_currency":"USD"}
2025-03-08 15:46:28,044 [INFO] Buying Power Available: $179.23
2025-03-08 15:46:28,165 [INFO] API Response (GET https://trading.robinhood.com/api/v1/crypto/marketdata/best_bid_ask/?symbol=DOGE-USD): 200 - {"results":[{"symbol":"DOGE-USD","timestamp":"2025-03-08T21:46:28.179287283Z","price":"0.194575","bid_inclusive_of_sell_spread":"0.19455","sell_spread":"0.00012849","ask_inclusive_of_buy_spread":"0.1946","buy_spread":"0.00012849"}]}
2025-03-08 15:46:28,905 [INFO] Indicators for DOGE-USD (15min) | MACD: 0.0001, Signal: -0.0001, Volume Condition: False (Current: 72844.5, Avg10: 1071002.86)
2025-03-08 15:46:28,905 [INFO] DOGE-USD (15min) | MACD: 0.0001, Signal: -0.0001, Volume Condition: False, Price: $0.1946
2025-03-08 15:46:28,905 [INFO] [91mBullish MACD crossover or volume condition not met for DOGE-USD. No trade executed.[0m
2025-03-08 15:46:29,135 [INFO] API Response (GET https://trading.robinhood.com/api/v1/crypto/trading/accounts/): 200 - {"account_number":"311245509955","status":"active","buying_power":"179.2300","buying_power_currency":"USD"}
2025-03-08 15:46:29,640 [INFO] Buying Power Available: $179.23
2025-03-08 15:46:29,769 [INFO] API Response (GET https://trading.robinhood.com/api/v1/crypto/marketdata/best_bid_ask/?symbol=TRUMP-USD): 200 - {"results":[{"symbol":"TRUMP-USD","timestamp":"2025-03-08T21:46:29.783227518Z","price":"12.06276342","bid_inclusive_of_sell_spread":"11.9878305","sell_spread":"0.00621192","ask_inclusive_of_buy_spread":"12.13769634","buy_spread":"0.00621192"}]}
2025-03-08 15:46:30,432 [INFO] Indicators for TRUMP-USD (15min) | MACD: 0.0083, Signal: 0.0049, Volume Condition: False (Current: 9.232, Avg10: 3241.75)
2025-03-08 15:46:30,432 [INFO] TRUMP-USD (15min) | MACD: 0.0083, Signal: 0.0049, Volume Condition: False, Price: $12.13769634
2025-03-08 15:46:30,432 [INFO] [91mBullish MACD crossover or volume condition not met for TRUMP-USD. No trade executed.[0m
2025-03-08 15:46:30,592 [INFO] API Response (GET https://trading.robinhood.com/api/v1/crypto/trading/holdings/): 200 - {"next":null,"previous":null,"results":[{"account_number":"311245509955","asset_code":"ADA","total_quantity":"176.470000000000000000","quantity_available_for_trading":"176.470000000000000000"},{"account_number":"311245509955","asset_code":"DOGE","total_quantity":"8959.000000000000000000","quantity_available_for_trading":"8959.000000000000000000"}]}
2025-03-08 15:46:31,097 [INFO] Raw holdings response: {'next': None, 'previous': None, 'results': [{'account_number': '311245509955', 'asset_code': 'ADA', 'total_quantity': '176.470000000000000000', 'quantity_available_for_trading': '176.470000000000000000'}, {'account_number': '311245509955', 'asset_code': 'DOGE', 'total_quantity': '8959.000000000000000000', 'quantity_available_for_trading': '8959.000000000000000000'}]}
2025-03-08 15:46:31,098 [INFO] Parsed holdings: [{'account_number': '311245509955', 'asset_code': 'ADA', 'total_quantity': '176.470000000000000000', 'quantity_available_for_trading': '176.470000000000000000'}, {'account_number': '311245509955', 'asset_code': 'DOGE', 'total_quantity': '8959.000000000000000000', 'quantity_available_for_trading': '8959.000000000000000000'}]
2025-03-08 15:46:31,098 [INFO] Processing holding (type <class 'dict'>): {'account_number': '311245509955', 'asset_code': 'ADA', 'total_quantity': '176.470000000000000000', 'quantity_available_for_trading': '176.470000000000000000'}
2025-03-08 15:46:31,098 [ERROR] No average buy price for ADA-USD; skipping.
2025-03-08 15:46:31,098 [INFO] Processing holding (type <class 'dict'>): {'account_number': '311245509955', 'asset_code': 'DOGE', 'total_quantity': '8959.000000000000000000', 'quantity_available_for_trading': '8959.000000000000000000'}
2025-03-08 15:46:31,098 [ERROR] No average buy price for DOGE-USD; skipping.
2025-03-08 15:47:01,466 [INFO] API Response (GET https://trading.robinhood.com/api/v1/crypto/trading/accounts/): 200 - {"account_number":"311245509955","status":"active","buying_power":"179.2300","buying_power_currency":"USD"}
2025-03-08 15:47:01,970 [INFO] Buying Power Available: $179.23
2025-03-08 15:47:02,100 [INFO] API Response (GET https://trading.robinhood.com/api/v1/crypto/marketdata/best_bid_ask/?symbol=BTC-USD): 200 - {"results":[{"symbol":"BTC-USD","timestamp":"2025-03-08T21:47:02.111491045Z","price":"86327.485","bid_inclusive_of_sell_spread":"86330.97","sell_spread":"0.00004037","ask_inclusive_of_buy_spread":"86324","buy_spread":"0.00004037"}]}
2025-03-08 15:47:03,079 [INFO] Indicators for BTC-USD (15min) | MACD: 52.5500, Signal: 25.5040, Volume Condition: False (Current: 8.52405313, Avg10: 21.91)
2025-03-08 15:47:03,079 [INFO] BTC-USD (15min) | MACD: 52.5500, Signal: 25.5040, Volume Condition: False, Price: $86324.0
2025-03-08 15:47:03,079 [INFO] [91mBullish MACD crossover or volume condition not met for BTC-USD. No trade executed.[0m
2025-03-08 15:47:03,291 [INFO] API Response (GET https://trading.robinhood.com/api/v1/crypto/trading/accounts/): 200 - {"account_number":"311245509955","status":"active","buying_power":"179.2300","buying_power_currency":"USD"}
2025-03-08 15:47:03,792 [INFO] Buying Power Available: $179.23
2025-03-08 15:47:03,927 [INFO] API Response (GET https://trading.robinhood.com/api/v1/crypto/marketdata/best_bid_ask/?symbol=ETH-USD): 200 - {"results":[{"symbol":"ETH-USD","timestamp":"2025-03-08T21:47:03.942371049Z","price":"2215.775","bid_inclusive_of_sell_spread":"2215.77","sell_spread":"0.00000226","ask_inclusive_of_buy_spread":"2215.78","buy_spread":"0.00000226"}]}
2025-03-08 15:47:04,647 [INFO] Indicators for ETH-USD (15min) | MACD: 10.1875, Signal: 11.6292, Volume Condition: False (Current: 37.53341033, Avg10: 620.76)
2025-03-08 15:47:04,648 [INFO] ETH-USD (15min) | MACD: 10.1875, Signal: 11.6292, Volume Condition: False, Price: $2215.78
2025-03-08 15:47:04,648 [INFO] [91mBullish MACD crossover or volume condition not met for ETH-USD. No trade executed.[0m
2025-03-08 15:47:04,863 [INFO] API Response (GET https://trading.robinhood.com/api/v1/crypto/trading/accounts/): 200 - {"account_number":"311245509955","status":"active","buying_power":"179.2300","buying_power_currency":"USD"}
2025-03-08 15:47:05,366 [INFO] Buying Power Available: $179.23
2025-03-08 15:47:05,493 [INFO] API Response (GET https://trading.robinhood.com/api/v1/crypto/marketdata/best_bid_ask/?symbol=LTC-USD): 200 - {"results":[{"symbol":"LTC-USD","timestamp":"2025-03-08T21:47:05.50719309Z","price":"104.045","bid_inclusive_of_sell_spread":"104.04","sell_spread":"0.00004806","ask_inclusive_of_buy_spread":"104.05","buy_spread":"0.00004806"}]}
2025-03-08 15:47:06,435 [INFO] Indicators for LTC-USD (15min) | MACD: -0.0005, Signal: -0.0321, Volume Condition: False (Current: 155.20475927, Avg10: 1278.19)
2025-03-08 15:47:06,435 [INFO] LTC-USD (15min) | MACD: -0.0005, Signal: -0.0321, Volume Condition: False, Price: $104.05
2025-03-08 15:47:06,435 [INFO] [91mBullish MACD crossover or volume condition not met for LTC-USD. No trade executed.[0m
2025-03-08 15:47:06,655 [INFO] API Response (GET https://trading.robinhood.com/api/v1/crypto/trading/accounts/): 200 - {"account_number":"311245509955","status":"active","buying_power":"179.2300","buying_power_currency":"USD"}
2025-03-08 15:47:07,157 [INFO] Buying Power Available: $179.23
2025-03-08 15:47:07,281 [INFO] API Response (GET https://trading.robinhood.com/api/v1/crypto/marketdata/best_bid_ask/?symbol=DOGE-USD): 200 - {"results":[{"symbol":"DOGE-USD","timestamp":"2025-03-08T21:47:07.295051078Z","price":"0.19456","bid_inclusive_of_sell_spread":"0.19453","sell_spread":"0.00015419","ask_inclusive_of_buy_spread":"0.19459","buy_spread":"0.00015419"}]}
2025-03-08 15:47:08,006 [INFO] Indicators for DOGE-USD (15min) | MACD: 0.0001, Signal: -0.0001, Volume Condition: False (Current: 82018.7, Avg10: 1071002.86)
2025-03-08 15:47:08,007 [INFO] DOGE-USD (15min) | MACD: 0.0001, Signal: -0.0001, Volume Condition: False, Price: $0.19459
2025-03-08 15:47:08,007 [INFO] [91mBullish MACD crossover or volume condition not met for DOGE-USD. No trade executed.[0m
2025-03-08 15:47:08,220 [INFO] API Response (GET https://trading.robinhood.com/api/v1/crypto/trading/accounts/): 200 - {"account_number":"311245509955","status":"active","buying_power":"179.2300","buying_power_currency":"USD"}
2025-03-08 15:47:08,725 [INFO] Buying Power Available: $179.23
2025-03-08 15:47:08,853 [INFO] API Response (GET https://trading.robinhood.com/api/v1/crypto/marketdata/best_bid_ask/?symbol=TRUMP-USD): 200 - {"results":[{"symbol":"TRUMP-USD","timestamp":"2025-03-08T21:47:08.864686858Z","price":"12.05259767","bid_inclusive_of_sell_spread":"11.9775661","sell_spread":"0.00622534","ask_inclusive_of_buy_spread":"12.12762924","buy_spread":"0.00622534"}]}
2025-03-08 15:47:09,805 [INFO] Indicators for TRUMP-USD (15min) | MACD: 0.0075, Signal: 0.0047, Volume Condition: False (Current: 14.906, Avg10: 3241.75)
2025-03-08 15:47:09,805 [INFO] TRUMP-USD (15min) | MACD: 0.0075, Signal: 0.0047, Volume Condition: False, Price: $12.12762924
2025-03-08 15:47:09,805 [INFO] [91mBullish MACD crossover or volume condition not met for TRUMP-USD. No trade executed.[0m
2025-03-08 15:47:09,976 [INFO] API Response (GET https://trading.robinhood.com/api/v1/crypto/trading/holdings/): 200 - {"next":null,"previous":null,"results":[{"account_number":"311245509955","asset_code":"ADA","total_quantity":"176.470000000000000000","quantity_available_for_trading":"176.470000000000000000"},{"account_number":"311245509955","asset_code":"DOGE","total_quantity":"8959.000000000000000000","quantity_available_for_trading":"8959.000000000000000000"}]}
2025-03-08 15:47:10,482 [INFO] Raw holdings response: {'next': None, 'previous': None, 'results': [{'account_number': '311245509955', 'asset_code': 'ADA', 'total_quantity': '176.470000000000000000', 'quantity_available_for_trading': '176.470000000000000000'}, {'account_number': '311245509955', 'asset_code': 'DOGE', 'total_quantity': '8959.000000000000000000', 'quantity_available_for_trading': '8959.000000000000000000'}]}
2025-03-08 15:47:10,482 [INFO] Parsed holdings: [{'account_number': '311245509955', 'asset_code': 'ADA', 'total_quantity': '176.470000000000000000', 'quantity_available_for_trading': '176.470000000000000000'}, {'account_number': '311245509955', 'asset_code': 'DOGE', 'total_quantity': '8959.000000000000000000', 'quantity_available_for_trading': '8959.000000000000000000'}]
2025-03-08 15:47:10,482 [INFO] Processing holding (type <class 'dict'>): {'account_number': '311245509955', 'asset_code': 'ADA', 'total_quantity': '176.470000000000000000', 'quantity_available_for_trading': '176.470000000000000000'}
2025-03-08 15:47:10,482 [ERROR] No average buy price for ADA-USD; skipping.
2025-03-08 15:47:10,482 [INFO] Processing holding (type <class 'dict'>): {'account_number': '311245509955', 'asset_code': 'DOGE', 'total_quantity': '8959.000000000000000000', 'quantity_available_for_trading': '8959.000000000000000000'}
2025-03-08 15:47:10,482 [ERROR] No average buy price for DOGE-USD; skipping.
2025-03-08 15:47:40,831 [INFO] API Response (GET https://trading.robinhood.com/api/v1/crypto/trading/accounts/): 200 - {"account_number":"311245509955","status":"active","buying_power":"179.2300","buying_power_currency":"USD"}
2025-03-08 15:47:41,334 [INFO] Buying Power Available: $179.23
2025-03-08 15:47:41,458 [INFO] API Response (GET https://trading.robinhood.com/api/v1/crypto/marketdata/best_bid_ask/?symbol=BTC-USD): 200 - {"results":[{"symbol":"BTC-USD","timestamp":"2025-03-08T21:47:41.47169875Z","price":"86334.945","bid_inclusive_of_sell_spread":"86335.89","sell_spread":"0.00001095","ask_inclusive_of_buy_spread":"86334","buy_spread":"0.00001095"}]}
2025-03-08 15:47:42,110 [INFO] Indicators for BTC-USD (15min) | MACD: 52.5699, Signal: 25.5080, Volume Condition: False (Current: 9.39815047, Avg10: 21.91)
2025-03-08 15:47:42,110 [INFO] BTC-USD (15min) | MACD: 52.5699, Signal: 25.5080, Volume Condition: False, Price: $86334.0
2025-03-08 15:47:42,110 [INFO] [91mBullish MACD crossover or volume condition not met for BTC-USD. No trade executed.[0m
2025-03-08 15:47:42,328 [INFO] API Response (GET https://trading.robinhood.com/api/v1/crypto/trading/accounts/): 200 - {"account_number":"311245509955","status":"active","buying_power":"179.2300","buying_power_currency":"USD"}
2025-03-08 15:47:42,834 [INFO] Buying Power Available: $179.23
2025-03-08 15:47:42,954 [INFO] API Response (GET https://trading.robinhood.com/api/v1/crypto/marketdata/best_bid_ask/?symbol=ETH-USD): 200 - {"results":[{"symbol":"ETH-USD","timestamp":"2025-03-08T21:47:42.967217759Z","price":"2215.48","bid_inclusive_of_sell_spread":"2215.56","sell_spread":"0.00003611","ask_inclusive_of_buy_spread":"2215.4","buy_spread":"0.00003611"}]}
2025-03-08 15:47:43,642 [INFO] Indicators for ETH-USD (15min) | MACD: 10.1588, Signal: 11.6235, Volume Condition: False (Current: 43.85826915, Avg10: 620.76)
2025-03-08 15:47:43,643 [INFO] ETH-USD (15min) | MACD: 10.1588, Signal: 11.6235, Volume Condition: False, Price: $2215.4
2025-03-08 15:47:43,643 [INFO] [91mBullish MACD crossover or volume condition not met for ETH-USD. No trade executed.[0m
2025-03-08 15:47:43,860 [INFO] API Response (GET https://trading.robinhood.com/api/v1/crypto/trading/accounts/): 200 - {"account_number":"311245509955","status":"active","buying_power":"179.2300","buying_power_currency":"USD"}
2025-03-08 15:47:44,361 [INFO] Buying Power Available: $179.23
2025-03-08 15:47:44,487 [INFO] API Response (GET https://trading.robinhood.com/api/v1/crypto/marketdata/best_bid_ask/?symbol=LTC-USD): 200 - {"results":[{"symbol":"LTC-USD","timestamp":"2025-03-08T21:47:44.500726277Z","price":"104.005","bid_inclusive_of_sell_spread":"104","sell_spread":"0.00004807","ask_inclusive_of_buy_spread":"104.01","buy_spread":"0.00004807"}]}
2025-03-08 15:47:45,174 [INFO] Indicators for LTC-USD (15min) | MACD: -0.0021, Signal: -0.0324, Volume Condition: False (Current: 167.28922446, Avg10: 1278.19)
2025-03-08 15:47:45,174 [INFO] LTC-USD (15min) | MACD: -0.0021, Signal: -0.0324, Volume Condition: False, Price: $104.01
2025-03-08 15:47:45,174 [INFO] [91mBullish MACD crossover or volume condition not met for LTC-USD. No trade executed.[0m
2025-03-08 15:47:45,460 [INFO] API Response (GET https://trading.robinhood.com/api/v1/crypto/trading/accounts/): 200 - {"account_number":"311245509955","status":"active","buying_power":"179.2300","buying_power_currency":"USD"}
2025-03-08 15:47:45,966 [INFO] Buying Power Available: $179.23
2025-03-08 15:47:46,030 [INFO] API Response (GET https://trading.robinhood.com/api/v1/crypto/marketdata/best_bid_ask/?symbol=DOGE-USD): 200 - {"results":[{"symbol":"DOGE-USD","timestamp":"2025-03-08T21:47:46.042628755Z","price":"0.194515","bid_inclusive_of_sell_spread":"0.19449","sell_spread":"0.00012852","ask_inclusive_of_buy_spread":"0.19454","buy_spread":"0.00012852"}]}
2025-03-08 15:47:46,688 [INFO] Indicators for DOGE-USD (15min) | MACD: 0.0001, Signal: -0.0001, Volume Condition: False (Current: 92189.4, Avg10: 1071002.86)
2025-03-08 15:47:46,688 [INFO] DOGE-USD (15min) | MACD: 0.0001, Signal: -0.0001, Volume Condition: False, Price: $0.19454
2025-03-08 15:47:46,689 [INFO] [91mBullish MACD crossover or volume condition not met for DOGE-USD. No trade executed.[0m
2025-03-08 15:47:46,908 [INFO] API Response (GET https://trading.robinhood.com/api/v1/crypto/trading/accounts/): 200 - {"account_number":"311245509955","status":"active","buying_power":"179.2300","buying_power_currency":"USD"}
2025-03-08 15:47:47,413 [INFO] Buying Power Available: $179.23
2025-03-08 15:47:47,535 [INFO] API Response (GET https://trading.robinhood.com/api/v1/crypto/marketdata/best_bid_ask/?symbol=TRUMP-USD): 200 - {"results":[{"symbol":"TRUMP-USD","timestamp":"2025-03-08T21:47:47.548993026Z","price":"12.0470198","bid_inclusive_of_sell_spread":"11.9740396","sell_spread":"0.00605795","ask_inclusive_of_buy_spread":"12.12","buy_spread":"0.00605795"}]}
2025-03-08 15:47:48,263 [INFO] Indicators for TRUMP-USD (15min) | MACD: 0.0075, Signal: 0.0047, Volume Condition: False (Current: 222.042, Avg10: 3241.75)
2025-03-08 15:47:48,263 [INFO] TRUMP-USD (15min) | MACD: 0.0075, Signal: 0.0047, Volume Condition: False, Price: $12.12
2025-03-08 15:47:48,263 [INFO] [91mBullish MACD crossover or volume condition not met for TRUMP-USD. No trade executed.[0m
2025-03-08 15:47:48,360 [INFO] API Response (GET https://trading.robinhood.com/api/v1/crypto/trading/holdings/): 200 - {"next":null,"previous":null,"results":[{"account_number":"311245509955","asset_code":"ADA","total_quantity":"176.470000000000000000","quantity_available_for_trading":"176.470000000000000000"},{"account_number":"311245509955","asset_code":"DOGE","total_quantity":"8959.000000000000000000","quantity_available_for_trading":"8959.000000000000000000"}]}
2025-03-08 15:47:48,865 [INFO] Raw holdings response: {'next': None, 'previous': None, 'results': [{'account_number': '311245509955', 'asset_code': 'ADA', 'total_quantity': '176.470000000000000000', 'quantity_available_for_trading': '176.470000000000000000'}, {'account_number': '311245509955', 'asset_code': 'DOGE', 'total_quantity': '8959.000000000000000000', 'quantity_available_for_trading': '8959.000000000000000000'}]}
2025-03-08 15:47:48,866 [INFO] Parsed holdings: [{'account_number': '311245509955', 'asset_code': 'ADA', 'total_quantity': '176.470000000000000000', 'quantity_available_for_trading': '176.470000000000000000'}, {'account_number': '311245509955', 'asset_code': 'DOGE', 'total_quantity': '8959.000000000000000000', 'quantity_available_for_trading': '8959.000000000000000000'}]
2025-03-08 15:47:48,866 [INFO] Processing holding (type <class 'dict'>): {'account_number': '311245509955', 'asset_code': 'ADA', 'total_quantity': '176.470000000000000000', 'quantity_available_for_trading': '176.470000000000000000'}
2025-03-08 15:47:48,866 [ERROR] No average buy price for ADA-USD; skipping.
2025-03-08 15:47:48,866 [INFO] Processing holding (type <class 'dict'>): {'account_number': '311245509955', 'asset_code': 'DOGE', 'total_quantity': '8959.000000000000000000', 'quantity_available_for_trading': '8959.000000000000000000'}
2025-03-08 15:47:48,867 [ERROR] No average buy price for DOGE-USD; skipping.
2025-03-08 15:48:19,219 [INFO] API Response (GET https://trading.robinhood.com/api/v1/crypto/trading/accounts/): 200 - {"account_number":"311245509955","status":"active","buying_power":"179.2300","buying_power_currency":"USD"}
2025-03-08 15:48:19,725 [INFO] Buying Power Available: $179.23
2025-03-08 15:48:19,857 [INFO] API Response (GET https://trading.robinhood.com/api/v1/crypto/marketdata/best_bid_ask/?symbol=BTC-USD): 200 - {"results":[{"symbol":"BTC-USD","timestamp":"2025-03-08T21:48:19.869065597Z","price":"86333.23","bid_inclusive_of_sell_spread":"86333","sell_spread":"0.00000266","ask_inclusive_of_buy_spread":"86333.46","buy_spread":"0.00000266"}]}
2025-03-08 15:48:20,599 [INFO] Indicators for BTC-USD (15min) | MACD: 52.3689, Signal: 25.4678, Volume Condition: False (Current: 12.10333662, Avg10: 21.91)
2025-03-08 15:48:20,600 [INFO] BTC-USD (15min) | MACD: 52.3689, Signal: 25.4678, Volume Condition: False, Price: $86333.46
2025-03-08 15:48:20,600 [INFO] [91mBullish MACD crossover or volume condition not met for BTC-USD. No trade executed.[0m
2025-03-08 15:48:20,756 [INFO] API Response (GET https://trading.robinhood.com/api/v1/crypto/trading/accounts/): 200 - {"account_number":"311245509955","status":"active","buying_power":"179.2300","buying_power_currency":"USD"}
2025-03-08 15:48:21,258 [INFO] Buying Power Available: $179.23
2025-03-08 15:48:21,390 [INFO] API Response (GET https://trading.robinhood.com/api/v1/crypto/marketdata/best_bid_ask/?symbol=ETH-USD): 200 - {"results":[{"symbol":"ETH-USD","timestamp":"2025-03-08T21:48:21.403032975Z","price":"2216.415","bid_inclusive_of_sell_spread":"2216.43","sell_spread":"0.00000677","ask_inclusive_of_buy_spread":"2216.4","buy_spread":"0.00000677"}]}
2025-03-08 15:48:22,161 [INFO] Indicators for ETH-USD (15min) | MACD: 10.1923, Signal: 11.6302, Volume Condition: False (Current: 48.2571786, Avg10: 620.76)
2025-03-08 15:48:22,162 [INFO] ETH-USD (15min) | MACD: 10.1923, Signal: 11.6302, Volume Condition: False, Price: $2216.4
2025-03-08 15:48:22,162 [INFO] [91mBullish MACD crossover or volume condition not met for ETH-USD. No trade executed.[0m
2025-03-08 15:48:22,381 [INFO] API Response (GET https://trading.robinhood.com/api/v1/crypto/trading/accounts/): 200 - {"account_number":"311245509955","status":"active","buying_power":"179.2300","buying_power_currency":"USD"}
2025-03-08 16:05:11,058 [INFO] Buying Power Available: $179.23
2025-03-08 16:05:21,059 [ERROR] Error making API request: HTTPSConnectionPool(host='trading.robinhood.com', port=443): Read timed out. (read timeout=10)
2025-03-08 16:05:21,061 [ERROR] Unable to fetch ticker for LTC-USD
2025-03-08 16:05:21,417 [INFO] API Response (GET https://trading.robinhood.com/api/v1/crypto/trading/accounts/): 200 - {"account_number":"311245509955","status":"active","buying_power":"179.2300","buying_power_currency":"USD"}
2025-03-08 16:05:21,924 [INFO] Buying Power Available: $179.23
2025-03-08 16:05:22,117 [INFO] API Response (GET https://trading.robinhood.com/api/v1/crypto/marketdata/best_bid_ask/?symbol=DOGE-USD): 200 - {"results":[{"symbol":"DOGE-USD","timestamp":"2025-03-08T22:05:22.12769608Z","price":"0.19423","bid_inclusive_of_sell_spread":"0.19421","sell_spread":"0.00010297","ask_inclusive_of_buy_spread":"0.19425","buy_spread":"0.00010297"}]}
2025-03-08 16:05:23,089 [INFO] Indicators for DOGE-USD (15min) | MACD: 0.0000, Signal: -0.0000, Volume Condition: False (Current: 280905.3, Avg10: 966753.67)
2025-03-08 16:05:23,090 [INFO] DOGE-USD (15min) | MACD: 0.0000, Signal: -0.0000, Volume Condition: False, Price: $0.19425
2025-03-08 16:05:23,090 [INFO] [91mBullish MACD crossover or volume condition not met for DOGE-USD. No trade executed.[0m
2025-03-08 16:05:23,317 [INFO] API Response (GET https://trading.robinhood.com/api/v1/crypto/trading/accounts/): 200 - {"account_number":"311245509955","status":"active","buying_power":"179.2300","buying_power_currency":"USD"}
2025-03-08 16:05:23,822 [INFO] Buying Power Available: $179.23
2025-03-08 16:05:23,985 [INFO] API Response (GET https://trading.robinhood.com/api/v1/crypto/marketdata/best_bid_ask/?symbol=TRUMP-USD): 200 - {"results":[{"symbol":"TRUMP-USD","timestamp":"2025-03-08T22:05:24.000855807Z","price":"12.04330386","bid_inclusive_of_sell_spread":"11.9672335","sell_spread":"0.0063164","ask_inclusive_of_buy_spread":"12.11937422","buy_spread":"0.0063164"}]}
2025-03-08 16:05:24,818 [INFO] Indicators for TRUMP-USD (15min) | MACD: 0.0048, Signal: 0.0046, Volume Condition: False (Current: 594.73, Avg10: 3160.90)
2025-03-08 16:05:24,818 [INFO] TRUMP-USD (15min) | MACD: 0.0048, Signal: 0.0046, Volume Condition: False, Price: $12.11937422
2025-03-08 16:05:24,818 [INFO] [91mBullish MACD crossover or volume condition not met for TRUMP-USD. No trade executed.[0m
2025-03-08 16:05:25,110 [INFO] API Response (GET https://trading.robinhood.com/api/v1/crypto/trading/holdings/): 200 - {"next":null,"previous":null,"results":[{"account_number":"311245509955","asset_code":"ADA","total_quantity":"176.470000000000000000","quantity_available_for_trading":"176.470000000000000000"},{"account_number":"311245509955","asset_code":"DOGE","total_quantity":"8959.000000000000000000","quantity_available_for_trading":"8959.000000000000000000"}]}
2025-03-08 16:05:25,620 [INFO] Raw holdings response: {'next': None, 'previous': None, 'results': [{'account_number': '311245509955', 'asset_code': 'ADA', 'total_quantity': '176.470000000000000000', 'quantity_available_for_trading': '176.470000000000000000'}, {'account_number': '311245509955', 'asset_code': 'DOGE', 'total_quantity': '8959.000000000000000000', 'quantity_available_for_trading': '8959.000000000000000000'}]}
2025-03-08 16:05:25,621 [INFO] Parsed holdings: [{'account_number': '311245509955', 'asset_code': 'ADA', 'total_quantity': '176.470000000000000000', 'quantity_available_for_trading': '176.470000000000000000'}, {'account_number': '311245509955', 'asset_code': 'DOGE', 'total_quantity': '8959.000000000000000000', 'quantity_available_for_trading': '8959.000000000000000000'}]
2025-03-08 16:05:25,621 [INFO] Processing holding (type <class 'dict'>): {'account_number': '311245509955', 'asset_code': 'ADA', 'total_quantity': '176.470000000000000000', 'quantity_available_for_trading': '176.470000000000000000'}
2025-03-08 16:05:25,621 [ERROR] No average buy price for ADA-USD; skipping.
2025-03-08 16:05:25,621 [INFO] Processing holding (type <class 'dict'>): {'account_number': '311245509955', 'asset_code': 'DOGE', 'total_quantity': '8959.000000000000000000', 'quantity_available_for_trading': '8959.000000000000000000'}
2025-03-08 16:05:25,621 [ERROR] No average buy price for DOGE-USD; skipping.
2025-03-08 16:22:45,828 [ERROR] Error making API request: HTTPSConnectionPool(host='trading.robinhood.com', port=443): Read timed out. (read timeout=10)
2025-03-08 16:22:45,829 [ERROR] Could not fetch buying power.
2025-03-08 16:22:45,830 [ERROR] Not enough buying power for trading: $0.0
2025-03-08 16:22:46,145 [INFO] API Response (GET https://trading.robinhood.com/api/v1/crypto/trading/accounts/): 200 - {"account_number":"311245509955","status":"active","buying_power":"179.2300","buying_power_currency":"USD"}
2025-03-08 16:22:46,651 [INFO] Buying Power Available: $179.23
2025-03-08 16:22:46,775 [INFO] API Response (GET https://trading.robinhood.com/api/v1/crypto/marketdata/best_bid_ask/?symbol=ETH-USD): 200 - {"results":[{"symbol":"ETH-USD","timestamp":"2025-03-08T22:22:46.783360787Z","price":"2200.65","bid_inclusive_of_sell_spread":"2200.7","sell_spread":"0.00002272","ask_inclusive_of_buy_spread":"2200.6","buy_spread":"0.00002272"}]}
2025-03-08 16:22:47,498 [INFO] Indicators for ETH-USD (15min) | MACD: 7.0603, Signal: 10.2327, Volume Condition: False (Current: 401.64596918, Avg10: 516.03)
2025-03-08 16:22:47,498 [INFO] ETH-USD (15min) | MACD: 7.0603, Signal: 10.2327, Volume Condition: False, Price: $2200.6
2025-03-08 16:22:47,498 [INFO] [91mBullish MACD crossover or volume condition not met for ETH-USD. No trade executed.[0m
2025-03-08 16:22:47,717 [INFO] API Response (GET https://trading.robinhood.com/api/v1/crypto/trading/accounts/): 200 - {"account_number":"311245509955","status":"active","buying_power":"179.2300","buying_power_currency":"USD"}
2025-03-08 16:22:48,220 [INFO] Buying Power Available: $179.23
2025-03-08 16:22:48,341 [INFO] API Response (GET https://trading.robinhood.com/api/v1/crypto/marketdata/best_bid_ask/?symbol=LTC-USD): 200 - {"results":[{"symbol":"LTC-USD","timestamp":"2025-03-08T22:22:48.346870098Z","price":"102.925","bid_inclusive_of_sell_spread":"102.91","sell_spread":"0.00014574","ask_inclusive_of_buy_spread":"102.94","buy_spread":"0.00014574"}]}
2025-03-08 16:22:48,992 [INFO] Indicators for LTC-USD (15min) | MACD: -0.1752, Signal: -0.0779, Volume Condition: False (Current: 294.67849118, Avg10: 1174.61)
2025-03-08 16:22:48,993 [INFO] LTC-USD (15min) | MACD: -0.1752, Signal: -0.0779, Volume Condition: False, Price: $102.94
2025-03-08 16:22:48,993 [INFO] [91mBullish MACD crossover or volume condition not met for LTC-USD. No trade executed.[0m
2025-03-08 16:22:49,207 [INFO] API Response (GET https://trading.robinhood.com/api/v1/crypto/trading/accounts/): 200 - {"account_number":"311245509955","status":"active","buying_power":"179.2300","buying_power_currency":"USD"}
2025-03-08 16:22:49,712 [INFO] Buying Power Available: $179.23
2025-03-08 16:22:49,829 [INFO] API Response (GET https://trading.robinhood.com/api/v1/crypto/marketdata/best_bid_ask/?symbol=DOGE-USD): 200 - {"results":[{"symbol":"DOGE-USD","timestamp":"2025-03-08T22:22:49.836678807Z","price":"0.191965","bid_inclusive_of_sell_spread":"0.19194","sell_spread":"0.00013023","ask_inclusive_of_buy_spread":"0.19199","buy_spread":"0.00013023"}]}
2025-03-08 16:22:50,542 [INFO] Indicators for DOGE-USD (15min) | MACD: -0.0002, Signal: -0.0001, Volume Condition: False (Current: 650161.2, Avg10: 934768.67)
2025-03-08 16:22:50,543 [INFO] DOGE-USD (15min) | MACD: -0.0002, Signal: -0.0001, Volume Condition: False, Price: $0.19199
2025-03-08 16:22:50,543 [INFO] [91mBullish MACD crossover or volume condition not met for DOGE-USD. No trade executed.[0m
2025-03-08 16:22:50,754 [INFO] API Response (GET https://trading.robinhood.com/api/v1/crypto/trading/accounts/): 200 - {"account_number":"311245509955","status":"active","buying_power":"179.2300","buying_power_currency":"USD"}
2025-03-08 16:22:51,256 [INFO] Buying Power Available: $179.23
2025-03-08 16:22:51,375 [INFO] API Response (GET https://trading.robinhood.com/api/v1/crypto/marketdata/best_bid_ask/?symbol=TRUMP-USD): 200 - {"results":[{"symbol":"TRUMP-USD","timestamp":"2025-03-08T22:22:51.382726902Z","price":"11.89660815","bid_inclusive_of_sell_spread":"11.8232163","sell_spread":"0.00616914","ask_inclusive_of_buy_spread":"11.97","buy_spread":"0.00616914"}]}
2025-03-08 16:22:52,085 [INFO] Indicators for TRUMP-USD (15min) | MACD: -0.0128, Signal: -0.0001, Volume Condition: True (Current: 13350.72, Avg10: 3520.32)
2025-03-08 16:22:52,086 [INFO] TRUMP-USD (15min) | MACD: -0.0128, Signal: -0.0001, Volume Condition: True, Price: $11.97
2025-03-08 16:22:52,086 [INFO] [91mBullish MACD crossover or volume condition not met for TRUMP-USD. No trade executed.[0m
2025-03-08 16:22:52,247 [INFO] API Response (GET https://trading.robinhood.com/api/v1/crypto/trading/holdings/): 200 - {"next":null,"previous":null,"results":[{"account_number":"311245509955","asset_code":"ADA","total_quantity":"176.470000000000000000","quantity_available_for_trading":"176.470000000000000000"},{"account_number":"311245509955","asset_code":"DOGE","total_quantity":"8959.000000000000000000","quantity_available_for_trading":"8959.000000000000000000"}]}
2025-03-08 16:22:52,749 [INFO] Raw holdings response: {'next': None, 'previous': None, 'results': [{'account_number': '311245509955', 'asset_code': 'ADA', 'total_quantity': '176.470000000000000000', 'quantity_available_for_trading': '176.470000000000000000'}, {'account_number': '311245509955', 'asset_code': 'DOGE', 'total_quantity': '8959.000000000000000000', 'quantity_available_for_trading': '8959.000000000000000000'}]}
2025-03-08 16:22:52,750 [INFO] Parsed holdings: [{'account_number': '311245509955', 'asset_code': 'ADA', 'total_quantity': '176.470000000000000000', 'quantity_available_for_trading': '176.470000000000000000'}, {'account_number': '311245509955', 'asset_code': 'DOGE', 'total_quantity': '8959.000000000000000000', 'quantity_available_for_trading': '8959.000000000000000000'}]
2025-03-08 16:22:52,750 [INFO] Processing holding (type <class 'dict'>): {'account_number': '311245509955', 'asset_code': 'ADA', 'total_quantity': '176.470000000000000000', 'quantity_available_for_trading': '176.470000000000000000'}
2025-03-08 16:22:52,750 [ERROR] No average buy price for ADA-USD; skipping.
2025-03-08 16:22:52,751 [INFO] Processing holding (type <class 'dict'>): {'account_number': '311245509955', 'asset_code': 'DOGE', 'total_quantity': '8959.000000000000000000', 'quantity_available_for_trading': '8959.000000000000000000'}
2025-03-08 16:22:52,751 [ERROR] No average buy price for DOGE-USD; skipping.
2025-03-08 16:23:23,094 [INFO] API Response (GET https://trading.robinhood.com/api/v1/crypto/trading/accounts/): 200 - {"account_number":"311245509955","status":"active","buying_power":"179.2300","buying_power_currency":"USD"}
2025-03-08 16:23:23,599 [INFO] Buying Power Available: $179.23
2025-03-08 16:23:23,715 [INFO] API Response (GET https://trading.robinhood.com/api/v1/crypto/marketdata/best_bid_ask/?symbol=BTC-USD): 200 - {"results":[{"symbol":"BTC-USD","timestamp":"2025-03-08T22:23:23.72127564Z","price":"85897.07","bid_inclusive_of_sell_spread":"85899","sell_spread":"0.00002247","ask_inclusive_of_buy_spread":"85895.14","buy_spread":"0.00002247"}]}
2025-03-08 16:23:24,401 [INFO] Indicators for BTC-USD (15min) | MACD: -8.4378, Signal: 15.6729, Volume Condition: False (Current: 14.56994244, Avg10: 19.68)
2025-03-08 16:23:24,402 [INFO] BTC-USD (15min) | MACD: -8.4378, Signal: 15.6729, Volume Condition: False, Price: $85895.14
2025-03-08 16:23:24,402 [INFO] [91mBullish MACD crossover or volume condition not met for BTC-USD. No trade executed.[0m
2025-03-08 16:23:24,726 [INFO] API Response (GET https://trading.robinhood.com/api/v1/crypto/trading/accounts/): 200 - {"account_number":"311245509955","status":"active","buying_power":"179.2300","buying_power_currency":"USD"}
2025-03-08 16:23:25,229 [INFO] Buying Power Available: $179.23
2025-03-08 16:23:25,352 [INFO] API Response (GET https://trading.robinhood.com/api/v1/crypto/marketdata/best_bid_ask/?symbol=ETH-USD): 200 - {"results":[{"symbol":"ETH-USD","timestamp":"2025-03-08T22:23:25.357811019Z","price":"2200.885","bid_inclusive_of_sell_spread":"2200.83","sell_spread":"0.00002499","ask_inclusive_of_buy_spread":"2200.94","buy_spread":"0.00002499"}]}
2025-03-08 16:23:26,043 [INFO] Indicators for ETH-USD (15min) | MACD: 7.0387, Signal: 10.2284, Volume Condition: False (Current: 405.67393279, Avg10: 516.03)
2025-03-08 16:23:26,044 [INFO] ETH-USD (15min) | MACD: 7.0387, Signal: 10.2284, Volume Condition: False, Price: $2200.94
2025-03-08 16:23:26,044 [INFO] [91mBullish MACD crossover or volume condition not met for ETH-USD. No trade executed.[0m
2025-03-08 16:23:26,280 [INFO] API Response (GET https://trading.robinhood.com/api/v1/crypto/trading/accounts/): 200 - {"account_number":"311245509955","status":"active","buying_power":"179.2300","buying_power_currency":"USD"}
2025-03-08 16:23:26,785 [INFO] Buying Power Available: $179.23
2025-03-08 16:23:26,913 [INFO] API Response (GET https://trading.robinhood.com/api/v1/crypto/marketdata/best_bid_ask/?symbol=LTC-USD): 200 - {"results":[{"symbol":"LTC-USD","timestamp":"2025-03-08T22:23:26.919004032Z","price":"102.915","bid_inclusive_of_sell_spread":"102.91","sell_spread":"0.00004858","ask_inclusive_of_buy_spread":"102.92","buy_spread":"0.00004858"}]}
2025-03-08 16:23:27,577 [INFO] Indicators for LTC-USD (15min) | MACD: -0.1760, Signal: -0.0780, Volume Condition: False (Current: 400.1911262, Avg10: 1174.61)
2025-03-08 16:23:27,577 [INFO] LTC-USD (15min) | MACD: -0.1760, Signal: -0.0780, Volume Condition: False, Price: $102.92
2025-03-08 16:23:27,577 [INFO] [91mBullish MACD crossover or volume condition not met for LTC-USD. No trade executed.[0m
2025-03-08 16:23:27,790 [INFO] API Response (GET https://trading.robinhood.com/api/v1/crypto/trading/accounts/): 200 - {"account_number":"311245509955","status":"active","buying_power":"179.2300","buying_power_currency":"USD"}
2025-03-08 16:23:28,292 [INFO] Buying Power Available: $179.23
2025-03-08 16:23:28,415 [INFO] API Response (GET https://trading.robinhood.com/api/v1/crypto/marketdata/best_bid_ask/?symbol=DOGE-USD): 200 - {"results":[{"symbol":"DOGE-USD","timestamp":"2025-03-08T22:23:28.42077179Z","price":"0.19207","bid_inclusive_of_sell_spread":"0.19204","sell_spread":"0.00015619","ask_inclusive_of_buy_spread":"0.1921","buy_spread":"0.00015619"}]}
2025-03-08 16:23:29,329 [INFO] Indicators for DOGE-USD (15min) | MACD: -0.0002, Signal: -0.0001, Volume Condition: False (Current: 661685.0, Avg10: 934768.67)
2025-03-08 16:23:29,330 [INFO] DOGE-USD (15min) | MACD: -0.0002, Signal: -0.0001, Volume Condition: False, Price: $0.1921
2025-03-08 16:23:29,330 [INFO] [91mBullish MACD crossover or volume condition not met for DOGE-USD. No trade executed.[0m
2025-03-08 16:23:29,558 [INFO] API Response (GET https://trading.robinhood.com/api/v1/crypto/trading/accounts/): 200 - {"account_number":"311245509955","status":"active","buying_power":"179.2300","buying_power_currency":"USD"}
2025-03-08 16:23:30,064 [INFO] Buying Power Available: $179.23
2025-03-08 16:23:30,193 [INFO] API Response (GET https://trading.robinhood.com/api/v1/crypto/marketdata/best_bid_ask/?symbol=TRUMP-USD): 200 - {"results":[{"symbol":"TRUMP-USD","timestamp":"2025-03-08T22:23:30.200102245Z","price":"11.9050818","bid_inclusive_of_sell_spread":"11.8301636","sell_spread":"0.00629296","ask_inclusive_of_buy_spread":"11.98","buy_spread":"0.00629296"}]}
2025-03-08 16:23:30,877 [INFO] Indicators for TRUMP-USD (15min) | MACD: -0.0136, Signal: -0.0003, Volume Condition: True (Current: 13353.268, Avg10: 3520.32)
2025-03-08 16:23:30,877 [INFO] TRUMP-USD (15min) | MACD: -0.0136, Signal: -0.0003, Volume Condition: True, Price: $11.98
2025-03-08 16:23:30,877 [INFO] [91mBullish MACD crossover or volume condition not met for TRUMP-USD. No trade executed.[0m
2025-03-08 16:23:31,035 [INFO] API Response (GET https://trading.robinhood.com/api/v1/crypto/trading/holdings/): 200 - {"next":null,"previous":null,"results":[{"account_number":"311245509955","asset_code":"ADA","total_quantity":"176.470000000000000000","quantity_available_for_trading":"176.470000000000000000"},{"account_number":"311245509955","asset_code":"DOGE","total_quantity":"8959.000000000000000000","quantity_available_for_trading":"8959.000000000000000000"}]}
2025-03-08 16:23:31,541 [INFO] Raw holdings response: {'next': None, 'previous': None, 'results': [{'account_number': '311245509955', 'asset_code': 'ADA', 'total_quantity': '176.470000000000000000', 'quantity_available_for_trading': '176.470000000000000000'}, {'account_number': '311245509955', 'asset_code': 'DOGE', 'total_quantity': '8959.000000000000000000', 'quantity_available_for_trading': '8959.000000000000000000'}]}
2025-03-08 16:23:31,541 [INFO] Parsed holdings: [{'account_number': '311245509955', 'asset_code': 'ADA', 'total_quantity': '176.470000000000000000', 'quantity_available_for_trading': '176.470000000000000000'}, {'account_number': '311245509955', 'asset_code': 'DOGE', 'total_quantity': '8959.000000000000000000', 'quantity_available_for_trading': '8959.000000000000000000'}]
2025-03-08 16:23:31,541 [INFO] Processing holding (type <class 'dict'>): {'account_number': '311245509955', 'asset_code': 'ADA', 'total_quantity': '176.470000000000000000', 'quantity_available_for_trading': '176.470000000000000000'}
2025-03-08 16:23:31,541 [ERROR] No average buy price for ADA-USD; skipping.
2025-03-08 16:23:31,541 [INFO] Processing holding (type <class 'dict'>): {'account_number': '311245509955', 'asset_code': 'DOGE', 'total_quantity': '8959.000000000000000000', 'quantity_available_for_trading': '8959.000000000000000000'}
2025-03-08 16:23:31,542 [ERROR] No average buy price for DOGE-USD; skipping.
2025-03-08 16:24:01,873 [INFO] API Response (GET https://trading.robinhood.com/api/v1/crypto/trading/accounts/): 200 - {"account_number":"311245509955","status":"active","buying_power":"179.2300","buying_power_currency":"USD"}
2025-03-08 16:24:02,375 [INFO] Buying Power Available: $179.23
2025-03-08 16:24:02,498 [INFO] API Response (GET https://trading.robinhood.com/api/v1/crypto/marketdata/best_bid_ask/?symbol=BTC-USD): 200 - {"results":[{"symbol":"BTC-USD","timestamp":"2025-03-08T22:24:02.501702963Z","price":"85922.785","bid_inclusive_of_sell_spread":"85923","sell_spread":"0.0000025","ask_inclusive_of_buy_spread":"85922.57","buy_spread":"0.0000025"}]}
2025-03-08 16:24:03,202 [INFO] Indicators for BTC-USD (15min) | MACD: -6.5025, Signal: 16.0599, Volume Condition: False (Current: 15.92813787, Avg10: 19.68)
2025-03-08 16:24:03,202 [INFO] BTC-USD (15min) | MACD: -6.5025, Signal: 16.0599, Volume Condition: False, Price: $85922.57
2025-03-08 16:24:03,202 [INFO] [91mBullish MACD crossover or volume condition not met for BTC-USD. No trade executed.[0m
2025-03-08 16:24:03,416 [INFO] API Response (GET https://trading.robinhood.com/api/v1/crypto/trading/accounts/): 200 - {"account_number":"311245509955","status":"active","buying_power":"179.2300","buying_power_currency":"USD"}
2025-03-08 16:24:03,917 [INFO] Buying Power Available: $179.23
2025-03-08 16:24:04,037 [INFO] API Response (GET https://trading.robinhood.com/api/v1/crypto/marketdata/best_bid_ask/?symbol=ETH-USD): 200 - {"results":[{"symbol":"ETH-USD","timestamp":"2025-03-08T22:24:04.044623819Z","price":"2200.435","bid_inclusive_of_sell_spread":"2200.43","sell_spread":"0.00000227","ask_inclusive_of_buy_spread":"2200.44","buy_spread":"0.00000227"}]}
2025-03-08 16:24:04,697 [INFO] Indicators for ETH-USD (15min) | MACD: 7.0467, Signal: 10.2300, Volume Condition: False (Current: 408.59937084, Avg10: 516.03)
2025-03-08 16:24:04,697 [INFO] ETH-USD (15min) | MACD: 7.0467, Signal: 10.2300, Volume Condition: False, Price: $2200.44
2025-03-08 16:24:04,697 [INFO] [91mBullish MACD crossover or volume condition not met for ETH-USD. No trade executed.[0m
2025-03-08 16:24:04,970 [INFO] API Response (GET https://trading.robinhood.com/api/v1/crypto/trading/accounts/): 200 - {"account_number":"311245509955","status":"active","buying_power":"179.2300","buying_power_currency":"USD"}
2025-03-08 16:24:05,475 [INFO] Buying Power Available: $179.23
2025-03-08 16:24:05,625 [INFO] API Response (GET https://trading.robinhood.com/api/v1/crypto/marketdata/best_bid_ask/?symbol=LTC-USD): 200 - {"results":[{"symbol":"LTC-USD","timestamp":"2025-03-08T22:24:05.631406052Z","price":"102.92","bid_inclusive_of_sell_spread":"102.93","sell_spread":"0.00009716","ask_inclusive_of_buy_spread":"102.91","buy_spread":"0.00009716"}]}
2025-03-08 16:24:06,307 [INFO] Indicators for LTC-USD (15min) | MACD: -0.1704, Signal: -0.0769, Volume Condition: False (Current: 432.386819, Avg10: 1174.61)
2025-03-08 16:24:06,307 [INFO] LTC-USD (15min) | MACD: -0.1704, Signal: -0.0769, Volume Condition: False, Price: $102.91
2025-03-08 16:24:06,308 [INFO] [91mBullish MACD crossover or volume condition not met for LTC-USD. No trade executed.[0m
2025-03-08 16:24:06,453 [INFO] API Response (GET https://trading.robinhood.com/api/v1/crypto/trading/accounts/): 200 - {"account_number":"311245509955","status":"active","buying_power":"179.2300","buying_power_currency":"USD"}
2025-03-08 16:24:06,954 [INFO] Buying Power Available: $179.23
2025-03-08 16:24:07,080 [INFO] API Response (GET https://trading.robinhood.com/api/v1/crypto/marketdata/best_bid_ask/?symbol=DOGE-USD): 200 - {"results":[{"symbol":"DOGE-USD","timestamp":"2025-03-08T22:24:07.086154987Z","price":"0.1919075","bid_inclusive_of_sell_spread":"0.19189","sell_spread":"0.00009119","ask_inclusive_of_buy_spread":"0.191925","buy_spread":"0.00009119"}]}
2025-03-08 16:24:08,048 [INFO] Indicators for DOGE-USD (15min) | MACD: -0.0002, Signal: -0.0001, Volume Condition: False (Current: 663533.9, Avg10: 934768.67)
2025-03-08 16:24:08,048 [INFO] DOGE-USD (15min) | MACD: -0.0002, Signal: -0.0001, Volume Condition: False, Price: $0.191925
2025-03-08 16:24:08,049 [INFO] [91mBullish MACD crossover or volume condition not met for DOGE-USD. No trade executed.[0m
2025-03-08 16:24:08,271 [INFO] API Response (GET https://trading.robinhood.com/api/v1/crypto/trading/accounts/): 200 - {"account_number":"311245509955","status":"active","buying_power":"179.2300","buying_power_currency":"USD"}
2025-03-08 16:24:08,775 [INFO] Buying Power Available: $179.23
2025-03-08 16:24:08,901 [INFO] API Response (GET https://trading.robinhood.com/api/v1/crypto/marketdata/best_bid_ask/?symbol=TRUMP-USD): 200 - {"results":[{"symbol":"TRUMP-USD","timestamp":"2025-03-08T22:24:08.906390923Z","price":"11.899131825","bid_inclusive_of_sell_spread":"11.8237414","sell_spread":"0.00633579","ask_inclusive_of_buy_spread":"11.97452225","buy_spread":"0.00633579"}]}
2025-03-08 16:24:09,566 [INFO] Indicators for TRUMP-USD (15min) | MACD: -0.0136, Signal: -0.0003, Volume Condition: True (Current: 13365.905, Avg10: 3520.32)
2025-03-08 16:24:09,567 [INFO] TRUMP-USD (15min) | MACD: -0.0136, Signal: -0.0003, Volume Condition: True, Price: $11.97452225
2025-03-08 16:24:09,567 [INFO] [91mBullish MACD crossover or volume condition not met for TRUMP-USD. No trade executed.[0m
2025-03-08 16:24:09,727 [INFO] API Response (GET https://trading.robinhood.com/api/v1/crypto/trading/holdings/): 200 - {"next":null,"previous":null,"results":[{"account_number":"311245509955","asset_code":"ADA","total_quantity":"176.470000000000000000","quantity_available_for_trading":"176.470000000000000000"},{"account_number":"311245509955","asset_code":"DOGE","total_quantity":"8959.000000000000000000","quantity_available_for_trading":"8959.000000000000000000"}]}
2025-03-08 16:24:10,229 [INFO] Raw holdings response: {'next': None, 'previous': None, 'results': [{'account_number': '311245509955', 'asset_code': 'ADA', 'total_quantity': '176.470000000000000000', 'quantity_available_for_trading': '176.470000000000000000'}, {'account_number': '311245509955', 'asset_code': 'DOGE', 'total_quantity': '8959.000000000000000000', 'quantity_available_for_trading': '8959.000000000000000000'}]}
2025-03-08 16:24:10,229 [INFO] Parsed holdings: [{'account_number': '311245509955', 'asset_code': 'ADA', 'total_quantity': '176.470000000000000000', 'quantity_available_for_trading': '176.470000000000000000'}, {'account_number': '311245509955', 'asset_code': 'DOGE', 'total_quantity': '8959.000000000000000000', 'quantity_available_for_trading': '8959.000000000000000000'}]
2025-03-08 16:24:10,229 [INFO] Processing holding (type <class 'dict'>): {'account_number': '311245509955', 'asset_code': 'ADA', 'total_quantity': '176.470000000000000000', 'quantity_available_for_trading': '176.470000000000000000'}
2025-03-08 16:24:10,229 [ERROR] No average buy price for ADA-USD; skipping.
2025-03-08 16:24:10,230 [INFO] Processing holding (type <class 'dict'>): {'account_number': '311245509955', 'asset_code': 'DOGE', 'total_quantity': '8959.000000000000000000', 'quantity_available_for_trading': '8959.000000000000000000'}
2025-03-08 16:24:10,230 [ERROR] No average buy price for DOGE-USD; skipping.
2025-03-08 16:24:40,606 [INFO] API Response (GET https://trading.robinhood.com/api/v1/crypto/trading/accounts/): 200 - {"account_number":"311245509955","status":"active","buying_power":"179.2300","buying_power_currency":"USD"}
2025-03-08 16:24:41,112 [INFO] Buying Power Available: $179.23
2025-03-08 16:24:41,236 [INFO] API Response (GET https://trading.robinhood.com/api/v1/crypto/marketdata/best_bid_ask/?symbol=BTC-USD): 200 - {"results":[{"symbol":"BTC-USD","timestamp":"2025-03-08T22:24:41.23993023Z","price":"85918.25","bid_inclusive_of_sell_spread":"85918.1","sell_spread":"0.00000175","ask_inclusive_of_buy_spread":"85918.4","buy_spread":"0.00000175"}]}
2025-03-08 16:24:42,085 [INFO] Indicators for BTC-USD (15min) | MACD: -7.2971, Signal: 15.9010, Volume Condition: False (Current: 16.20117494, Avg10: 19.68)
2025-03-08 16:24:42,085 [INFO] BTC-USD (15min) | MACD: -7.2971, Signal: 15.9010, Volume Condition: False, Price: $85918.4
2025-03-08 16:24:42,085 [INFO] [91mBullish MACD crossover or volume condition not met for BTC-USD. No trade executed.[0m
2025-03-08 16:24:42,299 [INFO] API Response (GET https://trading.robinhood.com/api/v1/crypto/trading/accounts/): 200 - {"account_number":"311245509955","status":"active","buying_power":"179.2300","buying_power_currency":"USD"}
2025-03-08 16:24:42,804 [INFO] Buying Power Available: $179.23
2025-03-08 16:24:42,931 [INFO] API Response (GET https://trading.robinhood.com/api/v1/crypto/marketdata/best_bid_ask/?symbol=ETH-USD): 200 - {"results":[{"symbol":"ETH-USD","timestamp":"2025-03-08T22:24:42.935703326Z","price":"2202.55","bid_inclusive_of_sell_spread":"2202.5","sell_spread":"0.0000227","ask_inclusive_of_buy_spread":"2202.6","buy_spread":"0.0000227"}]}
2025-03-08 16:24:43,633 [INFO] Indicators for ETH-USD (15min) | MACD: 7.1919, Signal: 10.2590, Volume Condition: False (Current: 432.7509594, Avg10: 516.03)
2025-03-08 16:24:43,634 [INFO] ETH-USD (15min) | MACD: 7.1919, Signal: 10.2590, Volume Condition: False, Price: $2202.6
2025-03-08 16:24:43,634 [INFO] [91mBullish MACD crossover or volume condition not met for ETH-USD. No trade executed.[0m
2025-03-08 16:24:43,849 [INFO] API Response (GET https://trading.robinhood.com/api/v1/crypto/trading/accounts/): 200 - {"account_number":"311245509955","status":"active","buying_power":"179.2300","buying_power_currency":"USD"}
2025-03-08 16:24:44,355 [INFO] Buying Power Available: $179.23
2025-03-08 16:24:44,426 [INFO] API Response (GET https://trading.robinhood.com/api/v1/crypto/marketdata/best_bid_ask/?symbol=LTC-USD): 200 - {"results":[{"symbol":"LTC-USD","timestamp":"2025-03-08T22:24:44.432550477Z","price":"102.965","bid_inclusive_of_sell_spread":"102.96","sell_spread":"0.00004856","ask_inclusive_of_buy_spread":"102.97","buy_spread":"0.00004856"}]}
2025-03-08 16:24:45,392 [INFO] Indicators for LTC-USD (15min) | MACD: -0.1704, Signal: -0.0769, Volume Condition: False (Current: 554.03718242, Avg10: 1174.61)
2025-03-08 16:24:45,393 [INFO] LTC-USD (15min) | MACD: -0.1704, Signal: -0.0769, Volume Condition: False, Price: $102.97
2025-03-08 16:24:45,393 [INFO] [91mBullish MACD crossover or volume condition not met for LTC-USD. No trade executed.[0m
2025-03-08 16:24:45,607 [INFO] API Response (GET https://trading.robinhood.com/api/v1/crypto/trading/accounts/): 200 - {"account_number":"311245509955","status":"active","buying_power":"179.2300","buying_power_currency":"USD"}
2025-03-08 16:24:46,111 [INFO] Buying Power Available: $179.23
2025-03-08 16:24:46,235 [INFO] API Response (GET https://trading.robinhood.com/api/v1/crypto/marketdata/best_bid_ask/?symbol=DOGE-USD): 200 - {"results":[{"symbol":"DOGE-USD","timestamp":"2025-03-08T22:24:46.241376054Z","price":"0.1920455","bid_inclusive_of_sell_spread":"0.19203","sell_spread":"0.00008071","ask_inclusive_of_buy_spread":"0.192061","buy_spread":"0.00008071"}]}
2025-03-08 16:24:46,989 [INFO] Indicators for DOGE-USD (15min) | MACD: -0.0002, Signal: -0.0001, Volume Condition: False (Current: 719692.6, Avg10: 934768.67)
2025-03-08 16:24:46,989 [INFO] DOGE-USD (15min) | MACD: -0.0002, Signal: -0.0001, Volume Condition: False, Price: $0.192061
2025-03-08 16:24:46,989 [INFO] [91mBullish MACD crossover or volume condition not met for DOGE-USD. No trade executed.[0m
2025-03-08 16:24:47,150 [INFO] API Response (GET https://trading.robinhood.com/api/v1/crypto/trading/accounts/): 200 - {"account_number":"311245509955","status":"active","buying_power":"179.2300","buying_power_currency":"USD"}
2025-03-08 16:24:47,654 [INFO] Buying Power Available: $179.23
2025-03-08 16:24:47,791 [INFO] API Response (GET https://trading.robinhood.com/api/v1/crypto/marketdata/best_bid_ask/?symbol=TRUMP-USD): 200 - {"results":[{"symbol":"TRUMP-USD","timestamp":"2025-03-08T22:24:47.791558014Z","price":"11.90962","bid_inclusive_of_sell_spread":"11.8338589","sell_spread":"0.00636134","ask_inclusive_of_buy_spread":"11.9853811","buy_spread":"0.00636134"}]}
2025-03-08 16:24:48,504 [INFO] Indicators for TRUMP-USD (15min) | MACD: -0.0120, Signal: 0.0000, Volume Condition: True (Current: 13449.019, Avg10: 3520.32)
2025-03-08 16:24:48,505 [INFO] TRUMP-USD (15min) | MACD: -0.0120, Signal: 0.0000, Volume Condition: True, Price: $11.9853811
2025-03-08 16:24:48,505 [INFO] [91mBullish MACD crossover or volume condition not met for TRUMP-USD. No trade executed.[0m
2025-03-08 16:24:48,612 [INFO] API Response (GET https://trading.robinhood.com/api/v1/crypto/trading/holdings/): 200 - {"next":null,"previous":null,"results":[{"account_number":"311245509955","asset_code":"ADA","total_quantity":"176.470000000000000000","quantity_available_for_trading":"176.470000000000000000"},{"account_number":"311245509955","asset_code":"DOGE","total_quantity":"8959.000000000000000000","quantity_available_for_trading":"8959.000000000000000000"}]}
2025-03-08 16:24:49,117 [INFO] Raw holdings response: {'next': None, 'previous': None, 'results': [{'account_number': '311245509955', 'asset_code': 'ADA', 'total_quantity': '176.470000000000000000', 'quantity_available_for_trading': '176.470000000000000000'}, {'account_number': '311245509955', 'asset_code': 'DOGE', 'total_quantity': '8959.000000000000000000', 'quantity_available_for_trading': '8959.000000000000000000'}]}
2025-03-08 16:24:49,117 [INFO] Parsed holdings: [{'account_number': '311245509955', 'asset_code': 'ADA', 'total_quantity': '176.470000000000000000', 'quantity_available_for_trading': '176.470000000000000000'}, {'account_number': '311245509955', 'asset_code': 'DOGE', 'total_quantity': '8959.000000000000000000', 'quantity_available_for_trading': '8959.000000000000000000'}]
2025-03-08 16:24:49,118 [INFO] Processing holding (type <class 'dict'>): {'account_number': '311245509955', 'asset_code': 'ADA', 'total_quantity': '176.470000000000000000', 'quantity_available_for_trading': '176.470000000000000000'}
2025-03-08 16:24:49,118 [ERROR] No average buy price for ADA-USD; skipping.
2025-03-08 16:24:49,118 [INFO] Processing holding (type <class 'dict'>): {'account_number': '311245509955', 'asset_code': 'DOGE', 'total_quantity': '8959.000000000000000000', 'quantity_available_for_trading': '8959.000000000000000000'}
2025-03-08 16:24:49,118 [ERROR] No average buy price for DOGE-USD; skipping.
2025-03-08 16:25:19,518 [INFO] API Response (GET https://trading.robinhood.com/api/v1/crypto/trading/accounts/): 200 - {"account_number":"311245509955","status":"active","buying_power":"179.2300","buying_power_currency":"USD"}
2025-03-08 16:25:20,021 [INFO] Buying Power Available: $179.23
2025-03-08 16:25:20,150 [INFO] API Response (GET https://trading.robinhood.com/api/v1/crypto/marketdata/best_bid_ask/?symbol=BTC-USD): 200 - {"results":[{"symbol":"BTC-USD","timestamp":"2025-03-08T22:25:20.155717744Z","price":"85960.565","bid_inclusive_of_sell_spread":"85960.56","sell_spread":"0.00000006","ask_inclusive_of_buy_spread":"85960.57","buy_spread":"0.00000006"}]}
2025-03-08 16:25:21,085 [INFO] Indicators for BTC-USD (15min) | MACD: -3.6539, Signal: 16.6297, Volume Condition: False (Current: 16.7911115, Avg10: 19.68)
2025-03-08 16:25:21,085 [INFO] BTC-USD (15min) | MACD: -3.6539, Signal: 16.6297, Volume Condition: False, Price: $85960.57
2025-03-08 16:25:21,086 [INFO] [91mBullish MACD crossover or volume condition not met for BTC-USD. No trade executed.[0m
2025-03-08 16:25:21,307 [INFO] API Response (GET https://trading.robinhood.com/api/v1/crypto/trading/accounts/): 200 - {"account_number":"311245509955","status":"active","buying_power":"179.2300","buying_power_currency":"USD"}
2025-03-08 16:25:21,812 [INFO] Buying Power Available: $179.23
2025-03-08 16:25:21,930 [INFO] API Response (GET https://trading.robinhood.com/api/v1/crypto/marketdata/best_bid_ask/?symbol=ETH-USD): 200 - {"results":[{"symbol":"ETH-USD","timestamp":"2025-03-08T22:25:21.935932446Z","price":"2203.785","bid_inclusive_of_sell_spread":"2203.8","sell_spread":"0.00000681","ask_inclusive_of_buy_spread":"2203.77","buy_spread":"0.00000681"}]}
2025-03-08 16:25:22,905 [INFO] Indicators for ETH-USD (15min) | MACD: 7.3179, Signal: 10.2842, Volume Condition: False (Current: 450.0960457, Avg10: 516.03)
2025-03-08 16:25:22,905 [INFO] ETH-USD (15min) | MACD: 7.3179, Signal: 10.2842, Volume Condition: False, Price: $2203.77
2025-03-08 16:25:22,905 [INFO] [91mBullish MACD crossover or volume condition not met for ETH-USD. No trade executed.[0m
2025-03-08 16:25:23,115 [INFO] API Response (GET https://trading.robinhood.com/api/v1/crypto/trading/accounts/): 200 - {"account_number":"311245509955","status":"active","buying_power":"179.2300","buying_power_currency":"USD"}
2025-03-08 16:25:23,621 [INFO] Buying Power Available: $179.23
2025-03-08 16:25:23,753 [INFO] API Response (GET https://trading.robinhood.com/api/v1/crypto/marketdata/best_bid_ask/?symbol=LTC-USD): 200 - {"results":[{"symbol":"LTC-USD","timestamp":"2025-03-08T22:25:23.759463374Z","price":"102.965","bid_inclusive_of_sell_spread":"102.96","sell_spread":"0.00004856","ask_inclusive_of_buy_spread":"102.97","buy_spread":"0.00004856"}]}
2025-03-08 16:25:24,725 [INFO] Indicators for LTC-USD (15min) | MACD: -0.1696, Signal: -0.0767, Volume Condition: False (Current: 597.18808343, Avg10: 1174.61)
2025-03-08 16:25:24,725 [INFO] LTC-USD (15min) | MACD: -0.1696, Signal: -0.0767, Volume Condition: False, Price: $102.97
2025-03-08 16:25:24,725 [INFO] [91mBullish MACD crossover or volume condition not met for LTC-USD. No trade executed.[0m
2025-03-08 16:25:24,930 [INFO] API Response (GET https://trading.robinhood.com/api/v1/crypto/trading/accounts/): 200 - {"account_number":"311245509955","status":"active","buying_power":"179.2300","buying_power_currency":"USD"}
2025-03-08 16:25:25,434 [INFO] Buying Power Available: $179.23
2025-03-08 16:25:25,558 [INFO] API Response (GET https://trading.robinhood.com/api/v1/crypto/marketdata/best_bid_ask/?symbol=DOGE-USD): 200 - {"results":[{"symbol":"DOGE-USD","timestamp":"2025-03-08T22:25:25.560251926Z","price":"0.192185","bid_inclusive_of_sell_spread":"0.19216","sell_spread":"0.00013008","ask_inclusive_of_buy_spread":"0.19221","buy_spread":"0.00013008"}]}
2025-03-08 16:25:26,580 [INFO] Indicators for DOGE-USD (15min) | MACD: -0.0002, Signal: -0.0001, Volume Condition: False (Current: 778730.1, Avg10: 934768.67)
2025-03-08 16:25:26,580 [INFO] DOGE-USD (15min) | MACD: -0.0002, Signal: -0.0001, Volume Condition: False, Price: $0.19221
2025-03-08 16:25:26,580 [INFO] [91mBullish MACD crossover or volume condition not met for DOGE-USD. No trade executed.[0m
2025-03-08 16:25:26,794 [INFO] API Response (GET https://trading.robinhood.com/api/v1/crypto/trading/accounts/): 200 - {"account_number":"311245509955","status":"active","buying_power":"179.2300","buying_power_currency":"USD"}
2025-03-08 16:25:27,299 [INFO] Buying Power Available: $179.23
2025-03-08 16:25:27,433 [INFO] API Response (GET https://trading.robinhood.com/api/v1/crypto/marketdata/best_bid_ask/?symbol=TRUMP-USD): 200 - {"results":[{"symbol":"TRUMP-USD","timestamp":"2025-03-08T22:25:27.437183654Z","price":"11.9163364","bid_inclusive_of_sell_spread":"11.8426728","sell_spread":"0.00618173","ask_inclusive_of_buy_spread":"11.99","buy_spread":"0.00618173"}]}
2025-03-08 16:25:28,113 [INFO] Indicators for TRUMP-USD (15min) | MACD: -0.0120, Signal: 0.0000, Volume Condition: True (Current: 13537.247, Avg10: 3520.32)
2025-03-08 16:25:28,113 [INFO] TRUMP-USD (15min) | MACD: -0.0120, Signal: 0.0000, Volume Condition: True, Price: $11.99
2025-03-08 16:25:28,114 [INFO] [91mBullish MACD crossover or volume condition not met for TRUMP-USD. No trade executed.[0m
2025-03-08 16:25:28,267 [INFO] API Response (GET https://trading.robinhood.com/api/v1/crypto/trading/holdings/): 200 - {"next":null,"previous":null,"results":[{"account_number":"311245509955","asset_code":"ADA","total_quantity":"176.470000000000000000","quantity_available_for_trading":"176.470000000000000000"},{"account_number":"311245509955","asset_code":"DOGE","total_quantity":"8959.000000000000000000","quantity_available_for_trading":"8959.000000000000000000"}]}
2025-03-08 16:25:28,773 [INFO] Raw holdings response: {'next': None, 'previous': None, 'results': [{'account_number': '311245509955', 'asset_code': 'ADA', 'total_quantity': '176.470000000000000000', 'quantity_available_for_trading': '176.470000000000000000'}, {'account_number': '311245509955', 'asset_code': 'DOGE', 'total_quantity': '8959.000000000000000000', 'quantity_available_for_trading': '8959.000000000000000000'}]}
2025-03-08 16:25:28,773 [INFO] Parsed holdings: [{'account_number': '311245509955', 'asset_code': 'ADA', 'total_quantity': '176.470000000000000000', 'quantity_available_for_trading': '176.470000000000000000'}, {'account_number': '311245509955', 'asset_code': 'DOGE', 'total_quantity': '8959.000000000000000000', 'quantity_available_for_trading': '8959.000000000000000000'}]
2025-03-08 16:25:28,773 [INFO] Processing holding (type <class 'dict'>): {'account_number': '311245509955', 'asset_code': 'ADA', 'total_quantity': '176.470000000000000000', 'quantity_available_for_trading': '176.470000000000000000'}
2025-03-08 16:25:28,773 [ERROR] No average buy price for ADA-USD; skipping.
2025-03-08 16:25:28,773 [INFO] Processing holding (type <class 'dict'>): {'account_number': '311245509955', 'asset_code': 'DOGE', 'total_quantity': '8959.000000000000000000', 'quantity_available_for_trading': '8959.000000000000000000'}
2025-03-08 16:25:28,773 [ERROR] No average buy price for DOGE-USD; skipping.
2025-03-08 16:25:59,131 [INFO] API Response (GET https://trading.robinhood.com/api/v1/crypto/trading/accounts/): 200 - {"account_number":"311245509955","status":"active","buying_power":"179.2300","buying_power_currency":"USD"}
2025-03-08 16:25:59,638 [INFO] Buying Power Available: $179.23
2025-03-08 16:25:59,763 [INFO] API Response (GET https://trading.robinhood.com/api/v1/crypto/marketdata/best_bid_ask/?symbol=BTC-USD): 200 - {"results":[{"symbol":"BTC-USD","timestamp":"2025-03-08T22:25:59.769509796Z","price":"85969.175","bid_inclusive_of_sell_spread":"85972","sell_spread":"0.00003286","ask_inclusive_of_buy_spread":"85966.35","buy_spread":"0.00003286"}]}
2025-03-08 16:26:00,497 [INFO] Indicators for BTC-USD (15min) | MACD: -1.2910, Signal: 17.1022, Volume Condition: False (Current: 17.91394753, Avg10: 19.68)
2025-03-08 16:26:00,498 [INFO] BTC-USD (15min) | MACD: -1.2910, Signal: 17.1022, Volume Condition: False, Price: $85966.35
2025-03-08 16:26:00,498 [INFO] [91mBullish MACD crossover or volume condition not met for BTC-USD. No trade executed.[0m
2025-03-08 16:26:00,721 [INFO] API Response (GET https://trading.robinhood.com/api/v1/crypto/trading/accounts/): 200 - {"account_number":"311245509955","status":"active","buying_power":"179.2300","buying_power_currency":"USD"}
2025-03-08 16:26:01,226 [INFO] Buying Power Available: $179.23
2025-03-08 16:26:01,362 [INFO] API Response (GET https://trading.robinhood.com/api/v1/crypto/marketdata/best_bid_ask/?symbol=ETH-USD): 200 - {"results":[{"symbol":"ETH-USD","timestamp":"2025-03-08T22:26:01.362792225Z","price":"2205.175","bid_inclusive_of_sell_spread":"2205.2","sell_spread":"0.00001134","ask_inclusive_of_buy_spread":"2205.15","buy_spread":"0.00001134"}]}
2025-03-08 16:26:02,121 [INFO] Indicators for ETH-USD (15min) | MACD: 7.4264, Signal: 10.3059, Volume Condition: False (Current: 463.58825604, Avg10: 516.03)
2025-03-08 16:26:02,122 [INFO] ETH-USD (15min) | MACD: 7.4264, Signal: 10.3059, Volume Condition: False, Price: $2205.15
2025-03-08 16:26:02,122 [INFO] [91mBullish MACD crossover or volume condition not met for ETH-USD. No trade executed.[0m
2025-03-08 16:26:02,333 [INFO] API Response (GET https://trading.robinhood.com/api/v1/crypto/trading/accounts/): 200 - {"account_number":"311245509955","status":"active","buying_power":"179.2300","buying_power_currency":"USD"}
2025-03-08 16:26:02,838 [INFO] Buying Power Available: $179.23
2025-03-08 16:26:02,964 [INFO] API Response (GET https://trading.robinhood.com/api/v1/crypto/marketdata/best_bid_ask/?symbol=LTC-USD): 200 - {"results":[{"symbol":"LTC-USD","timestamp":"2025-03-08T22:26:02.969838517Z","price":"103.025","bid_inclusive_of_sell_spread":"103.02","sell_spread":"0.00004853","ask_inclusive_of_buy_spread":"103.03","buy_spread":"0.00004853"}]}
2025-03-08 16:26:03,691 [INFO] Indicators for LTC-USD (15min) | MACD: -0.1632, Signal: -0.0755, Volume Condition: False (Current: 637.9827401, Avg10: 1174.61)
2025-03-08 16:26:03,691 [INFO] LTC-USD (15min) | MACD: -0.1632, Signal: -0.0755, Volume Condition: False, Price: $103.03
2025-03-08 16:26:03,691 [INFO] [91mBullish MACD crossover or volume condition not met for LTC-USD. No trade executed.[0m
2025-03-08 16:26:03,905 [INFO] API Response (GET https://trading.robinhood.com/api/v1/crypto/trading/accounts/): 200 - {"account_number":"311245509955","status":"active","buying_power":"179.2300","buying_power_currency":"USD"}
2025-03-08 16:26:04,409 [INFO] Buying Power Available: $179.23
2025-03-08 16:26:04,544 [INFO] API Response (GET https://trading.robinhood.com/api/v1/crypto/marketdata/best_bid_ask/?symbol=DOGE-USD): 200 - {"results":[{"symbol":"DOGE-USD","timestamp":"2025-03-08T22:26:04.54750014Z","price":"0.1923575","bid_inclusive_of_sell_spread":"0.19236","sell_spread":"0.000013","ask_inclusive_of_buy_spread":"0.192355","buy_spread":"0.000013"}]}
2025-03-08 16:26:05,243 [INFO] Indicators for DOGE-USD (15min) | MACD: -0.0002, Signal: -0.0001, Volume Condition: False (Current: 820708.0, Avg10: 934768.67)
2025-03-08 16:26:05,243 [INFO] DOGE-USD (15min) | MACD: -0.0002, Signal: -0.0001, Volume Condition: False, Price: $0.192355
2025-03-08 16:26:05,243 [INFO] [91mBullish MACD crossover or volume condition not met for DOGE-USD. No trade executed.[0m
2025-03-08 16:26:05,455 [INFO] API Response (GET https://trading.robinhood.com/api/v1/crypto/trading/accounts/): 200 - {"account_number":"311245509955","status":"active","buying_power":"179.2300","buying_power_currency":"USD"}
2025-03-08 16:26:05,960 [INFO] Buying Power Available: $179.23
2025-03-08 16:26:06,089 [INFO] API Response (GET https://trading.robinhood.com/api/v1/crypto/marketdata/best_bid_ask/?symbol=TRUMP-USD): 200 - {"results":[{"symbol":"TRUMP-USD","timestamp":"2025-03-08T22:26:06.094848543Z","price":"11.93914682","bid_inclusive_of_sell_spread":"11.8637085","sell_spread":"0.00631857","ask_inclusive_of_buy_spread":"12.01458514","buy_spread":"0.00631857"}]}
2025-03-08 16:26:06,812 [INFO] Indicators for TRUMP-USD (15min) | MACD: -0.0096, Signal: 0.0005, Volume Condition: True (Current: 13694.076, Avg10: 3520.32)
2025-03-08 16:26:06,813 [INFO] TRUMP-USD (15min) | MACD: -0.0096, Signal: 0.0005, Volume Condition: True, Price: $12.01458514
2025-03-08 16:26:06,813 [INFO] [91mBullish MACD crossover or volume condition not met for TRUMP-USD. No trade executed.[0m
2025-03-08 16:26:06,987 [INFO] API Response (GET https://trading.robinhood.com/api/v1/crypto/trading/holdings/): 200 - {"next":null,"previous":null,"results":[{"account_number":"311245509955","asset_code":"ADA","total_quantity":"176.470000000000000000","quantity_available_for_trading":"176.470000000000000000"},{"account_number":"311245509955","asset_code":"DOGE","total_quantity":"8959.000000000000000000","quantity_available_for_trading":"8959.000000000000000000"}]}
2025-03-08 16:26:07,488 [INFO] Raw holdings response: {'next': None, 'previous': None, 'results': [{'account_number': '311245509955', 'asset_code': 'ADA', 'total_quantity': '176.470000000000000000', 'quantity_available_for_trading': '176.470000000000000000'}, {'account_number': '311245509955', 'asset_code': 'DOGE', 'total_quantity': '8959.000000000000000000', 'quantity_available_for_trading': '8959.000000000000000000'}]}
2025-03-08 16:26:07,488 [INFO] Parsed holdings: [{'account_number': '311245509955', 'asset_code': 'ADA', 'total_quantity': '176.470000000000000000', 'quantity_available_for_trading': '176.470000000000000000'}, {'account_number': '311245509955', 'asset_code': 'DOGE', 'total_quantity': '8959.000000000000000000', 'quantity_available_for_trading': '8959.000000000000000000'}]
2025-03-08 16:26:07,488 [INFO] Processing holding (type <class 'dict'>): {'account_number': '311245509955', 'asset_code': 'ADA', 'total_quantity': '176.470000000000000000', 'quantity_available_for_trading': '176.470000000000000000'}
2025-03-08 16:26:07,489 [ERROR] No average buy price for ADA-USD; skipping.
2025-03-08 16:26:07,489 [INFO] Processing holding (type <class 'dict'>): {'account_number': '311245509955', 'asset_code': 'DOGE', 'total_quantity': '8959.000000000000000000', 'quantity_available_for_trading': '8959.000000000000000000'}
2025-03-08 16:26:07,489 [ERROR] No average buy price for DOGE-USD; skipping.
2025-03-08 16:26:37,860 [INFO] API Response (GET https://trading.robinhood.com/api/v1/crypto/trading/accounts/): 200 - {"account_number":"311245509955","status":"active","buying_power":"179.2300","buying_power_currency":"USD"}
2025-03-08 16:26:38,365 [INFO] Buying Power Available: $179.23
2025-03-08 16:26:38,505 [INFO] API Response (GET https://trading.robinhood.com/api/v1/crypto/marketdata/best_bid_ask/?symbol=BTC-USD): 200 - {"results":[{"symbol":"BTC-USD","timestamp":"2025-03-08T22:26:38.508867683Z","price":"85958.38","bid_inclusive_of_sell_spread":"85964","sell_spread":"0.00006538","ask_inclusive_of_buy_spread":"85952.76","buy_spread":"0.00006538"}]}
2025-03-08 16:26:39,227 [INFO] Indicators for BTC-USD (15min) | MACD: -2.2387, Signal: 16.9127, Volume Condition: False (Current: 18.29944765, Avg10: 19.68)
2025-03-08 16:26:39,227 [INFO] BTC-USD (15min) | MACD: -2.2387, Signal: 16.9127, Volume Condition: False, Price: $85952.76
2025-03-08 16:26:39,227 [INFO] [91mBullish MACD crossover or volume condition not met for BTC-USD. No trade executed.[0m
2025-03-08 16:26:39,435 [INFO] API Response (GET https://trading.robinhood.com/api/v1/crypto/trading/accounts/): 200 - {"account_number":"311245509955","status":"active","buying_power":"179.2300","buying_power_currency":"USD"}
2025-03-08 16:26:39,940 [INFO] Buying Power Available: $179.23
2025-03-08 16:26:40,073 [INFO] API Response (GET https://trading.robinhood.com/api/v1/crypto/marketdata/best_bid_ask/?symbol=ETH-USD): 200 - {"results":[{"symbol":"ETH-USD","timestamp":"2025-03-08T22:26:40.07467883Z","price":"2204.115","bid_inclusive_of_sell_spread":"2204.11","sell_spread":"0.00000227","ask_inclusive_of_buy_spread":"2204.12","buy_spread":"0.00000227"}]}
2025-03-08 16:26:40,819 [INFO] Indicators for ETH-USD (15min) | MACD: 7.4248, Signal: 10.3056, Volume Condition: False (Current: 472.01687977, Avg10: 516.03)
2025-03-08 16:26:40,819 [INFO] ETH-USD (15min) | MACD: 7.4248, Signal: 10.3056, Volume Condition: False, Price: $2204.12
2025-03-08 16:26:40,820 [INFO] [91mBullish MACD crossover or volume condition not met for ETH-USD. No trade executed.[0m
2025-03-08 16:26:41,099 [INFO] API Response (GET https://trading.robinhood.com/api/v1/crypto/trading/accounts/): 200 - {"account_number":"311245509955","status":"active","buying_power":"179.2300","buying_power_currency":"USD"}
2025-03-08 16:26:41,605 [INFO] Buying Power Available: $179.23
2025-03-08 16:26:41,740 [INFO] API Response (GET https://trading.robinhood.com/api/v1/crypto/marketdata/best_bid_ask/?symbol=LTC-USD): 200 - {"results":[{"symbol":"LTC-USD","timestamp":"2025-03-08T22:26:41.738078594Z","price":"102.94","bid_inclusive_of_sell_spread":"102.93","sell_spread":"0.00009714","ask_inclusive_of_buy_spread":"102.95","buy_spread":"0.00009714"}]}
2025-03-08 16:26:42,788 [INFO] Indicators for LTC-USD (15min) | MACD: -0.1704, Signal: -0.0769, Volume Condition: False (Current: 646.21202484, Avg10: 1174.61)
2025-03-08 16:26:42,789 [INFO] LTC-USD (15min) | MACD: -0.1704, Signal: -0.0769, Volume Condition: False, Price: $102.95
2025-03-08 16:26:42,789 [INFO] [91mBullish MACD crossover or volume condition not met for LTC-USD. No trade executed.[0m
2025-03-08 16:26:43,002 [INFO] API Response (GET https://trading.robinhood.com/api/v1/crypto/trading/accounts/): 200 - {"account_number":"311245509955","status":"active","buying_power":"179.2300","buying_power_currency":"USD"}
2025-03-08 16:26:43,508 [INFO] Buying Power Available: $179.23
2025-03-08 16:26:43,644 [INFO] API Response (GET https://trading.robinhood.com/api/v1/crypto/marketdata/best_bid_ask/?symbol=DOGE-USD): 200 - {"results":[{"symbol":"DOGE-USD","timestamp":"2025-03-08T22:26:43.646669767Z","price":"0.192144","bid_inclusive_of_sell_spread":"0.19213","sell_spread":"0.00007286","ask_inclusive_of_buy_spread":"0.192158","buy_spread":"0.00007286"}]}
2025-03-08 16:26:44,631 [INFO] Indicators for DOGE-USD (15min) | MACD: -0.0002, Signal: -0.0001, Volume Condition: False (Current: 831496.8, Avg10: 934768.67)
2025-03-08 16:26:44,631 [INFO] DOGE-USD (15min) | MACD: -0.0002, Signal: -0.0001, Volume Condition: False, Price: $0.192158
2025-03-08 16:26:44,631 [INFO] [91mBullish MACD crossover or volume condition not met for DOGE-USD. No trade executed.[0m
2025-03-08 16:26:44,864 [INFO] API Response (GET https://trading.robinhood.com/api/v1/crypto/trading/accounts/): 200 - {"account_number":"311245509955","status":"active","buying_power":"179.2300","buying_power_currency":"USD"}
2025-03-08 16:26:45,369 [INFO] Buying Power Available: $179.23
2025-03-08 16:26:45,435 [INFO] API Response (GET https://trading.robinhood.com/api/v1/crypto/marketdata/best_bid_ask/?symbol=TRUMP-USD): 200 - {"results":[{"symbol":"TRUMP-USD","timestamp":"2025-03-08T22:26:45.436135758Z","price":"11.92644785","bid_inclusive_of_sell_spread":"11.8528957","sell_spread":"0.00616715","ask_inclusive_of_buy_spread":"12","buy_spread":"0.00616715"}]}
2025-03-08 16:26:46,210 [INFO] Indicators for TRUMP-USD (15min) | MACD: -0.0096, Signal: 0.0005, Volume Condition: True (Current: 13729.186, Avg10: 3520.32)
2025-03-08 16:26:46,210 [INFO] TRUMP-USD (15min) | MACD: -0.0096, Signal: 0.0005, Volume Condition: True, Price: $12.0
2025-03-08 16:26:46,210 [INFO] [91mBullish MACD crossover or volume condition not met for TRUMP-USD. No trade executed.[0m
2025-03-08 16:26:46,393 [INFO] API Response (GET https://trading.robinhood.com/api/v1/crypto/trading/holdings/): 200 - {"next":null,"previous":null,"results":[{"account_number":"311245509955","asset_code":"ADA","total_quantity":"176.470000000000000000","quantity_available_for_trading":"176.470000000000000000"},{"account_number":"311245509955","asset_code":"DOGE","total_quantity":"8959.000000000000000000","quantity_available_for_trading":"8959.000000000000000000"}]}
2025-03-08 16:26:46,898 [INFO] Raw holdings response: {'next': None, 'previous': None, 'results': [{'account_number': '311245509955', 'asset_code': 'ADA', 'total_quantity': '176.470000000000000000', 'quantity_available_for_trading': '176.470000000000000000'}, {'account_number': '311245509955', 'asset_code': 'DOGE', 'total_quantity': '8959.000000000000000000', 'quantity_available_for_trading': '8959.000000000000000000'}]}
2025-03-08 16:26:46,899 [INFO] Parsed holdings: [{'account_number': '311245509955', 'asset_code': 'ADA', 'total_quantity': '176.470000000000000000', 'quantity_available_for_trading': '176.470000000000000000'}, {'account_number': '311245509955', 'asset_code': 'DOGE', 'total_quantity': '8959.000000000000000000', 'quantity_available_for_trading': '8959.000000000000000000'}]
2025-03-08 16:26:46,899 [INFO] Processing holding (type <class 'dict'>): {'account_number': '311245509955', 'asset_code': 'ADA', 'total_quantity': '176.470000000000000000', 'quantity_available_for_trading': '176.470000000000000000'}
2025-03-08 16:26:46,899 [ERROR] No average buy price for ADA-USD; skipping.
2025-03-08 16:26:46,900 [INFO] Processing holding (type <class 'dict'>): {'account_number': '311245509955', 'asset_code': 'DOGE', 'total_quantity': '8959.000000000000000000', 'quantity_available_for_trading': '8959.000000000000000000'}
2025-03-08 16:26:46,900 [ERROR] No average buy price for DOGE-USD; skipping.
2025-03-08 16:27:17,280 [INFO] API Response (GET https://trading.robinhood.com/api/v1/crypto/trading/accounts/): 200 - {"account_number":"311245509955","status":"active","buying_power":"179.2300","buying_power_currency":"USD"}
2025-03-08 16:27:17,784 [INFO] Buying Power Available: $179.23
2025-03-08 16:27:17,909 [INFO] API Response (GET https://trading.robinhood.com/api/v1/crypto/marketdata/best_bid_ask/?symbol=BTC-USD): 200 - {"results":[{"symbol":"BTC-USD","timestamp":"2025-03-08T22:27:17.914740434Z","price":"85914.35","bid_inclusive_of_sell_spread":"85912.7","sell_spread":"0.00001921","ask_inclusive_of_buy_spread":"85916","buy_spread":"0.00001921"}]}
2025-03-08 16:27:18,579 [INFO] Indicators for BTC-USD (15min) | MACD: -6.5775, Signal: 16.0449, Volume Condition: False (Current: 18.89621479, Avg10: 19.68)
2025-03-08 16:27:18,580 [INFO] BTC-USD (15min) | MACD: -6.5775, Signal: 16.0449, Volume Condition: False, Price: $85916.0
2025-03-08 16:27:18,580 [INFO] [91mBullish MACD crossover or volume condition not met for BTC-USD. No trade executed.[0m
2025-03-08 16:27:18,803 [INFO] API Response (GET https://trading.robinhood.com/api/v1/crypto/trading/accounts/): 200 - {"account_number":"311245509955","status":"active","buying_power":"179.2300","buying_power_currency":"USD"}
2025-03-08 16:27:19,309 [INFO] Buying Power Available: $179.23
2025-03-08 16:27:19,434 [INFO] API Response (GET https://trading.robinhood.com/api/v1/crypto/marketdata/best_bid_ask/?symbol=ETH-USD): 200 - {"results":[{"symbol":"ETH-USD","timestamp":"2025-03-08T22:27:19.439970626Z","price":"2203.28","bid_inclusive_of_sell_spread":"2203.26","sell_spread":"0.00000908","ask_inclusive_of_buy_spread":"2203.3","buy_spread":"0.00000908"}]}
2025-03-08 16:27:20,084 [INFO] Indicators for ETH-USD (15min) | MACD: 7.2860, Signal: 10.2778, Volume Condition: False (Current: 494.05604617, Avg10: 516.03)
2025-03-08 16:27:20,084 [INFO] ETH-USD (15min) | MACD: 7.2860, Signal: 10.2778, Volume Condition: False, Price: $2203.3
2025-03-08 16:27:20,085 [INFO] [91mBullish MACD crossover or volume condition not met for ETH-USD. No trade executed.[0m
2025-03-08 16:27:20,299 [INFO] API Response (GET https://trading.robinhood.com/api/v1/crypto/trading/accounts/): 200 - {"account_number":"311245509955","status":"active","buying_power":"179.2300","buying_power_currency":"USD"}
2025-03-08 16:27:20,800 [INFO] Buying Power Available: $179.23
2025-03-08 16:27:20,924 [INFO] API Response (GET https://trading.robinhood.com/api/v1/crypto/marketdata/best_bid_ask/?symbol=LTC-USD): 200 - {"results":[{"symbol":"LTC-USD","timestamp":"2025-03-08T22:27:20.929228865Z","price":"102.895","bid_inclusive_of_sell_spread":"102.89","sell_spread":"0.00004859","ask_inclusive_of_buy_spread":"102.9","buy_spread":"0.00004859"}]}
2025-03-08 16:27:21,823 [INFO] Indicators for LTC-USD (15min) | MACD: -0.1792, Signal: -0.0787, Volume Condition: False (Current: 743.11793298, Avg10: 1174.61)
2025-03-08 16:27:21,824 [INFO] LTC-USD (15min) | MACD: -0.1792, Signal: -0.0787, Volume Condition: False, Price: $102.9
2025-03-08 16:27:21,824 [INFO] [91mBullish MACD crossover or volume condition not met for LTC-USD. No trade executed.[0m
2025-03-08 16:27:22,043 [INFO] API Response (GET https://trading.robinhood.com/api/v1/crypto/trading/accounts/): 200 - {"account_number":"311245509955","status":"active","buying_power":"179.2300","buying_power_currency":"USD"}
2025-03-08 16:27:22,549 [INFO] Buying Power Available: $179.23
2025-03-08 16:27:22,672 [INFO] API Response (GET https://trading.robinhood.com/api/v1/crypto/marketdata/best_bid_ask/?symbol=DOGE-USD): 200 - {"results":[{"symbol":"DOGE-USD","timestamp":"2025-03-08T22:27:22.677306476Z","price":"0.19201","bid_inclusive_of_sell_spread":"0.19199","sell_spread":"0.00010416","ask_inclusive_of_buy_spread":"0.19203","buy_spread":"0.00010416"}]}
2025-03-08 16:27:23,429 [INFO] Indicators for DOGE-USD (15min) | MACD: -0.0002, Signal: -0.0001, Volume Condition: False (Current: 837224.0, Avg10: 934768.67)
2025-03-08 16:27:23,429 [INFO] DOGE-USD (15min) | MACD: -0.0002, Signal: -0.0001, Volume Condition: False, Price: $0.19203
2025-03-08 16:27:23,429 [INFO] [91mBullish MACD crossover or volume condition not met for DOGE-USD. No trade executed.[0m
2025-03-08 16:27:23,641 [INFO] API Response (GET https://trading.robinhood.com/api/v1/crypto/trading/accounts/): 200 - {"account_number":"311245509955","status":"active","buying_power":"179.2300","buying_power_currency":"USD"}
2025-03-08 16:27:24,142 [INFO] Buying Power Available: $179.23
2025-03-08 16:27:24,258 [INFO] API Response (GET https://trading.robinhood.com/api/v1/crypto/marketdata/best_bid_ask/?symbol=TRUMP-USD): 200 - {"results":[{"symbol":"TRUMP-USD","timestamp":"2025-03-08T22:27:24.263776794Z","price":"11.92528435","bid_inclusive_of_sell_spread":"11.8505687","sell_spread":"0.00626531","ask_inclusive_of_buy_spread":"12","buy_spread":"0.00626531"}]}
2025-03-08 16:27:24,924 [INFO] Indicators for TRUMP-USD (15min) | MACD: -0.0112, Signal: 0.0002, Volume Condition: True (Current: 13840.525, Avg10: 3520.32)
2025-03-08 16:27:24,924 [INFO] TRUMP-USD (15min) | MACD: -0.0112, Signal: 0.0002, Volume Condition: True, Price: $12.0
2025-03-08 16:27:24,924 [INFO] [91mBullish MACD crossover or volume condition not met for TRUMP-USD. No trade executed.[0m
2025-03-08 16:27:25,086 [INFO] API Response (GET https://trading.robinhood.com/api/v1/crypto/trading/holdings/): 200 - {"next":null,"previous":null,"results":[{"account_number":"311245509955","asset_code":"ADA","total_quantity":"176.470000000000000000","quantity_available_for_trading":"176.470000000000000000"},{"account_number":"311245509955","asset_code":"DOGE","total_quantity":"8959.000000000000000000","quantity_available_for_trading":"8959.000000000000000000"}]}
2025-03-08 16:27:25,588 [INFO] Raw holdings response: {'next': None, 'previous': None, 'results': [{'account_number': '311245509955', 'asset_code': 'ADA', 'total_quantity': '176.470000000000000000', 'quantity_available_for_trading': '176.470000000000000000'}, {'account_number': '311245509955', 'asset_code': 'DOGE', 'total_quantity': '8959.000000000000000000', 'quantity_available_for_trading': '8959.000000000000000000'}]}
2025-03-08 16:27:25,588 [INFO] Parsed holdings: [{'account_number': '311245509955', 'asset_code': 'ADA', 'total_quantity': '176.470000000000000000', 'quantity_available_for_trading': '176.470000000000000000'}, {'account_number': '311245509955', 'asset_code': 'DOGE', 'total_quantity': '8959.000000000000000000', 'quantity_available_for_trading': '8959.000000000000000000'}]
2025-03-08 16:27:25,588 [INFO] Processing holding (type <class 'dict'>): {'account_number': '311245509955', 'asset_code': 'ADA', 'total_quantity': '176.470000000000000000', 'quantity_available_for_trading': '176.470000000000000000'}
2025-03-08 16:27:25,588 [ERROR] No average buy price for ADA-USD; skipping.
2025-03-08 16:27:25,588 [INFO] Processing holding (type <class 'dict'>): {'account_number': '311245509955', 'asset_code': 'DOGE', 'total_quantity': '8959.000000000000000000', 'quantity_available_for_trading': '8959.000000000000000000'}
2025-03-08 16:27:25,589 [ERROR] No average buy price for DOGE-USD; skipping.
2025-03-08 16:27:55,987 [INFO] API Response (GET https://trading.robinhood.com/api/v1/crypto/trading/accounts/): 200 - {"account_number":"311245509955","status":"active","buying_power":"179.2300","buying_power_currency":"USD"}
2025-03-08 16:27:56,492 [INFO] Buying Power Available: $179.23
2025-03-08 16:27:56,611 [INFO] API Response (GET https://trading.robinhood.com/api/v1/crypto/marketdata/best_bid_ask/?symbol=BTC-USD): 200 - {"results":[{"symbol":"BTC-USD","timestamp":"2025-03-08T22:27:56.617105383Z","price":"85888.775","bid_inclusive_of_sell_spread":"85890","sell_spread":"0.00001426","ask_inclusive_of_buy_spread":"85887.55","buy_spread":"0.00001426"}]}
2025-03-08 16:27:57,337 [INFO] Indicators for BTC-USD (15min) | MACD: -8.5479, Signal: 15.6509, Volume Condition: False (Current: 19.38325424, Avg10: 19.68)
2025-03-08 16:27:57,337 [INFO] BTC-USD (15min) | MACD: -8.5479, Signal: 15.6509, Volume Condition: False, Price: $85887.55
2025-03-08 16:27:57,337 [INFO] [91mBullish MACD crossover or volume condition not met for BTC-USD. No trade executed.[0m
2025-03-08 16:27:57,581 [INFO] API Response (GET https://trading.robinhood.com/api/v1/crypto/trading/accounts/): 200 - {"account_number":"311245509955","status":"active","buying_power":"179.2300","buying_power_currency":"USD"}
2025-03-08 16:27:58,086 [INFO] Buying Power Available: $179.23
2025-03-08 16:27:58,215 [INFO] API Response (GET https://trading.robinhood.com/api/v1/crypto/marketdata/best_bid_ask/?symbol=ETH-USD): 200 - {"results":[{"symbol":"ETH-USD","timestamp":"2025-03-08T22:27:58.219964588Z","price":"2203.625","bid_inclusive_of_sell_spread":"2203.65","sell_spread":"0.00001134","ask_inclusive_of_buy_spread":"2203.6","buy_spread":"0.00001134"}]}
2025-03-08 16:27:59,227 [INFO] Indicators for ETH-USD (15min) | MACD: 7.2565, Signal: 10.2719, Volume Condition: False (Current: 498.01917001, Avg10: 516.03)
2025-03-08 16:27:59,227 [INFO] ETH-USD (15min) | MACD: 7.2565, Signal: 10.2719, Volume Condition: False, Price: $2203.6
2025-03-08 16:27:59,227 [INFO] [91mBullish MACD crossover or volume condition not met for ETH-USD. No trade executed.[0m
2025-03-08 16:27:59,383 [INFO] API Response (GET https://trading.robinhood.com/api/v1/crypto/trading/accounts/): 200 - {"account_number":"311245509955","status":"active","buying_power":"179.2300","buying_power_currency":"USD"}
2025-03-08 16:27:59,889 [INFO] Buying Power Available: $179.23
2025-03-08 16:28:00,019 [INFO] API Response (GET https://trading.robinhood.com/api/v1/crypto/marketdata/best_bid_ask/?symbol=LTC-USD): 200 - {"results":[{"symbol":"LTC-USD","timestamp":"2025-03-08T22:28:00.025318092Z","price":"102.905","bid_inclusive_of_sell_spread":"102.9","sell_spread":"0.00004859","ask_inclusive_of_buy_spread":"102.91","buy_spread":"0.00004859"}]}
2025-03-08 16:28:00,800 [INFO] Indicators for LTC-USD (15min) | MACD: -0.1768, Signal: -0.0782, Volume Condition: False (Current: 758.72579888, Avg10: 1174.61)
2025-03-08 16:28:00,801 [INFO] LTC-USD (15min) | MACD: -0.1768, Signal: -0.0782, Volume Condition: False, Price: $102.91
2025-03-08 16:28:00,801 [INFO] [91mBullish MACD crossover or volume condition not met for LTC-USD. No trade executed.[0m
2025-03-08 16:28:01,015 [INFO] API Response (GET https://trading.robinhood.com/api/v1/crypto/trading/accounts/): 200 - {"account_number":"311245509955","status":"active","buying_power":"179.2300","buying_power_currency":"USD"}
2025-03-08 16:28:01,521 [INFO] Buying Power Available: $179.23
2025-03-08 16:28:01,648 [INFO] API Response (GET https://trading.robinhood.com/api/v1/crypto/marketdata/best_bid_ask/?symbol=DOGE-USD): 200 - {"results":[{"symbol":"DOGE-USD","timestamp":"2025-03-08T22:28:01.652746185Z","price":"0.192082","bid_inclusive_of_sell_spread":"0.19206","sell_spread":"0.00011453","ask_inclusive_of_buy_spread":"0.192104","buy_spread":"0.00011453"}]}
2025-03-08 16:28:02,408 [INFO] Indicators for DOGE-USD (15min) | MACD: -0.0002, Signal: -0.0001, Volume Condition: False (Current: 849725.0, Avg10: 934768.67)
2025-03-08 16:28:02,408 [INFO] DOGE-USD (15min) | MACD: -0.0002, Signal: -0.0001, Volume Condition: False, Price: $0.192104
2025-03-08 16:28:02,408 [INFO] [91mBullish MACD crossover or volume condition not met for DOGE-USD. No trade executed.[0m
2025-03-08 16:28:02,639 [INFO] API Response (GET https://trading.robinhood.com/api/v1/crypto/trading/accounts/): 200 - {"account_number":"311245509955","status":"active","buying_power":"179.2300","buying_power_currency":"USD"}
2025-03-08 16:28:03,142 [INFO] Buying Power Available: $179.23
2025-03-08 16:28:03,319 [INFO] API Response (GET https://trading.robinhood.com/api/v1/crypto/marketdata/best_bid_ask/?symbol=TRUMP-USD): 200 - {"results":[{"symbol":"TRUMP-USD","timestamp":"2025-03-08T22:28:03.315772478Z","price":"11.92506115","bid_inclusive_of_sell_spread":"11.8501223","sell_spread":"0.00628415","ask_inclusive_of_buy_spread":"12","buy_spread":"0.00628415"}]}
2025-03-08 16:28:04,029 [INFO] Indicators for TRUMP-USD (15min) | MACD: -0.0112, Signal: 0.0002, Volume Condition: True (Current: 13912.588, Avg10: 3520.32)
2025-03-08 16:28:04,030 [INFO] TRUMP-USD (15min) | MACD: -0.0112, Signal: 0.0002, Volume Condition: True, Price: $12.0
2025-03-08 16:28:04,030 [INFO] [91mBullish MACD crossover or volume condition not met for TRUMP-USD. No trade executed.[0m
2025-03-08 16:28:04,195 [INFO] API Response (GET https://trading.robinhood.com/api/v1/crypto/trading/holdings/): 200 - {"next":null,"previous":null,"results":[{"account_number":"311245509955","asset_code":"ADA","total_quantity":"176.470000000000000000","quantity_available_for_trading":"176.470000000000000000"},{"account_number":"311245509955","asset_code":"DOGE","total_quantity":"8959.000000000000000000","quantity_available_for_trading":"8959.000000000000000000"}]}
2025-03-08 16:28:04,701 [INFO] Raw holdings response: {'next': None, 'previous': None, 'results': [{'account_number': '311245509955', 'asset_code': 'ADA', 'total_quantity': '176.470000000000000000', 'quantity_available_for_trading': '176.470000000000000000'}, {'account_number': '311245509955', 'asset_code': 'DOGE', 'total_quantity': '8959.000000000000000000', 'quantity_available_for_trading': '8959.000000000000000000'}]}
2025-03-08 16:28:04,701 [INFO] Parsed holdings: [{'account_number': '311245509955', 'asset_code': 'ADA', 'total_quantity': '176.470000000000000000', 'quantity_available_for_trading': '176.470000000000000000'}, {'account_number': '311245509955', 'asset_code': 'DOGE', 'total_quantity': '8959.000000000000000000', 'quantity_available_for_trading': '8959.000000000000000000'}]
2025-03-08 16:28:04,701 [INFO] Processing holding (type <class 'dict'>): {'account_number': '311245509955', 'asset_code': 'ADA', 'total_quantity': '176.470000000000000000', 'quantity_available_for_trading': '176.470000000000000000'}
2025-03-08 16:28:04,701 [ERROR] No average buy price for ADA-USD; skipping.
2025-03-08 16:28:04,702 [INFO] Processing holding (type <class 'dict'>): {'account_number': '311245509955', 'asset_code': 'DOGE', 'total_quantity': '8959.000000000000000000', 'quantity_available_for_trading': '8959.000000000000000000'}
2025-03-08 16:28:04,702 [ERROR] No average buy price for DOGE-USD; skipping.
2025-03-08 16:28:35,051 [INFO] API Response (GET https://trading.robinhood.com/api/v1/crypto/trading/accounts/): 200 - {"account_number":"311245509955","status":"active","buying_power":"179.2300","buying_power_currency":"USD"}
2025-03-08 16:28:35,555 [INFO] Buying Power Available: $179.23
2025-03-08 16:28:35,689 [INFO] API Response (GET https://trading.robinhood.com/api/v1/crypto/marketdata/best_bid_ask/?symbol=BTC-USD): 200 - {"results":[{"symbol":"BTC-USD","timestamp":"2025-03-08T22:28:35.692680875Z","price":"85930.095","bid_inclusive_of_sell_spread":"85930.09","sell_spread":"0.00000006","ask_inclusive_of_buy_spread":"85930.1","buy_spread":"0.00000006"}]}
2025-03-08 16:28:36,649 [INFO] Indicators for BTC-USD (15min) | MACD: -7.8052, Signal: 15.7994, Volume Condition: False (Current: 20.09261247, Avg10: 19.68)
2025-03-08 16:28:36,650 [INFO] BTC-USD (15min) | MACD: -7.8052, Signal: 15.7994, Volume Condition: False, Price: $85930.1
2025-03-08 16:28:36,650 [INFO] [91mBullish MACD crossover or volume condition not met for BTC-USD. No trade executed.[0m
2025-03-08 16:28:36,870 [INFO] API Response (GET https://trading.robinhood.com/api/v1/crypto/trading/accounts/): 200 - {"account_number":"311245509955","status":"active","buying_power":"179.2300","buying_power_currency":"USD"}
2025-03-08 16:28:37,375 [INFO] Buying Power Available: $179.23
2025-03-08 16:28:37,495 [INFO] API Response (GET https://trading.robinhood.com/api/v1/crypto/marketdata/best_bid_ask/?symbol=ETH-USD): 200 - {"results":[{"symbol":"ETH-USD","timestamp":"2025-03-08T22:28:37.499001079Z","price":"2205.935","bid_inclusive_of_sell_spread":"2205.93","sell_spread":"0.00000227","ask_inclusive_of_buy_spread":"2205.94","buy_spread":"0.00000227"}]}
2025-03-08 16:28:38,176 [INFO] Indicators for ETH-USD (15min) | MACD: 7.3913, Signal: 10.2989, Volume Condition: False (Current: 502.91139475, Avg10: 516.03)
2025-03-08 16:28:38,177 [INFO] ETH-USD (15min) | MACD: 7.3913, Signal: 10.2989, Volume Condition: False, Price: $2205.94
2025-03-08 16:28:38,177 [INFO] [91mBullish MACD crossover or volume condition not met for ETH-USD. No trade executed.[0m
2025-03-08 16:28:38,405 [INFO] API Response (GET https://trading.robinhood.com/api/v1/crypto/trading/accounts/): 200 - {"account_number":"311245509955","status":"active","buying_power":"179.2300","buying_power_currency":"USD"}
2025-03-08 16:28:38,907 [INFO] Buying Power Available: $179.23
2025-03-08 16:28:39,033 [INFO] API Response (GET https://trading.robinhood.com/api/v1/crypto/marketdata/best_bid_ask/?symbol=LTC-USD): 200 - {"results":[{"symbol":"LTC-USD","timestamp":"2025-03-08T22:28:39.037478458Z","price":"103.025","bid_inclusive_of_sell_spread":"103.02","sell_spread":"0.00004853","ask_inclusive_of_buy_spread":"103.03","buy_spread":"0.00004853"}]}
2025-03-08 16:28:39,834 [INFO] Indicators for LTC-USD (15min) | MACD: -0.1696, Signal: -0.0767, Volume Condition: False (Current: 782.50205657, Avg10: 1174.61)
2025-03-08 16:28:39,834 [INFO] LTC-USD (15min) | MACD: -0.1696, Signal: -0.0767, Volume Condition: False, Price: $103.03
2025-03-08 16:28:39,834 [INFO] [91mBullish MACD crossover or volume condition not met for LTC-USD. No trade executed.[0m
2025-03-08 16:28:40,058 [INFO] API Response (GET https://trading.robinhood.com/api/v1/crypto/trading/accounts/): 200 - {"account_number":"311245509955","status":"active","buying_power":"179.2300","buying_power_currency":"USD"}
2025-03-08 16:28:40,559 [INFO] Buying Power Available: $179.23
2025-03-08 16:28:40,687 [INFO] API Response (GET https://trading.robinhood.com/api/v1/crypto/marketdata/best_bid_ask/?symbol=DOGE-USD): 200 - {"results":[{"symbol":"DOGE-USD","timestamp":"2025-03-08T22:28:40.691574446Z","price":"0.192405","bid_inclusive_of_sell_spread":"0.19238","sell_spread":"0.00012993","ask_inclusive_of_buy_spread":"0.19243","buy_spread":"0.00012993"}]}
2025-03-08 16:28:41,425 [INFO] Indicators for DOGE-USD (15min) | MACD: -0.0002, Signal: -0.0001, Volume Condition: False (Current: 859106.9, Avg10: 934768.67)
2025-03-08 16:28:41,426 [INFO] DOGE-USD (15min) | MACD: -0.0002, Signal: -0.0001, Volume Condition: False, Price: $0.19243
2025-03-08 16:28:41,426 [INFO] [91mBullish MACD crossover or volume condition not met for DOGE-USD. No trade executed.[0m
2025-03-08 16:28:41,648 [INFO] API Response (GET https://trading.robinhood.com/api/v1/crypto/trading/accounts/): 200 - {"account_number":"311245509955","status":"active","buying_power":"179.2300","buying_power_currency":"USD"}
2025-03-08 16:28:42,153 [INFO] Buying Power Available: $179.23
2025-03-08 16:28:42,275 [INFO] API Response (GET https://trading.robinhood.com/api/v1/crypto/marketdata/best_bid_ask/?symbol=TRUMP-USD): 200 - {"results":[{"symbol":"TRUMP-USD","timestamp":"2025-03-08T22:28:42.279073376Z","price":"11.940002465","bid_inclusive_of_sell_spread":"11.8645232","sell_spread":"0.00632155","ask_inclusive_of_buy_spread":"12.01548173","buy_spread":"0.00632155"}]}
2025-03-08 16:28:43,301 [INFO] Indicators for TRUMP-USD (15min) | MACD: -0.0096, Signal: 0.0005, Volume Condition: True (Current: 14059.557, Avg10: 3520.32)
2025-03-08 16:28:43,301 [INFO] TRUMP-USD (15min) | MACD: -0.0096, Signal: 0.0005, Volume Condition: True, Price: $12.01548173
2025-03-08 16:28:43,301 [INFO] [91mBullish MACD crossover or volume condition not met for TRUMP-USD. No trade executed.[0m
2025-03-08 16:28:43,392 [INFO] API Response (GET https://trading.robinhood.com/api/v1/crypto/trading/holdings/): 200 - {"next":null,"previous":null,"results":[{"account_number":"311245509955","asset_code":"ADA","total_quantity":"176.470000000000000000","quantity_available_for_trading":"176.470000000000000000"},{"account_number":"311245509955","asset_code":"DOGE","total_quantity":"8959.000000000000000000","quantity_available_for_trading":"8959.000000000000000000"}]}
2025-03-08 16:28:43,898 [INFO] Raw holdings response: {'next': None, 'previous': None, 'results': [{'account_number': '311245509955', 'asset_code': 'ADA', 'total_quantity': '176.470000000000000000', 'quantity_available_for_trading': '176.470000000000000000'}, {'account_number': '311245509955', 'asset_code': 'DOGE', 'total_quantity': '8959.000000000000000000', 'quantity_available_for_trading': '8959.000000000000000000'}]}
2025-03-08 16:28:43,899 [INFO] Parsed holdings: [{'account_number': '311245509955', 'asset_code': 'ADA', 'total_quantity': '176.470000000000000000', 'quantity_available_for_trading': '176.470000000000000000'}, {'account_number': '311245509955', 'asset_code': 'DOGE', 'total_quantity': '8959.000000000000000000', 'quantity_available_for_trading': '8959.000000000000000000'}]
2025-03-08 16:28:43,899 [INFO] Processing holding (type <class 'dict'>): {'account_number': '311245509955', 'asset_code': 'ADA', 'total_quantity': '176.470000000000000000', 'quantity_available_for_trading': '176.470000000000000000'}
2025-03-08 16:28:43,899 [ERROR] No average buy price for ADA-USD; skipping.
2025-03-08 16:28:43,899 [INFO] Processing holding (type <class 'dict'>): {'account_number': '311245509955', 'asset_code': 'DOGE', 'total_quantity': '8959.000000000000000000', 'quantity_available_for_trading': '8959.000000000000000000'}
2025-03-08 16:28:43,899 [ERROR] No average buy price for DOGE-USD; skipping.
2025-03-08 16:29:14,426 [INFO] API Response (GET https://trading.robinhood.com/api/v1/crypto/trading/accounts/): 200 - {"account_number":"311245509955","status":"active","buying_power":"179.2300","buying_power_currency":"USD"}
2025-03-08 16:29:14,930 [INFO] Buying Power Available: $179.23
2025-03-08 16:29:15,056 [INFO] API Response (GET https://trading.robinhood.com/api/v1/crypto/marketdata/best_bid_ask/?symbol=BTC-USD): 200 - {"results":[{"symbol":"BTC-USD","timestamp":"2025-03-08T22:29:15.061661308Z","price":"85950.18","bid_inclusive_of_sell_spread":"85952","sell_spread":"0.00002118","ask_inclusive_of_buy_spread":"85948.36","buy_spread":"0.00002118"}]}
2025-03-08 16:29:15,704 [INFO] Indicators for BTC-USD (15min) | MACD: -3.4967, Signal: 16.6611, Volume Condition: False (Current: 20.94305212, Avg10: 19.68)
2025-03-08 16:29:15,704 [INFO] BTC-USD (15min) | MACD: -3.4967, Signal: 16.6611, Volume Condition: False, Price: $85948.36
2025-03-08 16:29:15,704 [INFO] [91mBullish MACD crossover or volume condition not met for BTC-USD. No trade executed.[0m
2025-03-08 16:29:15,929 [INFO] API Response (GET https://trading.robinhood.com/api/v1/crypto/trading/accounts/): 200 - {"account_number":"311245509955","status":"active","buying_power":"179.2300","buying_power_currency":"USD"}
2025-03-08 16:29:16,435 [INFO] Buying Power Available: $179.23
2025-03-08 16:29:16,559 [INFO] API Response (GET https://trading.robinhood.com/api/v1/crypto/marketdata/best_bid_ask/?symbol=ETH-USD): 200 - {"results":[{"symbol":"ETH-USD","timestamp":"2025-03-08T22:29:16.563901422Z","price":"2205.415","bid_inclusive_of_sell_spread":"2205.43","sell_spread":"0.0000068","ask_inclusive_of_buy_spread":"2205.4","buy_spread":"0.0000068"}]}
2025-03-08 16:29:17,365 [INFO] Indicators for ETH-USD (15min) | MACD: 7.4903, Signal: 10.3187, Volume Condition: False (Current: 518.74928547, Avg10: 516.03)
2025-03-08 16:29:17,365 [INFO] ETH-USD (15min) | MACD: 7.4903, Signal: 10.3187, Volume Condition: False, Price: $2205.4
2025-03-08 16:29:17,365 [INFO] [91mBullish MACD crossover or volume condition not met for ETH-USD. No trade executed.[0m
2025-03-08 16:29:17,599 [INFO] API Response (GET https://trading.robinhood.com/api/v1/crypto/trading/accounts/): 200 - {"account_number":"311245509955","status":"active","buying_power":"179.2300","buying_power_currency":"USD"}
2025-03-08 16:29:18,104 [INFO] Buying Power Available: $179.23
2025-03-08 16:29:18,175 [INFO] API Response (GET https://trading.robinhood.com/api/v1/crypto/marketdata/best_bid_ask/?symbol=LTC-USD): 200 - {"results":[{"symbol":"LTC-USD","timestamp":"2025-03-08T22:29:18.181019161Z","price":"103.065","bid_inclusive_of_sell_spread":"103.06","sell_spread":"0.00004851","ask_inclusive_of_buy_spread":"103.07","buy_spread":"0.00004851"}]}
2025-03-08 16:29:18,906 [INFO] Indicators for LTC-USD (15min) | MACD: -0.1584, Signal: -0.0745, Volume Condition: False (Current: 893.67004772, Avg10: 1174.61)
2025-03-08 16:29:18,906 [INFO] LTC-USD (15min) | MACD: -0.1584, Signal: -0.0745, Volume Condition: False, Price: $103.07
2025-03-08 16:29:18,906 [INFO] [91mBullish MACD crossover or volume condition not met for LTC-USD. No trade executed.[0m
2025-03-08 16:29:19,125 [INFO] API Response (GET https://trading.robinhood.com/api/v1/crypto/trading/accounts/): 200 - {"account_number":"311245509955","status":"active","buying_power":"179.2300","buying_power_currency":"USD"}
2025-03-08 16:29:19,630 [INFO] Buying Power Available: $179.23
2025-03-08 16:29:19,693 [INFO] API Response (GET https://trading.robinhood.com/api/v1/crypto/marketdata/best_bid_ask/?symbol=DOGE-USD): 200 - {"results":[{"symbol":"DOGE-USD","timestamp":"2025-03-08T22:29:19.698553753Z","price":"0.192365","bid_inclusive_of_sell_spread":"0.19234","sell_spread":"0.00012996","ask_inclusive_of_buy_spread":"0.19239","buy_spread":"0.00012996"}]}
2025-03-08 16:29:20,447 [INFO] Indicators for DOGE-USD (15min) | MACD: -0.0002, Signal: -0.0001, Volume Condition: False (Current: 874779.7, Avg10: 934768.67)
2025-03-08 16:29:20,447 [INFO] DOGE-USD (15min) | MACD: -0.0002, Signal: -0.0001, Volume Condition: False, Price: $0.19239
2025-03-08 16:29:20,447 [INFO] [91mBullish MACD crossover or volume condition not met for DOGE-USD. No trade executed.[0m
2025-03-08 16:29:20,601 [INFO] API Response (GET https://trading.robinhood.com/api/v1/crypto/trading/accounts/): 200 - {"account_number":"311245509955","status":"active","buying_power":"179.2300","buying_power_currency":"USD"}
2025-03-08 16:29:21,107 [INFO] Buying Power Available: $179.23
2025-03-08 16:29:21,228 [INFO] API Response (GET https://trading.robinhood.com/api/v1/crypto/marketdata/best_bid_ask/?symbol=TRUMP-USD): 200 - {"results":[{"symbol":"TRUMP-USD","timestamp":"2025-03-08T22:29:21.231838834Z","price":"11.940172075","bid_inclusive_of_sell_spread":"11.8645604","sell_spread":"0.00633254","ask_inclusive_of_buy_spread":"12.01578375","buy_spread":"0.00633254"}]}
2025-03-08 16:29:21,906 [INFO] Indicators for TRUMP-USD (15min) | MACD: -0.0096, Signal: 0.0005, Volume Condition: True (Current: 14072.693, Avg10: 3520.32)
2025-03-08 16:29:21,907 [INFO] TRUMP-USD (15min) | MACD: -0.0096, Signal: 0.0005, Volume Condition: True, Price: $12.01578375
2025-03-08 16:29:21,907 [INFO] [91mBullish MACD crossover or volume condition not met for TRUMP-USD. No trade executed.[0m
2025-03-08 16:29:22,078 [INFO] API Response (GET https://trading.robinhood.com/api/v1/crypto/trading/holdings/): 200 - {"next":null,"previous":null,"results":[{"account_number":"311245509955","asset_code":"ADA","total_quantity":"176.470000000000000000","quantity_available_for_trading":"176.470000000000000000"},{"account_number":"311245509955","asset_code":"DOGE","total_quantity":"8959.000000000000000000","quantity_available_for_trading":"8959.000000000000000000"}]}
2025-03-08 16:29:22,583 [INFO] Raw holdings response: {'next': None, 'previous': None, 'results': [{'account_number': '311245509955', 'asset_code': 'ADA', 'total_quantity': '176.470000000000000000', 'quantity_available_for_trading': '176.470000000000000000'}, {'account_number': '311245509955', 'asset_code': 'DOGE', 'total_quantity': '8959.000000000000000000', 'quantity_available_for_trading': '8959.000000000000000000'}]}
2025-03-08 16:29:22,584 [INFO] Parsed holdings: [{'account_number': '311245509955', 'asset_code': 'ADA', 'total_quantity': '176.470000000000000000', 'quantity_available_for_trading': '176.470000000000000000'}, {'account_number': '311245509955', 'asset_code': 'DOGE', 'total_quantity': '8959.000000000000000000', 'quantity_available_for_trading': '8959.000000000000000000'}]
2025-03-08 16:29:22,584 [INFO] Processing holding (type <class 'dict'>): {'account_number': '311245509955', 'asset_code': 'ADA', 'total_quantity': '176.470000000000000000', 'quantity_available_for_trading': '176.470000000000000000'}
2025-03-08 16:29:22,584 [ERROR] No average buy price for ADA-USD; skipping.
2025-03-08 16:29:22,585 [INFO] Processing holding (type <class 'dict'>): {'account_number': '311245509955', 'asset_code': 'DOGE', 'total_quantity': '8959.000000000000000000', 'quantity_available_for_trading': '8959.000000000000000000'}
2025-03-08 16:29:22,585 [ERROR] No average buy price for DOGE-USD; skipping.
2025-03-08 16:29:52,946 [INFO] API Response (GET https://trading.robinhood.com/api/v1/crypto/trading/accounts/): 200 - {"account_number":"311245509955","status":"active","buying_power":"179.2300","buying_power_currency":"USD"}
2025-03-08 16:29:53,447 [INFO] Buying Power Available: $179.23
2025-03-08 16:29:53,572 [INFO] API Response (GET https://trading.robinhood.com/api/v1/crypto/marketdata/best_bid_ask/?symbol=BTC-USD): 200 - {"results":[{"symbol":"BTC-USD","timestamp":"2025-03-08T22:29:53.57354232Z","price":"86010.775","bid_inclusive_of_sell_spread":"86011.55","sell_spread":"0.00000901","ask_inclusive_of_buy_spread":"86010","buy_spread":"0.00000901"}]}
2025-03-08 16:29:54,266 [INFO] Indicators for BTC-USD (15min) | MACD: 0.4305, Signal: 17.4465, Volume Condition: False (Current: 21.69924221, Avg10: 19.68)
2025-03-08 16:29:54,266 [INFO] BTC-USD (15min) | MACD: 0.4305, Signal: 17.4465, Volume Condition: False, Price: $86010.0
2025-03-08 16:29:54,266 [INFO] [91mBullish MACD crossover or volume condition not met for BTC-USD. No trade executed.[0m
2025-03-08 16:29:54,478 [INFO] API Response (GET https://trading.robinhood.com/api/v1/crypto/trading/accounts/): 200 - {"account_number":"311245509955","status":"active","buying_power":"179.2300","buying_power_currency":"USD"}
2025-03-08 16:29:54,980 [INFO] Buying Power Available: $179.23
2025-03-08 16:29:55,106 [INFO] API Response (GET https://trading.robinhood.com/api/v1/crypto/marketdata/best_bid_ask/?symbol=ETH-USD): 200 - {"results":[{"symbol":"ETH-USD","timestamp":"2025-03-08T22:29:55.110659309Z","price":"2206.43","bid_inclusive_of_sell_spread":"2206.42","sell_spread":"0.00000453","ask_inclusive_of_buy_spread":"2206.44","buy_spread":"0.00000453"}]}
2025-03-08 16:29:55,858 [INFO] Indicators for ETH-USD (15min) | MACD: 7.5277, Signal: 10.3262, Volume Condition: False (Current: 540.29905774, Avg10: 516.03)
2025-03-08 16:29:55,858 [INFO] ETH-USD (15min) | MACD: 7.5277, Signal: 10.3262, Volume Condition: False, Price: $2206.44
2025-03-08 16:29:55,858 [INFO] [91mBullish MACD crossover or volume condition not met for ETH-USD. No trade executed.[0m
2025-03-08 16:29:56,015 [INFO] API Response (GET https://trading.robinhood.com/api/v1/crypto/trading/accounts/): 200 - {"account_number":"311245509955","status":"active","buying_power":"179.2300","buying_power_currency":"USD"}
2025-03-08 16:29:56,517 [INFO] Buying Power Available: $179.23
2025-03-08 16:29:56,636 [INFO] API Response (GET https://trading.robinhood.com/api/v1/crypto/marketdata/best_bid_ask/?symbol=LTC-USD): 200 - {"results":[{"symbol":"LTC-USD","timestamp":"2025-03-08T22:29:56.641013174Z","price":"103.105","bid_inclusive_of_sell_spread":"103.1","sell_spread":"0.00004849","ask_inclusive_of_buy_spread":"103.11","buy_spread":"0.00004849"}]}
2025-03-08 16:29:57,408 [INFO] Indicators for LTC-USD (15min) | MACD: -0.1608, Signal: -0.0750, Volume Condition: False (Current: 942.56416669, Avg10: 1174.61)
2025-03-08 16:29:57,408 [INFO] LTC-USD (15min) | MACD: -0.1608, Signal: -0.0750, Volume Condition: False, Price: $103.11
2025-03-08 16:29:57,408 [INFO] [91mBullish MACD crossover or volume condition not met for LTC-USD. No trade executed.[0m
2025-03-08 16:29:57,622 [INFO] API Response (GET https://trading.robinhood.com/api/v1/crypto/trading/accounts/): 200 - {"account_number":"311245509955","status":"active","buying_power":"179.2300","buying_power_currency":"USD"}
2025-03-08 16:29:58,128 [INFO] Buying Power Available: $179.23
2025-03-08 16:29:58,256 [INFO] API Response (GET https://trading.robinhood.com/api/v1/crypto/marketdata/best_bid_ask/?symbol=DOGE-USD): 200 - {"results":[{"symbol":"DOGE-USD","timestamp":"2025-03-08T22:29:58.254340947Z","price":"0.19256","bid_inclusive_of_sell_spread":"0.19255","sell_spread":"0.00005193","ask_inclusive_of_buy_spread":"0.19257","buy_spread":"0.00005193"}]}
2025-03-08 16:29:59,256 [INFO] Indicators for DOGE-USD (15min) | MACD: -0.0002, Signal: -0.0001, Volume Condition: False (Current: 878736.5, Avg10: 934768.67)
2025-03-08 16:29:59,257 [INFO] DOGE-USD (15min) | MACD: -0.0002, Signal: -0.0001, Volume Condition: False, Price: $0.19257
2025-03-08 16:29:59,257 [INFO] [91mBullish MACD crossover or volume condition not met for DOGE-USD. No trade executed.[0m
2025-03-08 16:29:59,472 [INFO] API Response (GET https://trading.robinhood.com/api/v1/crypto/trading/accounts/): 200 - {"account_number":"311245509955","status":"active","buying_power":"179.2300","buying_power_currency":"USD"}
2025-03-08 16:29:59,977 [INFO] Buying Power Available: $179.23
2025-03-08 16:30:00,106 [INFO] API Response (GET https://trading.robinhood.com/api/v1/crypto/marketdata/best_bid_ask/?symbol=TRUMP-USD): 200 - {"results":[{"symbol":"TRUMP-USD","timestamp":"2025-03-08T22:30:00.11094391Z","price":"11.9472931","bid_inclusive_of_sell_spread":"11.8745862","sell_spread":"0.00608564","ask_inclusive_of_buy_spread":"12.02","buy_spread":"0.00608564"}]}
2025-03-08 16:30:00,830 [INFO] Indicators for TRUMP-USD (15min) | MACD: -0.0096, Signal: 0.0005, Volume Condition: True (Current: 14077.297, Avg10: 3520.32)
2025-03-08 16:30:00,830 [INFO] TRUMP-USD (15min) | MACD: -0.0096, Signal: 0.0005, Volume Condition: True, Price: $12.02
2025-03-08 16:30:00,831 [INFO] [91mBullish MACD crossover or volume condition not met for TRUMP-USD. No trade executed.[0m
2025-03-08 16:30:00,929 [INFO] API Response (GET https://trading.robinhood.com/api/v1/crypto/trading/holdings/): 200 - {"next":null,"previous":null,"results":[{"account_number":"311245509955","asset_code":"ADA","total_quantity":"176.470000000000000000","quantity_available_for_trading":"176.470000000000000000"},{"account_number":"311245509955","asset_code":"DOGE","total_quantity":"8959.000000000000000000","quantity_available_for_trading":"8959.000000000000000000"}]}
2025-03-08 16:30:01,435 [INFO] Raw holdings response: {'next': None, 'previous': None, 'results': [{'account_number': '311245509955', 'asset_code': 'ADA', 'total_quantity': '176.470000000000000000', 'quantity_available_for_trading': '176.470000000000000000'}, {'account_number': '311245509955', 'asset_code': 'DOGE', 'total_quantity': '8959.000000000000000000', 'quantity_available_for_trading': '8959.000000000000000000'}]}
2025-03-08 16:30:01,436 [INFO] Parsed holdings: [{'account_number': '311245509955', 'asset_code': 'ADA', 'total_quantity': '176.470000000000000000', 'quantity_available_for_trading': '176.470000000000000000'}, {'account_number': '311245509955', 'asset_code': 'DOGE', 'total_quantity': '8959.000000000000000000', 'quantity_available_for_trading': '8959.000000000000000000'}]
2025-03-08 16:30:01,436 [INFO] Processing holding (type <class 'dict'>): {'account_number': '311245509955', 'asset_code': 'ADA', 'total_quantity': '176.470000000000000000', 'quantity_available_for_trading': '176.470000000000000000'}
2025-03-08 16:30:01,436 [ERROR] No average buy price for ADA-USD; skipping.
2025-03-08 16:30:01,436 [INFO] Processing holding (type <class 'dict'>): {'account_number': '311245509955', 'asset_code': 'DOGE', 'total_quantity': '8959.000000000000000000', 'quantity_available_for_trading': '8959.000000000000000000'}
2025-03-08 16:30:01,436 [ERROR] No average buy price for DOGE-USD; skipping.
2025-03-08 16:30:31,845 [INFO] API Response (GET https://trading.robinhood.com/api/v1/crypto/trading/accounts/): 200 - {"account_number":"311245509955","status":"active","buying_power":"179.2300","buying_power_currency":"USD"}
2025-03-08 16:30:32,346 [INFO] Buying Power Available: $179.23
2025-03-08 16:30:32,478 [INFO] API Response (GET https://trading.robinhood.com/api/v1/crypto/marketdata/best_bid_ask/?symbol=BTC-USD): 200 - {"results":[{"symbol":"BTC-USD","timestamp":"2025-03-08T22:30:32.482358765Z","price":"85985.45","bid_inclusive_of_sell_spread":"85986.9","sell_spread":"0.00001686","ask_inclusive_of_buy_spread":"85984","buy_spread":"0.00001686"}]}
2025-03-08 16:30:33,192 [INFO] Indicators for BTC-USD (15min) | MACD: -15.0965, Signal: 11.0371, Volume Condition: False (Current: 0.55826882, Avg10: 17.88)
2025-03-08 16:30:33,193 [INFO] BTC-USD (15min) | MACD: -15.0965, Signal: 11.0371, Volume Condition: False, Price: $85984.0
2025-03-08 16:30:33,193 [INFO] [91mBullish MACD crossover or volume condition not met for BTC-USD. No trade executed.[0m
2025-03-08 16:30:33,398 [INFO] API Response (GET https://trading.robinhood.com/api/v1/crypto/trading/accounts/): 200 - {"account_number":"311245509955","status":"active","buying_power":"179.2300","buying_power_currency":"USD"}
2025-03-08 16:30:33,902 [INFO] Buying Power Available: $179.23
2025-03-08 16:30:34,030 [INFO] API Response (GET https://trading.robinhood.com/api/v1/crypto/marketdata/best_bid_ask/?symbol=ETH-USD): 200 - {"results":[{"symbol":"ETH-USD","timestamp":"2025-03-08T22:30:34.034736597Z","price":"2206.47","bid_inclusive_of_sell_spread":"2206.5","sell_spread":"0.0000136","ask_inclusive_of_buy_spread":"2206.44","buy_spread":"0.0000136"}]}
2025-03-08 16:30:35,024 [INFO] Indicators for ETH-USD (15min) | MACD: 6.5100, Signal: 9.5658, Volume Condition: False (Current: 12.25724821, Avg10: 412.17)
2025-03-08 16:30:35,024 [INFO] ETH-USD (15min) | MACD: 6.5100, Signal: 9.5658, Volume Condition: False, Price: $2206.44
2025-03-08 16:30:35,024 [INFO] [91mBullish MACD crossover or volume condition not met for ETH-USD. No trade executed.[0m
2025-03-08 16:30:35,230 [INFO] API Response (GET https://trading.robinhood.com/api/v1/crypto/trading/accounts/): 200 - {"account_number":"311245509955","status":"active","buying_power":"179.2300","buying_power_currency":"USD"}
2025-03-08 16:30:35,733 [INFO] Buying Power Available: $179.23
2025-03-08 16:30:35,855 [INFO] API Response (GET https://trading.robinhood.com/api/v1/crypto/marketdata/best_bid_ask/?symbol=LTC-USD): 200 - {"results":[{"symbol":"LTC-USD","timestamp":"2025-03-08T22:30:35.862298941Z","price":"103.055","bid_inclusive_of_sell_spread":"103.06","sell_spread":"0.00004852","ask_inclusive_of_buy_spread":"103.05","buy_spread":"0.00004852"}]}
2025-03-08 16:30:36,531 [INFO] Indicators for LTC-USD (15min) | MACD: -0.2016, Signal: -0.0998, Volume Condition: False (Current: 4.39764891, Avg10: 1153.92)
2025-03-08 16:30:36,531 [INFO] LTC-USD (15min) | MACD: -0.2016, Signal: -0.0998, Volume Condition: False, Price: $103.05
2025-03-08 16:30:36,532 [INFO] [91mBullish MACD crossover or volume condition not met for LTC-USD. No trade executed.[0m
2025-03-08 16:30:36,751 [INFO] API Response (GET https://trading.robinhood.com/api/v1/crypto/trading/accounts/): 200 - {"account_number":"311245509955","status":"active","buying_power":"179.2300","buying_power_currency":"USD"}
2025-03-08 16:30:37,257 [INFO] Buying Power Available: $179.23
2025-03-08 16:30:37,396 [INFO] API Response (GET https://trading.robinhood.com/api/v1/crypto/marketdata/best_bid_ask/?symbol=DOGE-USD): 200 - {"results":[{"symbol":"DOGE-USD","timestamp":"2025-03-08T22:30:37.400316504Z","price":"0.192692","bid_inclusive_of_sell_spread":"0.19268","sell_spread":"0.00006228","ask_inclusive_of_buy_spread":"0.192704","buy_spread":"0.00006228"}]}
2025-03-08 16:30:38,119 [INFO] Indicators for DOGE-USD (15min) | MACD: -0.0002, Signal: -0.0001, Volume Condition: False (Current: 58549.3, Avg10: 778959.67)
2025-03-08 16:30:38,119 [INFO] DOGE-USD (15min) | MACD: -0.0002, Signal: -0.0001, Volume Condition: False, Price: $0.192704
2025-03-08 16:30:38,119 [INFO] [91mBullish MACD crossover or volume condition not met for DOGE-USD. No trade executed.[0m
2025-03-08 16:30:38,330 [INFO] API Response (GET https://trading.robinhood.com/api/v1/crypto/trading/accounts/): 200 - {"account_number":"311245509955","status":"active","buying_power":"179.2300","buying_power_currency":"USD"}
2025-03-08 16:30:38,834 [INFO] Buying Power Available: $179.23
2025-03-08 16:30:38,964 [INFO] API Response (GET https://trading.robinhood.com/api/v1/crypto/marketdata/best_bid_ask/?symbol=TRUMP-USD): 200 - {"results":[{"symbol":"TRUMP-USD","timestamp":"2025-03-08T22:30:38.968410713Z","price":"11.95282662","bid_inclusive_of_sell_spread":"11.8769836","sell_spread":"0.0063452","ask_inclusive_of_buy_spread":"12.02866964","buy_spread":"0.0063452"}]}
2025-03-08 16:30:39,626 [INFO] Indicators for TRUMP-USD (15min) | MACD: -0.0095, Signal: 0.0006, Volume Condition: True (Current: 14174.185, Avg10: 3520.32)
2025-03-08 16:30:39,627 [INFO] TRUMP-USD (15min) | MACD: -0.0095, Signal: 0.0006, Volume Condition: True, Price: $12.02866964
2025-03-08 16:30:39,627 [INFO] [91mBullish MACD crossover or volume condition not met for TRUMP-USD. No trade executed.[0m
2025-03-08 16:30:39,783 [INFO] API Response (GET https://trading.robinhood.com/api/v1/crypto/trading/holdings/): 200 - {"next":null,"previous":null,"results":[{"account_number":"311245509955","asset_code":"ADA","total_quantity":"176.470000000000000000","quantity_available_for_trading":"176.470000000000000000"},{"account_number":"311245509955","asset_code":"DOGE","total_quantity":"8959.000000000000000000","quantity_available_for_trading":"8959.000000000000000000"}]}
2025-03-08 16:30:40,289 [INFO] Raw holdings response: {'next': None, 'previous': None, 'results': [{'account_number': '311245509955', 'asset_code': 'ADA', 'total_quantity': '176.470000000000000000', 'quantity_available_for_trading': '176.470000000000000000'}, {'account_number': '311245509955', 'asset_code': 'DOGE', 'total_quantity': '8959.000000000000000000', 'quantity_available_for_trading': '8959.000000000000000000'}]}
2025-03-08 16:30:40,290 [INFO] Parsed holdings: [{'account_number': '311245509955', 'asset_code': 'ADA', 'total_quantity': '176.470000000000000000', 'quantity_available_for_trading': '176.470000000000000000'}, {'account_number': '311245509955', 'asset_code': 'DOGE', 'total_quantity': '8959.000000000000000000', 'quantity_available_for_trading': '8959.000000000000000000'}]
2025-03-08 16:30:40,290 [INFO] Processing holding (type <class 'dict'>): {'account_number': '311245509955', 'asset_code': 'ADA', 'total_quantity': '176.470000000000000000', 'quantity_available_for_trading': '176.470000000000000000'}
2025-03-08 16:30:40,290 [ERROR] No average buy price for ADA-USD; skipping.
2025-03-08 16:30:40,290 [INFO] Processing holding (type <class 'dict'>): {'account_number': '311245509955', 'asset_code': 'DOGE', 'total_quantity': '8959.000000000000000000', 'quantity_available_for_trading': '8959.000000000000000000'}
2025-03-08 16:30:40,291 [ERROR] No average buy price for DOGE-USD; skipping.
2025-03-08 16:31:10,653 [INFO] API Response (GET https://trading.robinhood.com/api/v1/crypto/trading/accounts/): 200 - {"account_number":"311245509955","status":"active","buying_power":"179.2300","buying_power_currency":"USD"}
2025-03-08 16:31:11,154 [INFO] Buying Power Available: $179.23
2025-03-08 16:31:11,273 [INFO] API Response (GET https://trading.robinhood.com/api/v1/crypto/marketdata/best_bid_ask/?symbol=BTC-USD): 200 - {"results":[{"symbol":"BTC-USD","timestamp":"2025-03-08T22:31:11.277580821Z","price":"85982.08","bid_inclusive_of_sell_spread":"85983","sell_spread":"0.0000107","ask_inclusive_of_buy_spread":"85981.16","buy_spread":"0.0000107"}]}
2025-03-08 16:31:11,928 [INFO] Indicators for BTC-USD (15min) | MACD: -14.5150, Signal: 11.1534, Volume Condition: False (Current: 0.76575846, Avg10: 17.88)
2025-03-08 16:31:11,928 [INFO] BTC-USD (15min) | MACD: -14.5150, Signal: 11.1534, Volume Condition: False, Price: $85981.16
2025-03-08 16:31:11,928 [INFO] [91mBullish MACD crossover or volume condition not met for BTC-USD. No trade executed.[0m
2025-03-08 16:31:12,150 [INFO] API Response (GET https://trading.robinhood.com/api/v1/crypto/trading/accounts/): 200 - {"account_number":"311245509955","status":"active","buying_power":"179.2300","buying_power_currency":"USD"}
2025-03-08 16:31:12,655 [INFO] Buying Power Available: $179.23
2025-03-08 16:31:12,779 [INFO] API Response (GET https://trading.robinhood.com/api/v1/crypto/marketdata/best_bid_ask/?symbol=ETH-USD): 200 - {"results":[{"symbol":"ETH-USD","timestamp":"2025-03-08T22:31:12.782455157Z","price":"2206.335","bid_inclusive_of_sell_spread":"2206.37","sell_spread":"0.00001586","ask_inclusive_of_buy_spread":"2206.3","buy_spread":"0.00001586"}]}
2025-03-08 16:31:13,485 [INFO] Indicators for ETH-USD (15min) | MACD: 6.5052, Signal: 9.5649, Volume Condition: False (Current: 16.29921298, Avg10: 412.17)
2025-03-08 16:31:13,485 [INFO] ETH-USD (15min) | MACD: 6.5052, Signal: 9.5649, Volume Condition: False, Price: $2206.3
2025-03-08 16:31:13,485 [INFO] [91mBullish MACD crossover or volume condition not met for ETH-USD. No trade executed.[0m
2025-03-08 16:31:13,697 [INFO] API Response (GET https://trading.robinhood.com/api/v1/crypto/trading/accounts/): 200 - {"account_number":"311245509955","status":"active","buying_power":"179.2300","buying_power_currency":"USD"}
2025-03-08 16:31:14,201 [INFO] Buying Power Available: $179.23
2025-03-08 16:31:14,321 [INFO] API Response (GET https://trading.robinhood.com/api/v1/crypto/marketdata/best_bid_ask/?symbol=LTC-USD): 200 - {"results":[{"symbol":"LTC-USD","timestamp":"2025-03-08T22:31:14.325472697Z","price":"103.075","bid_inclusive_of_sell_spread":"103.07","sell_spread":"0.00004851","ask_inclusive_of_buy_spread":"103.08","buy_spread":"0.00004851"}]}
2025-03-08 16:31:15,166 [INFO] Indicators for LTC-USD (15min) | MACD: -0.2000, Signal: -0.0994, Volume Condition: False (Current: 14.80889655, Avg10: 1153.92)
2025-03-08 16:31:15,167 [INFO] LTC-USD (15min) | MACD: -0.2000, Signal: -0.0994, Volume Condition: False, Price: $103.08
2025-03-08 16:31:15,167 [INFO] [91mBullish MACD crossover or volume condition not met for LTC-USD. No trade executed.[0m
2025-03-08 16:31:15,388 [INFO] API Response (GET https://trading.robinhood.com/api/v1/crypto/trading/accounts/): 200 - {"account_number":"311245509955","status":"active","buying_power":"179.2300","buying_power_currency":"USD"}
2025-03-08 16:31:15,891 [INFO] Buying Power Available: $179.23
2025-03-08 16:31:16,013 [INFO] API Response (GET https://trading.robinhood.com/api/v1/crypto/marketdata/best_bid_ask/?symbol=DOGE-USD): 200 - {"results":[{"symbol":"DOGE-USD","timestamp":"2025-03-08T22:31:16.017870131Z","price":"0.1928205","bid_inclusive_of_sell_spread":"0.19282","sell_spread":"0.00000259","ask_inclusive_of_buy_spread":"0.192821","buy_spread":"0.00000259"}]}
2025-03-08 16:31:16,968 [INFO] Indicators for DOGE-USD (15min) | MACD: -0.0002, Signal: -0.0001, Volume Condition: False (Current: 95052.2, Avg10: 778959.67)
2025-03-08 16:31:16,969 [INFO] DOGE-USD (15min) | MACD: -0.0002, Signal: -0.0001, Volume Condition: False, Price: $0.192821
2025-03-08 16:31:16,969 [INFO] [91mBullish MACD crossover or volume condition not met for DOGE-USD. No trade executed.[0m
2025-03-08 16:31:17,116 [INFO] API Response (GET https://trading.robinhood.com/api/v1/crypto/trading/accounts/): 200 - {"account_number":"311245509955","status":"active","buying_power":"179.2300","buying_power_currency":"USD"}
2025-03-08 16:31:17,618 [INFO] Buying Power Available: $179.23
2025-03-08 16:31:17,740 [INFO] API Response (GET https://trading.robinhood.com/api/v1/crypto/marketdata/best_bid_ask/?symbol=TRUMP-USD): 200 - {"results":[{"symbol":"TRUMP-USD","timestamp":"2025-03-08T22:31:17.744320577Z","price":"11.9763194","bid_inclusive_of_sell_spread":"11.9026388","sell_spread":"0.00615219","ask_inclusive_of_buy_spread":"12.05","buy_spread":"0.00615219"}]}
2025-03-08 16:31:18,393 [INFO] Indicators for TRUMP-USD (15min) | MACD: -0.0126, Signal: -0.0020, Volume Condition: False (Current: 1126.376, Avg10: 4572.97)
2025-03-08 16:31:18,394 [INFO] TRUMP-USD (15min) | MACD: -0.0126, Signal: -0.0020, Volume Condition: False, Price: $12.05
2025-03-08 16:31:18,394 [INFO] [91mBullish MACD crossover or volume condition not met for TRUMP-USD. No trade executed.[0m
2025-03-08 16:31:18,561 [INFO] API Response (GET https://trading.robinhood.com/api/v1/crypto/trading/holdings/): 200 - {"next":null,"previous":null,"results":[{"account_number":"311245509955","asset_code":"ADA","total_quantity":"176.470000000000000000","quantity_available_for_trading":"176.470000000000000000"},{"account_number":"311245509955","asset_code":"DOGE","total_quantity":"8959.000000000000000000","quantity_available_for_trading":"8959.000000000000000000"}]}
2025-03-08 16:31:19,066 [INFO] Raw holdings response: {'next': None, 'previous': None, 'results': [{'account_number': '311245509955', 'asset_code': 'ADA', 'total_quantity': '176.470000000000000000', 'quantity_available_for_trading': '176.470000000000000000'}, {'account_number': '311245509955', 'asset_code': 'DOGE', 'total_quantity': '8959.000000000000000000', 'quantity_available_for_trading': '8959.000000000000000000'}]}
2025-03-08 16:31:19,067 [INFO] Parsed holdings: [{'account_number': '311245509955', 'asset_code': 'ADA', 'total_quantity': '176.470000000000000000', 'quantity_available_for_trading': '176.470000000000000000'}, {'account_number': '311245509955', 'asset_code': 'DOGE', 'total_quantity': '8959.000000000000000000', 'quantity_available_for_trading': '8959.000000000000000000'}]
2025-03-08 16:31:19,067 [INFO] Processing holding (type <class 'dict'>): {'account_number': '311245509955', 'asset_code': 'ADA', 'total_quantity': '176.470000000000000000', 'quantity_available_for_trading': '176.470000000000000000'}
2025-03-08 16:31:19,067 [ERROR] No average buy price for ADA-USD; skipping.
2025-03-08 16:31:19,068 [INFO] Processing holding (type <class 'dict'>): {'account_number': '311245509955', 'asset_code': 'DOGE', 'total_quantity': '8959.000000000000000000', 'quantity_available_for_trading': '8959.000000000000000000'}
2025-03-08 16:31:19,068 [ERROR] No average buy price for DOGE-USD; skipping.
2025-03-08 16:31:49,433 [INFO] API Response (GET https://trading.robinhood.com/api/v1/crypto/trading/accounts/): 200 - {"account_number":"311245509955","status":"active","buying_power":"179.2300","buying_power_currency":"USD"}
2025-03-08 16:31:49,939 [INFO] Buying Power Available: $179.23
2025-03-08 16:31:50,057 [INFO] API Response (GET https://trading.robinhood.com/api/v1/crypto/marketdata/best_bid_ask/?symbol=BTC-USD): 200 - {"results":[{"symbol":"BTC-USD","timestamp":"2025-03-08T22:31:50.06257362Z","price":"86035.775","bid_inclusive_of_sell_spread":"86034.55","sell_spread":"0.00001424","ask_inclusive_of_buy_spread":"86037","buy_spread":"0.00001424"}]}
2025-03-08 16:31:50,736 [INFO] Indicators for BTC-USD (15min) | MACD: -9.5643, Signal: 12.1436, Volume Condition: False (Current: 3.70632023, Avg10: 17.88)
2025-03-08 16:31:50,737 [INFO] BTC-USD (15min) | MACD: -9.5643, Signal: 12.1436, Volume Condition: False, Price: $86037.0
2025-03-08 16:31:50,737 [INFO] [91mBullish MACD crossover or volume condition not met for BTC-USD. No trade executed.[0m
2025-03-08 16:31:50,958 [INFO] API Response (GET https://trading.robinhood.com/api/v1/crypto/trading/accounts/): 200 - {"account_number":"311245509955","status":"active","buying_power":"179.2300","buying_power_currency":"USD"}
2025-03-08 16:31:51,464 [INFO] Buying Power Available: $179.23
2025-03-08 16:31:51,586 [INFO] API Response (GET https://trading.robinhood.com/api/v1/crypto/marketdata/best_bid_ask/?symbol=ETH-USD): 200 - {"results":[{"symbol":"ETH-USD","timestamp":"2025-03-08T22:31:51.590611064Z","price":"2207.42","bid_inclusive_of_sell_spread":"2207.4","sell_spread":"0.00000906","ask_inclusive_of_buy_spread":"2207.44","buy_spread":"0.00000906"}]}
2025-03-08 16:31:52,244 [INFO] Indicators for ETH-USD (15min) | MACD: 6.5906, Signal: 9.5819, Volume Condition: False (Current: 39.08552976, Avg10: 412.17)
2025-03-08 16:31:52,244 [INFO] ETH-USD (15min) | MACD: 6.5906, Signal: 9.5819, Volume Condition: False, Price: $2207.44
2025-03-08 16:31:52,244 [INFO] [91mBullish MACD crossover or volume condition not met for ETH-USD. No trade executed.[0m
2025-03-08 16:31:52,467 [INFO] API Response (GET https://trading.robinhood.com/api/v1/crypto/trading/accounts/): 200 - {"account_number":"311245509955","status":"active","buying_power":"179.2300","buying_power_currency":"USD"}
2025-03-08 16:31:52,971 [INFO] Buying Power Available: $179.23
2025-03-08 16:31:53,096 [INFO] API Response (GET https://trading.robinhood.com/api/v1/crypto/marketdata/best_bid_ask/?symbol=LTC-USD): 200 - {"results":[{"symbol":"LTC-USD","timestamp":"2025-03-08T22:31:53.100489239Z","price":"103.145","bid_inclusive_of_sell_spread":"103.14","sell_spread":"0.00004848","ask_inclusive_of_buy_spread":"103.15","buy_spread":"0.00004848"}]}
2025-03-08 16:31:53,823 [INFO] Indicators for LTC-USD (15min) | MACD: -0.1944, Signal: -0.0983, Volume Condition: False (Current: 27.61711952, Avg10: 1153.92)
2025-03-08 16:31:53,823 [INFO] LTC-USD (15min) | MACD: -0.1944, Signal: -0.0983, Volume Condition: False, Price: $103.15
2025-03-08 16:31:53,823 [INFO] [91mBullish MACD crossover or volume condition not met for LTC-USD. No trade executed.[0m
2025-03-08 16:31:54,042 [INFO] API Response (GET https://trading.robinhood.com/api/v1/crypto/trading/accounts/): 200 - {"account_number":"311245509955","status":"active","buying_power":"179.2300","buying_power_currency":"USD"}
2025-03-08 16:31:54,545 [INFO] Buying Power Available: $179.23
2025-03-08 16:31:54,672 [INFO] API Response (GET https://trading.robinhood.com/api/v1/crypto/marketdata/best_bid_ask/?symbol=DOGE-USD): 200 - {"results":[{"symbol":"DOGE-USD","timestamp":"2025-03-08T22:31:54.675469211Z","price":"0.192875","bid_inclusive_of_sell_spread":"0.19286","sell_spread":"0.00007777","ask_inclusive_of_buy_spread":"0.19289","buy_spread":"0.00007777"}]}
2025-03-08 16:31:55,329 [INFO] Indicators for DOGE-USD (15min) | MACD: -0.0002, Signal: -0.0001, Volume Condition: False (Current: 102803.3, Avg10: 778959.67)
2025-03-08 16:31:55,330 [INFO] DOGE-USD (15min) | MACD: -0.0002, Signal: -0.0001, Volume Condition: False, Price: $0.19289
2025-03-08 16:31:55,330 [INFO] [91mBullish MACD crossover or volume condition not met for DOGE-USD. No trade executed.[0m
2025-03-08 16:31:55,549 [INFO] API Response (GET https://trading.robinhood.com/api/v1/crypto/trading/accounts/): 200 - {"account_number":"311245509955","status":"active","buying_power":"179.2300","buying_power_currency":"USD"}
2025-03-08 16:31:56,054 [INFO] Buying Power Available: $179.23
2025-03-08 16:31:56,172 [INFO] API Response (GET https://trading.robinhood.com/api/v1/crypto/marketdata/best_bid_ask/?symbol=TRUMP-USD): 200 - {"results":[{"symbol":"TRUMP-USD","timestamp":"2025-03-08T22:31:56.176758453Z","price":"11.9865517","bid_inclusive_of_sell_spread":"11.9131034","sell_spread":"0.00612756","ask_inclusive_of_buy_spread":"12.06","buy_spread":"0.00612756"}]}
2025-03-08 16:31:57,089 [INFO] Indicators for TRUMP-USD (15min) | MACD: -0.0126, Signal: -0.0020, Volume Condition: False (Current: 1331.121, Avg10: 4572.97)
2025-03-08 16:31:57,090 [INFO] TRUMP-USD (15min) | MACD: -0.0126, Signal: -0.0020, Volume Condition: False, Price: $12.06
2025-03-08 16:31:57,090 [INFO] [91mBullish MACD crossover or volume condition not met for TRUMP-USD. No trade executed.[0m
2025-03-08 16:31:57,248 [INFO] API Response (GET https://trading.robinhood.com/api/v1/crypto/trading/holdings/): 200 - {"next":null,"previous":null,"results":[{"account_number":"311245509955","asset_code":"ADA","total_quantity":"176.470000000000000000","quantity_available_for_trading":"176.470000000000000000"},{"account_number":"311245509955","asset_code":"DOGE","total_quantity":"8959.000000000000000000","quantity_available_for_trading":"8959.000000000000000000"}]}
2025-03-08 16:31:57,750 [INFO] Raw holdings response: {'next': None, 'previous': None, 'results': [{'account_number': '311245509955', 'asset_code': 'ADA', 'total_quantity': '176.470000000000000000', 'quantity_available_for_trading': '176.470000000000000000'}, {'account_number': '311245509955', 'asset_code': 'DOGE', 'total_quantity': '8959.000000000000000000', 'quantity_available_for_trading': '8959.000000000000000000'}]}
2025-03-08 16:31:57,750 [INFO] Parsed holdings: [{'account_number': '311245509955', 'asset_code': 'ADA', 'total_quantity': '176.470000000000000000', 'quantity_available_for_trading': '176.470000000000000000'}, {'account_number': '311245509955', 'asset_code': 'DOGE', 'total_quantity': '8959.000000000000000000', 'quantity_available_for_trading': '8959.000000000000000000'}]
2025-03-08 16:31:57,750 [INFO] Processing holding (type <class 'dict'>): {'account_number': '311245509955', 'asset_code': 'ADA', 'total_quantity': '176.470000000000000000', 'quantity_available_for_trading': '176.470000000000000000'}
2025-03-08 16:31:57,751 [ERROR] No average buy price for ADA-USD; skipping.
2025-03-08 16:31:57,751 [INFO] Processing holding (type <class 'dict'>): {'account_number': '311245509955', 'asset_code': 'DOGE', 'total_quantity': '8959.000000000000000000', 'quantity_available_for_trading': '8959.000000000000000000'}
2025-03-08 16:31:57,751 [ERROR] No average buy price for DOGE-USD; skipping.
2025-03-08 16:32:28,092 [INFO] API Response (GET https://trading.robinhood.com/api/v1/crypto/trading/accounts/): 200 - {"account_number":"311245509955","status":"active","buying_power":"179.2300","buying_power_currency":"USD"}
2025-03-08 16:32:28,593 [INFO] Buying Power Available: $179.23
2025-03-08 16:32:28,715 [INFO] API Response (GET https://trading.robinhood.com/api/v1/crypto/marketdata/best_bid_ask/?symbol=BTC-USD): 200 - {"results":[{"symbol":"BTC-USD","timestamp":"2025-03-08T22:32:28.720125779Z","price":"86081.905","bid_inclusive_of_sell_spread":"86081.9","sell_spread":"0.00000006","ask_inclusive_of_buy_spread":"86081.91","buy_spread":"0.00000006"}]}
2025-03-08 16:32:29,427 [INFO] Indicators for BTC-USD (15min) | MACD: -7.1815, Signal: 12.6201, Volume Condition: False (Current: 5.82869415, Avg10: 17.88)
2025-03-08 16:32:29,427 [INFO] BTC-USD (15min) | MACD: -7.1815, Signal: 12.6201, Volume Condition: False, Price: $86081.91
2025-03-08 16:32:29,427 [INFO] [91mBullish MACD crossover or volume condition not met for BTC-USD. No trade executed.[0m
2025-03-08 16:32:29,638 [INFO] API Response (GET https://trading.robinhood.com/api/v1/crypto/trading/accounts/): 200 - {"account_number":"311245509955","status":"active","buying_power":"179.2300","buying_power_currency":"USD"}
2025-03-08 16:32:30,140 [INFO] Buying Power Available: $179.23
2025-03-08 16:32:30,278 [INFO] API Response (GET https://trading.robinhood.com/api/v1/crypto/marketdata/best_bid_ask/?symbol=ETH-USD): 200 - {"results":[{"symbol":"ETH-USD","timestamp":"2025-03-08T22:32:30.28174354Z","price":"2209.385","bid_inclusive_of_sell_spread":"2209.37","sell_spread":"0.00000679","ask_inclusive_of_buy_spread":"2209.4","buy_spread":"0.00000679"}]}
2025-03-08 16:32:31,352 [INFO] Indicators for ETH-USD (15min) | MACD: 6.7246, Signal: 9.6087, Volume Condition: False (Current: 53.28514244, Avg10: 412.17)
2025-03-08 16:32:31,352 [INFO] ETH-USD (15min) | MACD: 6.7246, Signal: 9.6087, Volume Condition: False, Price: $2209.4
2025-03-08 16:32:31,352 [INFO] [91mBullish MACD crossover or volume condition not met for ETH-USD. No trade executed.[0m
2025-03-08 16:32:31,568 [INFO] API Response (GET https://trading.robinhood.com/api/v1/crypto/trading/accounts/): 200 - {"account_number":"311245509955","status":"active","buying_power":"179.2300","buying_power_currency":"USD"}
2025-03-08 16:32:32,074 [INFO] Buying Power Available: $179.23
2025-03-08 16:32:32,198 [INFO] API Response (GET https://trading.robinhood.com/api/v1/crypto/marketdata/best_bid_ask/?symbol=LTC-USD): 200 - {"results":[{"symbol":"LTC-USD","timestamp":"2025-03-08T22:32:32.20161741Z","price":"103.205","bid_inclusive_of_sell_spread":"103.2","sell_spread":"0.00004845","ask_inclusive_of_buy_spread":"103.21","buy_spread":"0.00004845"}]}
2025-03-08 16:32:32,856 [INFO] Indicators for LTC-USD (15min) | MACD: -0.1904, Signal: -0.0975, Volume Condition: False (Current: 45.50499873, Avg10: 1153.92)
2025-03-08 16:32:32,856 [INFO] LTC-USD (15min) | MACD: -0.1904, Signal: -0.0975, Volume Condition: False, Price: $103.21
2025-03-08 16:32:32,856 [INFO] [91mBullish MACD crossover or volume condition not met for LTC-USD. No trade executed.[0m
2025-03-08 16:32:33,072 [INFO] API Response (GET https://trading.robinhood.com/api/v1/crypto/trading/accounts/): 200 - {"account_number":"311245509955","status":"active","buying_power":"179.2300","buying_power_currency":"USD"}
2025-03-08 16:32:33,576 [INFO] Buying Power Available: $179.23
2025-03-08 16:32:33,707 [INFO] API Response (GET https://trading.robinhood.com/api/v1/crypto/marketdata/best_bid_ask/?symbol=DOGE-USD): 200 - {"results":[{"symbol":"DOGE-USD","timestamp":"2025-03-08T22:32:33.711006743Z","price":"0.193065","bid_inclusive_of_sell_spread":"0.19304","sell_spread":"0.00012949","ask_inclusive_of_buy_spread":"0.19309","buy_spread":"0.00012949"}]}
2025-03-08 16:32:34,369 [INFO] Indicators for DOGE-USD (15min) | MACD: -0.0002, Signal: -0.0001, Volume Condition: False (Current: 106254.9, Avg10: 778959.67)
2025-03-08 16:32:34,370 [INFO] DOGE-USD (15min) | MACD: -0.0002, Signal: -0.0001, Volume Condition: False, Price: $0.19309
2025-03-08 16:32:34,370 [INFO] [91mBullish MACD crossover or volume condition not met for DOGE-USD. No trade executed.[0m
2025-03-08 16:32:34,588 [INFO] API Response (GET https://trading.robinhood.com/api/v1/crypto/trading/accounts/): 200 - {"account_number":"311245509955","status":"active","buying_power":"179.2300","buying_power_currency":"USD"}
2025-03-08 16:32:35,089 [INFO] Buying Power Available: $179.23
2025-03-08 16:32:35,158 [INFO] API Response (GET https://trading.robinhood.com/api/v1/crypto/marketdata/best_bid_ask/?symbol=TRUMP-USD): 200 - {"results":[{"symbol":"TRUMP-USD","timestamp":"2025-03-08T22:32:35.16166766Z","price":"11.98583885","bid_inclusive_of_sell_spread":"11.9116777","sell_spread":"0.0061874","ask_inclusive_of_buy_spread":"12.06","buy_spread":"0.0061874"}]}
2025-03-08 16:32:35,876 [INFO] Indicators for TRUMP-USD (15min) | MACD: -0.0110, Signal: -0.0017, Volume Condition: False (Current: 1443.861, Avg10: 4572.97)
2025-03-08 16:32:35,876 [INFO] TRUMP-USD (15min) | MACD: -0.0110, Signal: -0.0017, Volume Condition: False, Price: $12.06
2025-03-08 16:32:35,876 [INFO] [91mBullish MACD crossover or volume condition not met for TRUMP-USD. No trade executed.[0m
2025-03-08 16:32:36,041 [INFO] API Response (GET https://trading.robinhood.com/api/v1/crypto/trading/holdings/): 200 - {"next":null,"previous":null,"results":[{"account_number":"311245509955","asset_code":"ADA","total_quantity":"176.470000000000000000","quantity_available_for_trading":"176.470000000000000000"},{"account_number":"311245509955","asset_code":"DOGE","total_quantity":"8959.000000000000000000","quantity_available_for_trading":"8959.000000000000000000"}]}
2025-03-08 16:32:36,547 [INFO] Raw holdings response: {'next': None, 'previous': None, 'results': [{'account_number': '311245509955', 'asset_code': 'ADA', 'total_quantity': '176.470000000000000000', 'quantity_available_for_trading': '176.470000000000000000'}, {'account_number': '311245509955', 'asset_code': 'DOGE', 'total_quantity': '8959.000000000000000000', 'quantity_available_for_trading': '8959.000000000000000000'}]}
2025-03-08 16:32:36,548 [INFO] Parsed holdings: [{'account_number': '311245509955', 'asset_code': 'ADA', 'total_quantity': '176.470000000000000000', 'quantity_available_for_trading': '176.470000000000000000'}, {'account_number': '311245509955', 'asset_code': 'DOGE', 'total_quantity': '8959.000000000000000000', 'quantity_available_for_trading': '8959.000000000000000000'}]
2025-03-08 16:32:36,548 [INFO] Processing holding (type <class 'dict'>): {'account_number': '311245509955', 'asset_code': 'ADA', 'total_quantity': '176.470000000000000000', 'quantity_available_for_trading': '176.470000000000000000'}
2025-03-08 16:32:36,548 [ERROR] No average buy price for ADA-USD; skipping.
2025-03-08 16:32:36,549 [INFO] Processing holding (type <class 'dict'>): {'account_number': '311245509955', 'asset_code': 'DOGE', 'total_quantity': '8959.000000000000000000', 'quantity_available_for_trading': '8959.000000000000000000'}
2025-03-08 16:32:36,549 [ERROR] No average buy price for DOGE-USD; skipping.
2025-03-08 16:33:06,904 [INFO] API Response (GET https://trading.robinhood.com/api/v1/crypto/trading/accounts/): 200 - {"account_number":"311245509955","status":"active","buying_power":"179.2300","buying_power_currency":"USD"}
2025-03-08 16:33:07,410 [INFO] Buying Power Available: $179.23
2025-03-08 16:33:07,536 [INFO] API Response (GET https://trading.robinhood.com/api/v1/crypto/marketdata/best_bid_ask/?symbol=BTC-USD): 200 - {"results":[{"symbol":"BTC-USD","timestamp":"2025-03-08T22:33:07.540447016Z","price":"86122.45","bid_inclusive_of_sell_spread":"86122.9","sell_spread":"0.00000523","ask_inclusive_of_buy_spread":"86122","buy_spread":"0.00000523"}]}
2025-03-08 16:33:08,178 [INFO] Indicators for BTC-USD (15min) | MACD: -6.2929, Signal: 12.7979, Volume Condition: False (Current: 6.14810773, Avg10: 17.88)
2025-03-08 16:33:08,178 [INFO] BTC-USD (15min) | MACD: -6.2929, Signal: 12.7979, Volume Condition: False, Price: $86122.0
2025-03-08 16:33:08,178 [INFO] [91mBullish MACD crossover or volume condition not met for BTC-USD. No trade executed.[0m
2025-03-08 16:33:08,398 [INFO] API Response (GET https://trading.robinhood.com/api/v1/crypto/trading/accounts/): 200 - {"account_number":"311245509955","status":"active","buying_power":"179.2300","buying_power_currency":"USD"}
2025-03-08 16:33:08,900 [INFO] Buying Power Available: $179.23
2025-03-08 16:33:09,025 [INFO] API Response (GET https://trading.robinhood.com/api/v1/crypto/marketdata/best_bid_ask/?symbol=ETH-USD): 200 - {"results":[{"symbol":"ETH-USD","timestamp":"2025-03-08T22:33:09.028651128Z","price":"2209.445","bid_inclusive_of_sell_spread":"2209.44","sell_spread":"0.00000226","ask_inclusive_of_buy_spread":"2209.45","buy_spread":"0.00000226"}]}
2025-03-08 16:33:09,746 [INFO] Indicators for ETH-USD (15min) | MACD: 6.7485, Signal: 9.6135, Volume Condition: False (Current: 55.64685302, Avg10: 412.17)
2025-03-08 16:33:09,746 [INFO] ETH-USD (15min) | MACD: 6.7485, Signal: 9.6135, Volume Condition: False, Price: $2209.45
2025-03-08 16:33:09,746 [INFO] [91mBullish MACD crossover or volume condition not met for ETH-USD. No trade executed.[0m
2025-03-08 16:33:10,014 [INFO] API Response (GET https://trading.robinhood.com/api/v1/crypto/trading/accounts/): 200 - {"account_number":"311245509955","status":"active","buying_power":"179.2300","buying_power_currency":"USD"}
2025-03-08 16:33:10,519 [INFO] Buying Power Available: $179.23
2025-03-08 16:33:10,600 [INFO] API Response (GET https://trading.robinhood.com/api/v1/crypto/marketdata/best_bid_ask/?symbol=LTC-USD): 200 - {"results":[{"symbol":"LTC-USD","timestamp":"2025-03-08T22:33:10.601259017Z","price":"103.275","bid_inclusive_of_sell_spread":"103.27","sell_spread":"0.00004841","ask_inclusive_of_buy_spread":"103.28","buy_spread":"0.00004841"}]}
2025-03-08 16:33:11,293 [INFO] Indicators for LTC-USD (15min) | MACD: -0.1888, Signal: -0.0972, Volume Condition: False (Current: 51.74989122, Avg10: 1153.92)
2025-03-08 16:33:11,293 [INFO] LTC-USD (15min) | MACD: -0.1888, Signal: -0.0972, Volume Condition: False, Price: $103.28
2025-03-08 16:33:11,293 [INFO] [91mBullish MACD crossover or volume condition not met for LTC-USD. No trade executed.[0m
2025-03-08 16:33:11,445 [INFO] API Response (GET https://trading.robinhood.com/api/v1/crypto/trading/accounts/): 200 - {"account_number":"311245509955","status":"active","buying_power":"179.2300","buying_power_currency":"USD"}
2025-03-08 16:33:11,947 [INFO] Buying Power Available: $179.23
2025-03-08 16:33:12,066 [INFO] API Response (GET https://trading.robinhood.com/api/v1/crypto/marketdata/best_bid_ask/?symbol=DOGE-USD): 200 - {"results":[{"symbol":"DOGE-USD","timestamp":"2025-03-08T22:33:12.071554861Z","price":"0.1932535","bid_inclusive_of_sell_spread":"0.19324","sell_spread":"0.00006986","ask_inclusive_of_buy_spread":"0.193267","buy_spread":"0.00006986"}]}
2025-03-08 16:33:12,811 [INFO] Indicators for DOGE-USD (15min) | MACD: -0.0002, Signal: -0.0001, Volume Condition: False (Current: 146465.4, Avg10: 778959.67)
2025-03-08 16:33:12,811 [INFO] DOGE-USD (15min) | MACD: -0.0002, Signal: -0.0001, Volume Condition: False, Price: $0.193267
2025-03-08 16:33:12,811 [INFO] [91mBullish MACD crossover or volume condition not met for DOGE-USD. No trade executed.[0m
2025-03-08 16:33:13,046 [INFO] API Response (GET https://trading.robinhood.com/api/v1/crypto/trading/accounts/): 200 - {"account_number":"311245509955","status":"active","buying_power":"179.2300","buying_power_currency":"USD"}
2025-03-08 16:33:13,551 [INFO] Buying Power Available: $179.23
2025-03-08 16:33:13,633 [INFO] API Response (GET https://trading.robinhood.com/api/v1/crypto/marketdata/best_bid_ask/?symbol=TRUMP-USD): 200 - {"results":[{"symbol":"TRUMP-USD","timestamp":"2025-03-08T22:33:13.627388504Z","price":"11.99678015","bid_inclusive_of_sell_spread":"11.9235603","sell_spread":"0.00610329","ask_inclusive_of_buy_spread":"12.07","buy_spread":"0.00610329"}]}
2025-03-08 16:33:14,317 [INFO] Indicators for TRUMP-USD (15min) | MACD: -0.0102, Signal: -0.0016, Volume Condition: False (Current: 1857.766, Avg10: 4572.97)
2025-03-08 16:33:14,317 [INFO] TRUMP-USD (15min) | MACD: -0.0102, Signal: -0.0016, Volume Condition: False, Price: $12.07
2025-03-08 16:33:14,317 [INFO] [91mBullish MACD crossover or volume condition not met for TRUMP-USD. No trade executed.[0m
2025-03-08 16:33:14,420 [INFO] API Response (GET https://trading.robinhood.com/api/v1/crypto/trading/holdings/): 200 - {"next":null,"previous":null,"results":[{"account_number":"311245509955","asset_code":"ADA","total_quantity":"176.470000000000000000","quantity_available_for_trading":"176.470000000000000000"},{"account_number":"311245509955","asset_code":"DOGE","total_quantity":"8959.000000000000000000","quantity_available_for_trading":"8959.000000000000000000"}]}
2025-03-08 16:33:14,924 [INFO] Raw holdings response: {'next': None, 'previous': None, 'results': [{'account_number': '311245509955', 'asset_code': 'ADA', 'total_quantity': '176.470000000000000000', 'quantity_available_for_trading': '176.470000000000000000'}, {'account_number': '311245509955', 'asset_code': 'DOGE', 'total_quantity': '8959.000000000000000000', 'quantity_available_for_trading': '8959.000000000000000000'}]}
2025-03-08 16:33:14,924 [INFO] Parsed holdings: [{'account_number': '311245509955', 'asset_code': 'ADA', 'total_quantity': '176.470000000000000000', 'quantity_available_for_trading': '176.470000000000000000'}, {'account_number': '311245509955', 'asset_code': 'DOGE', 'total_quantity': '8959.000000000000000000', 'quantity_available_for_trading': '8959.000000000000000000'}]
2025-03-08 16:33:14,924 [INFO] Processing holding (type <class 'dict'>): {'account_number': '311245509955', 'asset_code': 'ADA', 'total_quantity': '176.470000000000000000', 'quantity_available_for_trading': '176.470000000000000000'}
2025-03-08 16:33:14,924 [ERROR] No average buy price for ADA-USD; skipping.
2025-03-08 16:33:14,924 [INFO] Processing holding (type <class 'dict'>): {'account_number': '311245509955', 'asset_code': 'DOGE', 'total_quantity': '8959.000000000000000000', 'quantity_available_for_trading': '8959.000000000000000000'}
2025-03-08 16:33:14,924 [ERROR] No average buy price for DOGE-USD; skipping.
2025-03-08 16:33:45,279 [INFO] API Response (GET https://trading.robinhood.com/api/v1/crypto/trading/accounts/): 200 - {"account_number":"311245509955","status":"active","buying_power":"179.2300","buying_power_currency":"USD"}
2025-03-08 16:33:45,782 [INFO] Buying Power Available: $179.23
2025-03-08 16:33:45,914 [INFO] API Response (GET https://trading.robinhood.com/api/v1/crypto/marketdata/best_bid_ask/?symbol=BTC-USD): 200 - {"results":[{"symbol":"BTC-USD","timestamp":"2025-03-08T22:33:45.910302329Z","price":"86109.505","bid_inclusive_of_sell_spread":"86110","sell_spread":"0.00000575","ask_inclusive_of_buy_spread":"86109.01","buy_spread":"0.00000575"}]}
2025-03-08 16:33:46,628 [INFO] Indicators for BTC-USD (15min) | MACD: -3.9532, Signal: 13.2658, Volume Condition: False (Current: 6.87777448, Avg10: 17.88)
2025-03-08 16:33:46,629 [INFO] BTC-USD (15min) | MACD: -3.9532, Signal: 13.2658, Volume Condition: False, Price: $86109.01
2025-03-08 16:33:46,629 [INFO] [91mBullish MACD crossover or volume condition not met for BTC-USD. No trade executed.[0m
2025-03-08 16:33:46,852 [INFO] API Response (GET https://trading.robinhood.com/api/v1/crypto/trading/accounts/): 200 - {"account_number":"311245509955","status":"active","buying_power":"179.2300","buying_power_currency":"USD"}
2025-03-08 16:33:47,353 [INFO] Buying Power Available: $179.23
2025-03-08 16:33:47,476 [INFO] API Response (GET https://trading.robinhood.com/api/v1/crypto/marketdata/best_bid_ask/?symbol=ETH-USD): 200 - {"results":[{"symbol":"ETH-USD","timestamp":"2025-03-08T22:33:47.480238769Z","price":"2209.48","bid_inclusive_of_sell_spread":"2209.5","sell_spread":"0.00000905","ask_inclusive_of_buy_spread":"2209.46","buy_spread":"0.00000905"}]}
2025-03-08 16:33:48,232 [INFO] Indicators for ETH-USD (15min) | MACD: 6.8036, Signal: 9.6245, Volume Condition: False (Current: 66.6894168, Avg10: 412.17)
2025-03-08 16:33:48,233 [INFO] ETH-USD (15min) | MACD: 6.8036, Signal: 9.6245, Volume Condition: False, Price: $2209.46
2025-03-08 16:33:48,233 [INFO] [91mBullish MACD crossover or volume condition not met for ETH-USD. No trade executed.[0m
2025-03-08 16:33:48,459 [INFO] API Response (GET https://trading.robinhood.com/api/v1/crypto/trading/accounts/): 200 - {"account_number":"311245509955","status":"active","buying_power":"179.2300","buying_power_currency":"USD"}
2025-03-08 16:33:48,965 [INFO] Buying Power Available: $179.23
2025-03-08 16:33:49,088 [INFO] API Response (GET https://trading.robinhood.com/api/v1/crypto/marketdata/best_bid_ask/?symbol=LTC-USD): 200 - {"results":[{"symbol":"LTC-USD","timestamp":"2025-03-08T22:33:49.09288742Z","price":"103.245","bid_inclusive_of_sell_spread":"103.24","sell_spread":"0.00004843","ask_inclusive_of_buy_spread":"103.25","buy_spread":"0.00004843"}]}
2025-03-08 16:33:49,870 [INFO] Indicators for LTC-USD (15min) | MACD: -0.1880, Signal: -0.0970, Volume Condition: False (Current: 144.20043485, Avg10: 1153.92)
2025-03-08 16:33:49,870 [INFO] LTC-USD (15min) | MACD: -0.1880, Signal: -0.0970, Volume Condition: False, Price: $103.25
2025-03-08 16:33:49,870 [INFO] [91mBullish MACD crossover or volume condition not met for LTC-USD. No trade executed.[0m
2025-03-08 16:33:50,084 [INFO] API Response (GET https://trading.robinhood.com/api/v1/crypto/trading/accounts/): 200 - {"account_number":"311245509955","status":"active","buying_power":"179.2300","buying_power_currency":"USD"}
2025-03-08 16:33:50,590 [INFO] Buying Power Available: $179.23
2025-03-08 16:33:50,716 [INFO] API Response (GET https://trading.robinhood.com/api/v1/crypto/marketdata/best_bid_ask/?symbol=DOGE-USD): 200 - {"results":[{"symbol":"DOGE-USD","timestamp":"2025-03-08T22:33:50.719199542Z","price":"0.193205","bid_inclusive_of_sell_spread":"0.1932","sell_spread":"0.00002588","ask_inclusive_of_buy_spread":"0.19321","buy_spread":"0.00002588"}]}
2025-03-08 16:33:51,740 [INFO] Indicators for DOGE-USD (15min) | MACD: -0.0002, Signal: -0.0001, Volume Condition: False (Current: 187742.6, Avg10: 778959.67)
2025-03-08 16:33:51,740 [INFO] DOGE-USD (15min) | MACD: -0.0002, Signal: -0.0001, Volume Condition: False, Price: $0.19321
2025-03-08 16:33:51,740 [INFO] [91mBullish MACD crossover or volume condition not met for DOGE-USD. No trade executed.[0m
2025-03-08 16:33:52,037 [INFO] API Response (GET https://trading.robinhood.com/api/v1/crypto/trading/accounts/): 200 - {"account_number":"311245509955","status":"active","buying_power":"179.2300","buying_power_currency":"USD"}
2025-03-08 16:33:52,543 [INFO] Buying Power Available: $179.23
2025-03-08 16:33:52,666 [INFO] API Response (GET https://trading.robinhood.com/api/v1/crypto/marketdata/best_bid_ask/?symbol=TRUMP-USD): 200 - {"results":[{"symbol":"TRUMP-USD","timestamp":"2025-03-08T22:33:52.669098118Z","price":"11.99527785","bid_inclusive_of_sell_spread":"11.9205557","sell_spread":"0.0062293","ask_inclusive_of_buy_spread":"12.07","buy_spread":"0.0062293"}]}
2025-03-08 16:33:53,581 [INFO] Indicators for TRUMP-USD (15min) | MACD: -0.0102, Signal: -0.0016, Volume Condition: False (Current: 1857.766, Avg10: 4572.97)
2025-03-08 16:33:53,581 [INFO] TRUMP-USD (15min) | MACD: -0.0102, Signal: -0.0016, Volume Condition: False, Price: $12.07
2025-03-08 16:33:53,581 [INFO] [91mBullish MACD crossover or volume condition not met for TRUMP-USD. No trade executed.[0m
2025-03-08 16:33:53,741 [INFO] API Response (GET https://trading.robinhood.com/api/v1/crypto/trading/holdings/): 200 - {"next":null,"previous":null,"results":[{"account_number":"311245509955","asset_code":"ADA","total_quantity":"176.470000000000000000","quantity_available_for_trading":"176.470000000000000000"},{"account_number":"311245509955","asset_code":"DOGE","total_quantity":"8959.000000000000000000","quantity_available_for_trading":"8959.000000000000000000"}]}
2025-03-08 16:33:54,247 [INFO] Raw holdings response: {'next': None, 'previous': None, 'results': [{'account_number': '311245509955', 'asset_code': 'ADA', 'total_quantity': '176.470000000000000000', 'quantity_available_for_trading': '176.470000000000000000'}, {'account_number': '311245509955', 'asset_code': 'DOGE', 'total_quantity': '8959.000000000000000000', 'quantity_available_for_trading': '8959.000000000000000000'}]}
2025-03-08 16:33:54,247 [INFO] Parsed holdings: [{'account_number': '311245509955', 'asset_code': 'ADA', 'total_quantity': '176.470000000000000000', 'quantity_available_for_trading': '176.470000000000000000'}, {'account_number': '311245509955', 'asset_code': 'DOGE', 'total_quantity': '8959.000000000000000000', 'quantity_available_for_trading': '8959.000000000000000000'}]
2025-03-08 16:33:54,247 [INFO] Processing holding (type <class 'dict'>): {'account_number': '311245509955', 'asset_code': 'ADA', 'total_quantity': '176.470000000000000000', 'quantity_available_for_trading': '176.470000000000000000'}
2025-03-08 16:33:54,248 [ERROR] No average buy price for ADA-USD; skipping.
2025-03-08 16:33:54,248 [INFO] Processing holding (type <class 'dict'>): {'account_number': '311245509955', 'asset_code': 'DOGE', 'total_quantity': '8959.000000000000000000', 'quantity_available_for_trading': '8959.000000000000000000'}
2025-03-08 16:33:54,248 [ERROR] No average buy price for DOGE-USD; skipping.
2025-03-08 16:34:24,908 [INFO] API Response (GET https://trading.robinhood.com/api/v1/crypto/trading/accounts/): 200 - {"account_number":"311245509955","status":"active","buying_power":"179.2300","buying_power_currency":"USD"}
2025-03-08 16:34:25,414 [INFO] Buying Power Available: $179.23
2025-03-08 16:34:25,542 [INFO] API Response (GET https://trading.robinhood.com/api/v1/crypto/marketdata/best_bid_ask/?symbol=BTC-USD): 200 - {"results":[{"symbol":"BTC-USD","timestamp":"2025-03-08T22:34:25.543646723Z","price":"86080.28","bid_inclusive_of_sell_spread":"86081","sell_spread":"0.00000836","ask_inclusive_of_buy_spread":"86079.56","buy_spread":"0.00000836"}]}
2025-03-08 16:34:26,202 [INFO] Indicators for BTC-USD (15min) | MACD: -4.9559, Signal: 13.0653, Volume Condition: False (Current: 7.31899961, Avg10: 17.88)
2025-03-08 16:34:26,202 [INFO] BTC-USD (15min) | MACD: -4.9559, Signal: 13.0653, Volume Condition: False, Price: $86079.56
2025-03-08 16:34:26,202 [INFO] [91mBullish MACD crossover or volume condition not met for BTC-USD. No trade executed.[0m
2025-03-08 16:34:26,421 [INFO] API Response (GET https://trading.robinhood.com/api/v1/crypto/trading/accounts/): 200 - {"account_number":"311245509955","status":"active","buying_power":"179.2300","buying_power_currency":"USD"}
2025-03-08 16:34:26,926 [INFO] Buying Power Available: $179.23
2025-03-08 16:34:27,054 [INFO] API Response (GET https://trading.robinhood.com/api/v1/crypto/marketdata/best_bid_ask/?symbol=ETH-USD): 200 - {"results":[{"symbol":"ETH-USD","timestamp":"2025-03-08T22:34:27.053885694Z","price":"2207.22","bid_inclusive_of_sell_spread":"2207.24","sell_spread":"0.00000906","ask_inclusive_of_buy_spread":"2207.2","buy_spread":"0.00000906"}]}
2025-03-08 16:34:27,971 [INFO] Indicators for ETH-USD (15min) | MACD: 6.6049, Signal: 9.5848, Volume Condition: False (Current: 83.37060561, Avg10: 412.17)
2025-03-08 16:34:27,971 [INFO] ETH-USD (15min) | MACD: 6.6049, Signal: 9.5848, Volume Condition: False, Price: $2207.2
2025-03-08 16:34:27,972 [INFO] [91mBullish MACD crossover or volume condition not met for ETH-USD. No trade executed.[0m
2025-03-08 16:34:28,184 [INFO] API Response (GET https://trading.robinhood.com/api/v1/crypto/trading/accounts/): 200 - {"account_number":"311245509955","status":"active","buying_power":"179.2300","buying_power_currency":"USD"}
2025-03-08 16:34:28,687 [INFO] Buying Power Available: $179.23
2025-03-08 16:34:28,810 [INFO] API Response (GET https://trading.robinhood.com/api/v1/crypto/marketdata/best_bid_ask/?symbol=LTC-USD): 200 - {"results":[{"symbol":"LTC-USD","timestamp":"2025-03-08T22:34:28.812395109Z","price":"103.175","bid_inclusive_of_sell_spread":"103.17","sell_spread":"0.00004846","ask_inclusive_of_buy_spread":"103.18","buy_spread":"0.00004846"}]}
2025-03-08 16:34:29,529 [INFO] Indicators for LTC-USD (15min) | MACD: -0.1904, Signal: -0.0975, Volume Condition: False (Current: 151.87705666, Avg10: 1153.92)
2025-03-08 16:34:29,530 [INFO] LTC-USD (15min) | MACD: -0.1904, Signal: -0.0975, Volume Condition: False, Price: $103.18
2025-03-08 16:34:29,530 [INFO] [91mBullish MACD crossover or volume condition not met for LTC-USD. No trade executed.[0m
2025-03-08 16:34:29,746 [INFO] API Response (GET https://trading.robinhood.com/api/v1/crypto/trading/accounts/): 200 - {"account_number":"311245509955","status":"active","buying_power":"179.2300","buying_power_currency":"USD"}
2025-03-08 16:34:30,249 [INFO] Buying Power Available: $179.23
2025-03-08 16:34:30,374 [INFO] API Response (GET https://trading.robinhood.com/api/v1/crypto/marketdata/best_bid_ask/?symbol=DOGE-USD): 200 - {"results":[{"symbol":"DOGE-USD","timestamp":"2025-03-08T22:34:30.376817942Z","price":"0.193025","bid_inclusive_of_sell_spread":"0.193","sell_spread":"0.00012952","ask_inclusive_of_buy_spread":"0.19305","buy_spread":"0.00012952"}]}
2025-03-08 16:34:31,039 [INFO] Indicators for DOGE-USD (15min) | MACD: -0.0002, Signal: -0.0001, Volume Condition: False (Current: 209263.9, Avg10: 778959.67)
2025-03-08 16:34:31,039 [INFO] DOGE-USD (15min) | MACD: -0.0002, Signal: -0.0001, Volume Condition: False, Price: $0.19305
2025-03-08 16:34:31,039 [INFO] [91mBullish MACD crossover or volume condition not met for DOGE-USD. No trade executed.[0m
2025-03-08 16:34:31,256 [INFO] API Response (GET https://trading.robinhood.com/api/v1/crypto/trading/accounts/): 200 - {"account_number":"311245509955","status":"active","buying_power":"179.2300","buying_power_currency":"USD"}
2025-03-08 16:34:31,761 [INFO] Buying Power Available: $179.23
2025-03-08 16:34:31,881 [INFO] API Response (GET https://trading.robinhood.com/api/v1/crypto/marketdata/best_bid_ask/?symbol=TRUMP-USD): 200 - {"results":[{"symbol":"TRUMP-USD","timestamp":"2025-03-08T22:34:31.884605661Z","price":"11.9953418","bid_inclusive_of_sell_spread":"11.9206836","sell_spread":"0.00622393","ask_inclusive_of_buy_spread":"12.07","buy_spread":"0.00622393"}]}
2025-03-08 16:34:32,626 [INFO] Indicators for TRUMP-USD (15min) | MACD: -0.0102, Signal: -0.0016, Volume Condition: False (Current: 1859.79, Avg10: 4572.97)
2025-03-08 16:34:32,626 [INFO] TRUMP-USD (15min) | MACD: -0.0102, Signal: -0.0016, Volume Condition: False, Price: $12.07
2025-03-08 16:34:32,626 [INFO] [91mBullish MACD crossover or volume condition not met for TRUMP-USD. No trade executed.[0m
2025-03-08 16:34:32,789 [INFO] API Response (GET https://trading.robinhood.com/api/v1/crypto/trading/holdings/): 200 - {"next":null,"previous":null,"results":[{"account_number":"311245509955","asset_code":"ADA","total_quantity":"176.470000000000000000","quantity_available_for_trading":"176.470000000000000000"},{"account_number":"311245509955","asset_code":"DOGE","total_quantity":"8959.000000000000000000","quantity_available_for_trading":"8959.000000000000000000"}]}
2025-03-08 16:34:33,293 [INFO] Raw holdings response: {'next': None, 'previous': None, 'results': [{'account_number': '311245509955', 'asset_code': 'ADA', 'total_quantity': '176.470000000000000000', 'quantity_available_for_trading': '176.470000000000000000'}, {'account_number': '311245509955', 'asset_code': 'DOGE', 'total_quantity': '8959.000000000000000000', 'quantity_available_for_trading': '8959.000000000000000000'}]}
2025-03-08 16:34:33,293 [INFO] Parsed holdings: [{'account_number': '311245509955', 'asset_code': 'ADA', 'total_quantity': '176.470000000000000000', 'quantity_available_for_trading': '176.470000000000000000'}, {'account_number': '311245509955', 'asset_code': 'DOGE', 'total_quantity': '8959.000000000000000000', 'quantity_available_for_trading': '8959.000000000000000000'}]
2025-03-08 16:34:33,294 [INFO] Processing holding (type <class 'dict'>): {'account_number': '311245509955', 'asset_code': 'ADA', 'total_quantity': '176.470000000000000000', 'quantity_available_for_trading': '176.470000000000000000'}
2025-03-08 16:34:33,294 [ERROR] No average buy price for ADA-USD; skipping.
2025-03-08 16:34:33,294 [INFO] Processing holding (type <class 'dict'>): {'account_number': '311245509955', 'asset_code': 'DOGE', 'total_quantity': '8959.000000000000000000', 'quantity_available_for_trading': '8959.000000000000000000'}
2025-03-08 16:34:33,294 [ERROR] No average buy price for DOGE-USD; skipping.
2025-03-08 16:35:03,718 [INFO] API Response (GET https://trading.robinhood.com/api/v1/crypto/trading/accounts/): 200 - {"account_number":"311245509955","status":"active","buying_power":"179.2300","buying_power_currency":"USD"}
2025-03-08 16:35:04,222 [INFO] Buying Power Available: $179.23
2025-03-08 16:35:04,345 [INFO] API Response (GET https://trading.robinhood.com/api/v1/crypto/marketdata/best_bid_ask/?symbol=BTC-USD): 200 - {"results":[{"symbol":"BTC-USD","timestamp":"2025-03-08T22:35:04.346878468Z","price":"86132.45","bid_inclusive_of_sell_spread":"86135.9","sell_spread":"0.00004005","ask_inclusive_of_buy_spread":"86129","buy_spread":"0.00004005"}]}
2025-03-08 16:35:05,361 [INFO] Indicators for BTC-USD (15min) | MACD: -3.6548, Signal: 13.3255, Volume Condition: False (Current: 8.23108017, Avg10: 17.88)
2025-03-08 16:35:05,361 [INFO] BTC-USD (15min) | MACD: -3.6548, Signal: 13.3255, Volume Condition: False, Price: $86129.0
2025-03-08 16:35:05,361 [INFO] [91mBullish MACD crossover or volume condition not met for BTC-USD. No trade executed.[0m
2025-03-08 16:35:05,518 [INFO] API Response (GET https://trading.robinhood.com/api/v1/crypto/trading/accounts/): 200 - {"account_number":"311245509955","status":"active","buying_power":"179.2300","buying_power_currency":"USD"}
2025-03-08 16:35:06,023 [INFO] Buying Power Available: $179.23
2025-03-08 16:35:06,143 [INFO] API Response (GET https://trading.robinhood.com/api/v1/crypto/marketdata/best_bid_ask/?symbol=ETH-USD): 200 - {"results":[{"symbol":"ETH-USD","timestamp":"2025-03-08T22:35:06.146902189Z","price":"2208.295","bid_inclusive_of_sell_spread":"2208.29","sell_spread":"0.00000226","ask_inclusive_of_buy_spread":"2208.3","buy_spread":"0.00000226"}]}
2025-03-08 16:35:07,207 [INFO] Indicators for ETH-USD (15min) | MACD: 6.6592, Signal: 9.5957, Volume Condition: False (Current: 94.7466527, Avg10: 412.17)
2025-03-08 16:35:07,207 [INFO] ETH-USD (15min) | MACD: 6.6592, Signal: 9.5957, Volume Condition: False, Price: $2208.3
2025-03-08 16:35:07,208 [INFO] [91mBullish MACD crossover or volume condition not met for ETH-USD. No trade executed.[0m
2025-03-08 16:35:07,421 [INFO] API Response (GET https://trading.robinhood.com/api/v1/crypto/trading/accounts/): 200 - {"account_number":"311245509955","status":"active","buying_power":"179.2300","buying_power_currency":"USD"}
2025-03-08 16:35:07,927 [INFO] Buying Power Available: $179.23
2025-03-08 16:35:07,984 [INFO] API Response (GET https://trading.robinhood.com/api/v1/crypto/marketdata/best_bid_ask/?symbol=LTC-USD): 200 - {"results":[{"symbol":"LTC-USD","timestamp":"2025-03-08T22:35:07.987968724Z","price":"103.285","bid_inclusive_of_sell_spread":"103.28","sell_spread":"0.00004841","ask_inclusive_of_buy_spread":"103.29","buy_spread":"0.00004841"}]}
2025-03-08 16:35:08,643 [INFO] Indicators for LTC-USD (15min) | MACD: -0.1841, Signal: -0.0962, Volume Condition: False (Current: 160.61215568, Avg10: 1153.92)
2025-03-08 16:35:08,643 [INFO] LTC-USD (15min) | MACD: -0.1841, Signal: -0.0962, Volume Condition: False, Price: $103.29
2025-03-08 16:35:08,643 [INFO] [91mBullish MACD crossover or volume condition not met for LTC-USD. No trade executed.[0m
2025-03-08 16:35:08,851 [INFO] API Response (GET https://trading.robinhood.com/api/v1/crypto/trading/accounts/): 200 - {"account_number":"311245509955","status":"active","buying_power":"179.2300","buying_power_currency":"USD"}
2025-03-08 16:35:09,352 [INFO] Buying Power Available: $179.23
2025-03-08 16:35:09,479 [INFO] API Response (GET https://trading.robinhood.com/api/v1/crypto/marketdata/best_bid_ask/?symbol=DOGE-USD): 200 - {"results":[{"symbol":"DOGE-USD","timestamp":"2025-03-08T22:35:09.483593501Z","price":"0.1931755","bid_inclusive_of_sell_spread":"0.19316","sell_spread":"0.00008024","ask_inclusive_of_buy_spread":"0.193191","buy_spread":"0.00008024"}]}
2025-03-08 16:35:10,447 [INFO] Indicators for DOGE-USD (15min) | MACD: -0.0002, Signal: -0.0001, Volume Condition: False (Current: 216354.4, Avg10: 778959.67)
2025-03-08 16:35:10,447 [INFO] DOGE-USD (15min) | MACD: -0.0002, Signal: -0.0001, Volume Condition: False, Price: $0.193191
2025-03-08 16:35:10,447 [INFO] [91mBullish MACD crossover or volume condition not met for DOGE-USD. No trade executed.[0m
2025-03-08 16:35:10,595 [INFO] API Response (GET https://trading.robinhood.com/api/v1/crypto/trading/accounts/): 200 - {"account_number":"311245509955","status":"active","buying_power":"179.2300","buying_power_currency":"USD"}
2025-03-08 16:35:11,101 [INFO] Buying Power Available: $179.23
2025-03-08 16:35:11,219 [INFO] API Response (GET https://trading.robinhood.com/api/v1/crypto/marketdata/best_bid_ask/?symbol=TRUMP-USD): 200 - {"results":[{"symbol":"TRUMP-USD","timestamp":"2025-03-08T22:35:11.22413951Z","price":"11.99628434","bid_inclusive_of_sell_spread":"11.92256868","sell_spread":"0.00614487","ask_inclusive_of_buy_spread":"12.07","buy_spread":"0.00614487"}]}
2025-03-08 16:35:11,968 [INFO] Indicators for TRUMP-USD (15min) | MACD: -0.0094, Signal: -0.0014, Volume Condition: False (Current: 1922.194, Avg10: 4572.97)
2025-03-08 16:35:11,968 [INFO] TRUMP-USD (15min) | MACD: -0.0094, Signal: -0.0014, Volume Condition: False, Price: $12.07
2025-03-08 16:35:11,969 [INFO] [91mBullish MACD crossover or volume condition not met for TRUMP-USD. No trade executed.[0m
2025-03-08 16:35:12,070 [INFO] API Response (GET https://trading.robinhood.com/api/v1/crypto/trading/holdings/): 200 - {"next":null,"previous":null,"results":[{"account_number":"311245509955","asset_code":"ADA","total_quantity":"176.470000000000000000","quantity_available_for_trading":"176.470000000000000000"},{"account_number":"311245509955","asset_code":"DOGE","total_quantity":"8959.000000000000000000","quantity_available_for_trading":"8959.000000000000000000"}]}
2025-03-08 16:35:12,571 [INFO] Raw holdings response: {'next': None, 'previous': None, 'results': [{'account_number': '311245509955', 'asset_code': 'ADA', 'total_quantity': '176.470000000000000000', 'quantity_available_for_trading': '176.470000000000000000'}, {'account_number': '311245509955', 'asset_code': 'DOGE', 'total_quantity': '8959.000000000000000000', 'quantity_available_for_trading': '8959.000000000000000000'}]}
2025-03-08 16:35:12,572 [INFO] Parsed holdings: [{'account_number': '311245509955', 'asset_code': 'ADA', 'total_quantity': '176.470000000000000000', 'quantity_available_for_trading': '176.470000000000000000'}, {'account_number': '311245509955', 'asset_code': 'DOGE', 'total_quantity': '8959.000000000000000000', 'quantity_available_for_trading': '8959.000000000000000000'}]
2025-03-08 16:35:12,572 [INFO] Processing holding (type <class 'dict'>): {'account_number': '311245509955', 'asset_code': 'ADA', 'total_quantity': '176.470000000000000000', 'quantity_available_for_trading': '176.470000000000000000'}
2025-03-08 16:35:12,572 [ERROR] No average buy price for ADA-USD; skipping.
2025-03-08 16:35:12,572 [INFO] Processing holding (type <class 'dict'>): {'account_number': '311245509955', 'asset_code': 'DOGE', 'total_quantity': '8959.000000000000000000', 'quantity_available_for_trading': '8959.000000000000000000'}
2025-03-08 16:35:12,572 [ERROR] No average buy price for DOGE-USD; skipping.
2025-03-08 16:35:42,934 [INFO] API Response (GET https://trading.robinhood.com/api/v1/crypto/trading/accounts/): 200 - {"account_number":"311245509955","status":"active","buying_power":"179.2300","buying_power_currency":"USD"}
2025-03-08 16:35:43,440 [INFO] Buying Power Available: $179.23
2025-03-08 16:35:43,563 [INFO] API Response (GET https://trading.robinhood.com/api/v1/crypto/marketdata/best_bid_ask/?symbol=BTC-USD): 200 - {"results":[{"symbol":"BTC-USD","timestamp":"2025-03-08T22:35:43.565089459Z","price":"86122.95","bid_inclusive_of_sell_spread":"86124.9","sell_spread":"0.00002264","ask_inclusive_of_buy_spread":"86121","buy_spread":"0.00002264"}]}
2025-03-08 16:35:44,209 [INFO] Indicators for BTC-USD (15min) | MACD: -3.8822, Signal: 13.2800, Volume Condition: False (Current: 8.79355967, Avg10: 17.88)
2025-03-08 16:35:44,209 [INFO] BTC-USD (15min) | MACD: -3.8822, Signal: 13.2800, Volume Condition: False, Price: $86121.0
2025-03-08 16:35:44,209 [INFO] [91mBullish MACD crossover or volume condition not met for BTC-USD. No trade executed.[0m
2025-03-08 16:35:44,478 [INFO] API Response (GET https://trading.robinhood.com/api/v1/crypto/trading/accounts/): 200 - {"account_number":"311245509955","status":"active","buying_power":"179.2300","buying_power_currency":"USD"}
2025-03-08 16:35:44,980 [INFO] Buying Power Available: $179.23
2025-03-08 16:35:45,107 [INFO] API Response (GET https://trading.robinhood.com/api/v1/crypto/marketdata/best_bid_ask/?symbol=ETH-USD): 200 - {"results":[{"symbol":"ETH-USD","timestamp":"2025-03-08T22:35:45.109945165Z","price":"2207.425","bid_inclusive_of_sell_spread":"2207.42","sell_spread":"0.00000227","ask_inclusive_of_buy_spread":"2207.43","buy_spread":"0.00000227"}]}
2025-03-08 16:35:46,121 [INFO] Indicators for ETH-USD (15min) | MACD: 6.5818, Signal: 9.5802, Volume Condition: False (Current: 100.43250411, Avg10: 412.17)
2025-03-08 16:35:46,121 [INFO] ETH-USD (15min) | MACD: 6.5818, Signal: 9.5802, Volume Condition: False, Price: $2207.43
2025-03-08 16:35:46,121 [INFO] [91mBullish MACD crossover or volume condition not met for ETH-USD. No trade executed.[0m
2025-03-08 16:35:46,328 [INFO] API Response (GET https://trading.robinhood.com/api/v1/crypto/trading/accounts/): 200 - {"account_number":"311245509955","status":"active","buying_power":"179.2300","buying_power_currency":"USD"}
2025-03-08 16:35:46,831 [INFO] Buying Power Available: $179.23
2025-03-08 16:35:46,891 [INFO] API Response (GET https://trading.robinhood.com/api/v1/crypto/marketdata/best_bid_ask/?symbol=LTC-USD): 200 - {"results":[{"symbol":"LTC-USD","timestamp":"2025-03-08T22:35:46.896189379Z","price":"103.245","bid_inclusive_of_sell_spread":"103.24","sell_spread":"0.00004843","ask_inclusive_of_buy_spread":"103.25","buy_spread":"0.00004843"}]}
2025-03-08 16:35:47,562 [INFO] Indicators for LTC-USD (15min) | MACD: -0.1880, Signal: -0.0970, Volume Condition: False (Current: 167.71686732, Avg10: 1153.92)
2025-03-08 16:35:47,563 [INFO] LTC-USD (15min) | MACD: -0.1880, Signal: -0.0970, Volume Condition: False, Price: $103.25
2025-03-08 16:35:47,563 [INFO] [91mBullish MACD crossover or volume condition not met for LTC-USD. No trade executed.[0m
2025-03-08 16:35:47,769 [INFO] API Response (GET https://trading.robinhood.com/api/v1/crypto/trading/accounts/): 200 - {"account_number":"311245509955","status":"active","buying_power":"179.2300","buying_power_currency":"USD"}
2025-03-08 16:35:48,272 [INFO] Buying Power Available: $179.23
2025-03-08 16:35:48,333 [INFO] API Response (GET https://trading.robinhood.com/api/v1/crypto/marketdata/best_bid_ask/?symbol=DOGE-USD): 200 - {"results":[{"symbol":"DOGE-USD","timestamp":"2025-03-08T22:35:48.336451241Z","price":"0.1932585","bid_inclusive_of_sell_spread":"0.19325","sell_spread":"0.00004398","ask_inclusive_of_buy_spread":"0.193267","buy_spread":"0.00004398"}]}
2025-03-08 16:35:48,992 [INFO] Indicators for DOGE-USD (15min) | MACD: -0.0002, Signal: -0.0001, Volume Condition: False (Current: 233875.9, Avg10: 778959.67)
2025-03-08 16:35:48,992 [INFO] DOGE-USD (15min) | MACD: -0.0002, Signal: -0.0001, Volume Condition: False, Price: $0.193267
2025-03-08 16:35:48,992 [INFO] [91mBullish MACD crossover or volume condition not met for DOGE-USD. No trade executed.[0m
2025-03-08 16:35:49,208 [INFO] API Response (GET https://trading.robinhood.com/api/v1/crypto/trading/accounts/): 200 - {"account_number":"311245509955","status":"active","buying_power":"179.2300","buying_power_currency":"USD"}
2025-03-08 16:35:49,710 [INFO] Buying Power Available: $179.23
2025-03-08 16:35:49,831 [INFO] API Response (GET https://trading.robinhood.com/api/v1/crypto/marketdata/best_bid_ask/?symbol=TRUMP-USD): 200 - {"results":[{"symbol":"TRUMP-USD","timestamp":"2025-03-08T22:35:49.833550237Z","price":"12.00515975","bid_inclusive_of_sell_spread":"11.9303195","sell_spread":"0.00623401","ask_inclusive_of_buy_spread":"12.08","buy_spread":"0.00623401"}]}
2025-03-08 16:35:50,491 [INFO] Indicators for TRUMP-USD (15min) | MACD: -0.0102, Signal: -0.0016, Volume Condition: False (Current: 1978.993, Avg10: 4572.97)
2025-03-08 16:35:50,491 [INFO] TRUMP-USD (15min) | MACD: -0.0102, Signal: -0.0016, Volume Condition: False, Price: $12.08
2025-03-08 16:35:50,492 [INFO] [91mBullish MACD crossover or volume condition not met for TRUMP-USD. No trade executed.[0m
2025-03-08 16:35:50,600 [INFO] API Response (GET https://trading.robinhood.com/api/v1/crypto/trading/holdings/): 200 - {"next":null,"previous":null,"results":[{"account_number":"311245509955","asset_code":"ADA","total_quantity":"176.470000000000000000","quantity_available_for_trading":"176.470000000000000000"},{"account_number":"311245509955","asset_code":"DOGE","total_quantity":"8959.000000000000000000","quantity_available_for_trading":"8959.000000000000000000"}]}
2025-03-08 16:35:51,102 [INFO] Raw holdings response: {'next': None, 'previous': None, 'results': [{'account_number': '311245509955', 'asset_code': 'ADA', 'total_quantity': '176.470000000000000000', 'quantity_available_for_trading': '176.470000000000000000'}, {'account_number': '311245509955', 'asset_code': 'DOGE', 'total_quantity': '8959.000000000000000000', 'quantity_available_for_trading': '8959.000000000000000000'}]}
2025-03-08 16:35:51,102 [INFO] Parsed holdings: [{'account_number': '311245509955', 'asset_code': 'ADA', 'total_quantity': '176.470000000000000000', 'quantity_available_for_trading': '176.470000000000000000'}, {'account_number': '311245509955', 'asset_code': 'DOGE', 'total_quantity': '8959.000000000000000000', 'quantity_available_for_trading': '8959.000000000000000000'}]
2025-03-08 16:35:51,103 [INFO] Processing holding (type <class 'dict'>): {'account_number': '311245509955', 'asset_code': 'ADA', 'total_quantity': '176.470000000000000000', 'quantity_available_for_trading': '176.470000000000000000'}
2025-03-08 16:35:51,103 [ERROR] No average buy price for ADA-USD; skipping.
2025-03-08 16:35:51,103 [INFO] Processing holding (type <class 'dict'>): {'account_number': '311245509955', 'asset_code': 'DOGE', 'total_quantity': '8959.000000000000000000', 'quantity_available_for_trading': '8959.000000000000000000'}
2025-03-08 16:35:51,103 [ERROR] No average buy price for DOGE-USD; skipping.
2025-03-08 16:36:21,446 [INFO] API Response (GET https://trading.robinhood.com/api/v1/crypto/trading/accounts/): 200 - {"account_number":"311245509955","status":"active","buying_power":"179.2300","buying_power_currency":"USD"}
2025-03-08 16:36:21,947 [INFO] Buying Power Available: $179.23
2025-03-08 16:36:22,074 [INFO] API Response (GET https://trading.robinhood.com/api/v1/crypto/marketdata/best_bid_ask/?symbol=BTC-USD): 200 - {"results":[{"symbol":"BTC-USD","timestamp":"2025-03-08T22:36:22.076930637Z","price":"86134.525","bid_inclusive_of_sell_spread":"86136.05","sell_spread":"0.0000177","ask_inclusive_of_buy_spread":"86133","buy_spread":"0.0000177"}]}
2025-03-08 16:36:22,753 [INFO] Indicators for BTC-USD (15min) | MACD: -3.0214, Signal: 13.4521, Volume Condition: False (Current: 9.60556847, Avg10: 17.88)
2025-03-08 16:36:22,753 [INFO] BTC-USD (15min) | MACD: -3.0214, Signal: 13.4521, Volume Condition: False, Price: $86133.0
2025-03-08 16:36:22,753 [INFO] [91mBullish MACD crossover or volume condition not met for BTC-USD. No trade executed.[0m
2025-03-08 16:36:22,977 [INFO] API Response (GET https://trading.robinhood.com/api/v1/crypto/trading/accounts/): 200 - {"account_number":"311245509955","status":"active","buying_power":"179.2300","buying_power_currency":"USD"}
2025-03-08 16:36:23,479 [INFO] Buying Power Available: $179.23
2025-03-08 16:36:23,600 [INFO] API Response (GET https://trading.robinhood.com/api/v1/crypto/marketdata/best_bid_ask/?symbol=ETH-USD): 200 - {"results":[{"symbol":"ETH-USD","timestamp":"2025-03-08T22:36:23.603718163Z","price":"2207.8","bid_inclusive_of_sell_spread":"2207.9","sell_spread":"0.00004529","ask_inclusive_of_buy_spread":"2207.7","buy_spread":"0.00004529"}]}
2025-03-08 16:36:24,361 [INFO] Indicators for ETH-USD (15min) | MACD: 6.6336, Signal: 9.5906, Volume Condition: False (Current: 152.04926866, Avg10: 412.17)
2025-03-08 16:36:24,361 [INFO] ETH-USD (15min) | MACD: 6.6336, Signal: 9.5906, Volume Condition: False, Price: $2207.7
2025-03-08 16:36:24,361 [INFO] [91mBullish MACD crossover or volume condition not met for ETH-USD. No trade executed.[0m
2025-03-08 16:36:24,576 [INFO] API Response (GET https://trading.robinhood.com/api/v1/crypto/trading/accounts/): 200 - {"account_number":"311245509955","status":"active","buying_power":"179.2300","buying_power_currency":"USD"}
2025-03-08 16:36:25,081 [INFO] Buying Power Available: $179.23
2025-03-08 16:36:25,207 [INFO] API Response (GET https://trading.robinhood.com/api/v1/crypto/marketdata/best_bid_ask/?symbol=LTC-USD): 200 - {"results":[{"symbol":"LTC-USD","timestamp":"2025-03-08T22:36:25.209945816Z","price":"103.26","bid_inclusive_of_sell_spread":"103.26","sell_spread":"0","ask_inclusive_of_buy_spread":"103.26","buy_spread":"0"}]}
2025-03-08 16:36:25,953 [INFO] Indicators for LTC-USD (15min) | MACD: -0.1864, Signal: -0.0967, Volume Condition: False (Current: 168.14437136, Avg10: 1153.92)
2025-03-08 16:36:25,953 [INFO] LTC-USD (15min) | MACD: -0.1864, Signal: -0.0967, Volume Condition: False, Price: $103.26
2025-03-08 16:36:25,954 [INFO] [91mBullish MACD crossover or volume condition not met for LTC-USD. No trade executed.[0m
2025-03-08 16:36:26,263 [INFO] API Response (GET https://trading.robinhood.com/api/v1/crypto/trading/accounts/): 200 - {"account_number":"311245509955","status":"active","buying_power":"179.2300","buying_power_currency":"USD"}
2025-03-08 16:36:26,766 [INFO] Buying Power Available: $179.23
2025-03-08 16:36:26,892 [INFO] API Response (GET https://trading.robinhood.com/api/v1/crypto/marketdata/best_bid_ask/?symbol=DOGE-USD): 200 - {"results":[{"symbol":"DOGE-USD","timestamp":"2025-03-08T22:36:26.893616937Z","price":"0.19332","bid_inclusive_of_sell_spread":"0.1933","sell_spread":"0.00010346","ask_inclusive_of_buy_spread":"0.19334","buy_spread":"0.00010346"}]}
2025-03-08 16:36:27,550 [INFO] Indicators for DOGE-USD (15min) | MACD: -0.0002, Signal: -0.0001, Volume Condition: False (Current: 266045.3, Avg10: 778959.67)
2025-03-08 16:36:27,550 [INFO] DOGE-USD (15min) | MACD: -0.0002, Signal: -0.0001, Volume Condition: False, Price: $0.19334
2025-03-08 16:36:27,550 [INFO] [91mBullish MACD crossover or volume condition not met for DOGE-USD. No trade executed.[0m
2025-03-08 16:36:27,770 [INFO] API Response (GET https://trading.robinhood.com/api/v1/crypto/trading/accounts/): 200 - {"account_number":"311245509955","status":"active","buying_power":"179.2300","buying_power_currency":"USD"}
2025-03-08 16:36:28,276 [INFO] Buying Power Available: $179.23
2025-03-08 16:36:28,396 [INFO] API Response (GET https://trading.robinhood.com/api/v1/crypto/marketdata/best_bid_ask/?symbol=TRUMP-USD): 200 - {"results":[{"symbol":"TRUMP-USD","timestamp":"2025-03-08T22:36:28.399880031Z","price":"12.0059128","bid_inclusive_of_sell_spread":"11.9318256","sell_spread":"0.00617089","ask_inclusive_of_buy_spread":"12.08","buy_spread":"0.00617089"}]}
2025-03-08 16:36:29,047 [INFO] Indicators for TRUMP-USD (15min) | MACD: -0.0102, Signal: -0.0016, Volume Condition: False (Current: 1999.228, Avg10: 4572.97)
2025-03-08 16:36:29,048 [INFO] TRUMP-USD (15min) | MACD: -0.0102, Signal: -0.0016, Volume Condition: False, Price: $12.08
2025-03-08 16:36:29,048 [INFO] [91mBullish MACD crossover or volume condition not met for TRUMP-USD. No trade executed.[0m
2025-03-08 16:36:29,204 [INFO] API Response (GET https://trading.robinhood.com/api/v1/crypto/trading/holdings/): 200 - {"next":null,"previous":null,"results":[{"account_number":"311245509955","asset_code":"ADA","total_quantity":"176.470000000000000000","quantity_available_for_trading":"176.470000000000000000"},{"account_number":"311245509955","asset_code":"DOGE","total_quantity":"8959.000000000000000000","quantity_available_for_trading":"8959.000000000000000000"}]}
2025-03-08 16:36:29,705 [INFO] Raw holdings response: {'next': None, 'previous': None, 'results': [{'account_number': '311245509955', 'asset_code': 'ADA', 'total_quantity': '176.470000000000000000', 'quantity_available_for_trading': '176.470000000000000000'}, {'account_number': '311245509955', 'asset_code': 'DOGE', 'total_quantity': '8959.000000000000000000', 'quantity_available_for_trading': '8959.000000000000000000'}]}
2025-03-08 16:36:29,706 [INFO] Parsed holdings: [{'account_number': '311245509955', 'asset_code': 'ADA', 'total_quantity': '176.470000000000000000', 'quantity_available_for_trading': '176.470000000000000000'}, {'account_number': '311245509955', 'asset_code': 'DOGE', 'total_quantity': '8959.000000000000000000', 'quantity_available_for_trading': '8959.000000000000000000'}]
2025-03-08 16:36:29,706 [INFO] Processing holding (type <class 'dict'>): {'account_number': '311245509955', 'asset_code': 'ADA', 'total_quantity': '176.470000000000000000', 'quantity_available_for_trading': '176.470000000000000000'}
2025-03-08 16:36:29,706 [ERROR] No average buy price for ADA-USD; skipping.
2025-03-08 16:36:29,706 [INFO] Processing holding (type <class 'dict'>): {'account_number': '311245509955', 'asset_code': 'DOGE', 'total_quantity': '8959.000000000000000000', 'quantity_available_for_trading': '8959.000000000000000000'}
2025-03-08 16:36:29,707 [ERROR] No average buy price for DOGE-USD; skipping.
2025-03-08 16:37:00,064 [INFO] API Response (GET https://trading.robinhood.com/api/v1/crypto/trading/accounts/): 200 - {"account_number":"311245509955","status":"active","buying_power":"179.2300","buying_power_currency":"USD"}
2025-03-08 16:37:00,567 [INFO] Buying Power Available: $179.23
2025-03-08 16:37:00,629 [INFO] API Response (GET https://trading.robinhood.com/api/v1/crypto/marketdata/best_bid_ask/?symbol=BTC-USD): 200 - {"results":[{"symbol":"BTC-USD","timestamp":"2025-03-08T22:37:00.631627497Z","price":"86140.45","bid_inclusive_of_sell_spread":"86143.9","sell_spread":"0.00004005","ask_inclusive_of_buy_spread":"86137","buy_spread":"0.00004005"}]}
2025-03-08 16:37:01,292 [INFO] Indicators for BTC-USD (15min) | MACD: -2.4941, Signal: 13.5576, Volume Condition: False (Current: 10.157078, Avg10: 17.88)
2025-03-08 16:37:01,292 [INFO] BTC-USD (15min) | MACD: -2.4941, Signal: 13.5576, Volume Condition: False, Price: $86137.0
2025-03-08 16:37:01,293 [INFO] [91mBullish MACD crossover or volume condition not met for BTC-USD. No trade executed.[0m
2025-03-08 16:37:01,501 [INFO] API Response (GET https://trading.robinhood.com/api/v1/crypto/trading/accounts/): 200 - {"account_number":"311245509955","status":"active","buying_power":"179.2300","buying_power_currency":"USD"}
2025-03-08 16:37:02,007 [INFO] Buying Power Available: $179.23
2025-03-08 16:37:02,128 [INFO] API Response (GET https://trading.robinhood.com/api/v1/crypto/marketdata/best_bid_ask/?symbol=ETH-USD): 200 - {"results":[{"symbol":"ETH-USD","timestamp":"2025-03-08T22:37:02.131916423Z","price":"2207.165","bid_inclusive_of_sell_spread":"2207.23","sell_spread":"0.00002945","ask_inclusive_of_buy_spread":"2207.1","buy_spread":"0.00002945"}]}
2025-03-08 16:37:02,802 [INFO] Indicators for ETH-USD (15min) | MACD: 6.5395, Signal: 9.5717, Volume Condition: False (Current: 159.02932268, Avg10: 412.17)
2025-03-08 16:37:02,802 [INFO] ETH-USD (15min) | MACD: 6.5395, Signal: 9.5717, Volume Condition: False, Price: $2207.1
2025-03-08 16:37:02,802 [INFO] [91mBullish MACD crossover or volume condition not met for ETH-USD. No trade executed.[0m
2025-03-08 16:37:03,027 [INFO] API Response (GET https://trading.robinhood.com/api/v1/crypto/trading/accounts/): 200 - {"account_number":"311245509955","status":"active","buying_power":"179.2300","buying_power_currency":"USD"}
2025-03-08 16:37:03,528 [INFO] Buying Power Available: $179.23
2025-03-08 16:37:03,645 [INFO] API Response (GET https://trading.robinhood.com/api/v1/crypto/marketdata/best_bid_ask/?symbol=LTC-USD): 200 - {"results":[{"symbol":"LTC-USD","timestamp":"2025-03-08T22:37:03.647931757Z","price":"103.155","bid_inclusive_of_sell_spread":"103.15","sell_spread":"0.00004847","ask_inclusive_of_buy_spread":"103.16","buy_spread":"0.00004847"}]}
2025-03-08 16:37:04,355 [INFO] Indicators for LTC-USD (15min) | MACD: -0.1944, Signal: -0.0983, Volume Condition: False (Current: 259.38922612, Avg10: 1153.92)
2025-03-08 16:37:04,356 [INFO] LTC-USD (15min) | MACD: -0.1944, Signal: -0.0983, Volume Condition: False, Price: $103.16
2025-03-08 16:37:04,356 [INFO] [91mBullish MACD crossover or volume condition not met for LTC-USD. No trade executed.[0m
2025-03-08 16:37:04,585 [INFO] API Response (GET https://trading.robinhood.com/api/v1/crypto/trading/accounts/): 200 - {"account_number":"311245509955","status":"active","buying_power":"179.2300","buying_power_currency":"USD"}
2025-03-08 16:37:05,090 [INFO] Buying Power Available: $179.23
2025-03-08 16:37:05,214 [INFO] API Response (GET https://trading.robinhood.com/api/v1/crypto/marketdata/best_bid_ask/?symbol=DOGE-USD): 200 - {"results":[{"symbol":"DOGE-USD","timestamp":"2025-03-08T22:37:05.217247358Z","price":"0.193285","bid_inclusive_of_sell_spread":"0.19327","sell_spread":"0.00007761","ask_inclusive_of_buy_spread":"0.1933","buy_spread":"0.00007761"}]}
2025-03-08 16:37:05,932 [INFO] Indicators for DOGE-USD (15min) | MACD: -0.0002, Signal: -0.0001, Volume Condition: False (Current: 279301.2, Avg10: 778959.67)
2025-03-08 16:37:05,933 [INFO] DOGE-USD (15min) | MACD: -0.0002, Signal: -0.0001, Volume Condition: False, Price: $0.1933
2025-03-08 16:37:05,934 [INFO] [91mBullish MACD crossover or volume condition not met for DOGE-USD. No trade executed.[0m
2025-03-08 16:37:06,083 [INFO] API Response (GET https://trading.robinhood.com/api/v1/crypto/trading/accounts/): 200 - {"account_number":"311245509955","status":"active","buying_power":"179.2300","buying_power_currency":"USD"}
2025-03-08 16:37:06,588 [INFO] Buying Power Available: $179.23
2025-03-08 16:37:06,718 [INFO] API Response (GET https://trading.robinhood.com/api/v1/crypto/marketdata/best_bid_ask/?symbol=TRUMP-USD): 200 - {"results":[{"symbol":"TRUMP-USD","timestamp":"2025-03-08T22:37:06.719122879Z","price":"12.006136","bid_inclusive_of_sell_spread":"11.932272","sell_spread":"0.00615219","ask_inclusive_of_buy_spread":"12.08","buy_spread":"0.00615219"}]}
2025-03-08 16:37:07,735 [INFO] Indicators for TRUMP-USD (15min) | MACD: -0.0102, Signal: -0.0016, Volume Condition: False (Current: 1999.228, Avg10: 4572.97)
2025-03-08 16:37:07,736 [INFO] TRUMP-USD (15min) | MACD: -0.0102, Signal: -0.0016, Volume Condition: False, Price: $12.08
2025-03-08 16:37:07,736 [INFO] [91mBullish MACD crossover or volume condition not met for TRUMP-USD. No trade executed.[0m
2025-03-08 16:37:07,887 [INFO] API Response (GET https://trading.robinhood.com/api/v1/crypto/trading/holdings/): 200 - {"next":null,"previous":null,"results":[{"account_number":"311245509955","asset_code":"ADA","total_quantity":"176.470000000000000000","quantity_available_for_trading":"176.470000000000000000"},{"account_number":"311245509955","asset_code":"DOGE","total_quantity":"8959.000000000000000000","quantity_available_for_trading":"8959.000000000000000000"}]}
2025-03-08 16:37:08,393 [INFO] Raw holdings response: {'next': None, 'previous': None, 'results': [{'account_number': '311245509955', 'asset_code': 'ADA', 'total_quantity': '176.470000000000000000', 'quantity_available_for_trading': '176.470000000000000000'}, {'account_number': '311245509955', 'asset_code': 'DOGE', 'total_quantity': '8959.000000000000000000', 'quantity_available_for_trading': '8959.000000000000000000'}]}
2025-03-08 16:37:08,393 [INFO] Parsed holdings: [{'account_number': '311245509955', 'asset_code': 'ADA', 'total_quantity': '176.470000000000000000', 'quantity_available_for_trading': '176.470000000000000000'}, {'account_number': '311245509955', 'asset_code': 'DOGE', 'total_quantity': '8959.000000000000000000', 'quantity_available_for_trading': '8959.000000000000000000'}]
2025-03-08 16:37:08,393 [INFO] Processing holding (type <class 'dict'>): {'account_number': '311245509955', 'asset_code': 'ADA', 'total_quantity': '176.470000000000000000', 'quantity_available_for_trading': '176.470000000000000000'}
2025-03-08 16:37:08,393 [ERROR] No average buy price for ADA-USD; skipping.
2025-03-08 16:37:08,394 [INFO] Processing holding (type <class 'dict'>): {'account_number': '311245509955', 'asset_code': 'DOGE', 'total_quantity': '8959.000000000000000000', 'quantity_available_for_trading': '8959.000000000000000000'}
2025-03-08 16:37:08,394 [ERROR] No average buy price for DOGE-USD; skipping.
2025-03-08 16:37:38,742 [INFO] API Response (GET https://trading.robinhood.com/api/v1/crypto/trading/accounts/): 200 - {"account_number":"311245509955","status":"active","buying_power":"179.2300","buying_power_currency":"USD"}
2025-03-08 16:37:39,247 [INFO] Buying Power Available: $179.23
2025-03-08 16:37:39,364 [INFO] API Response (GET https://trading.robinhood.com/api/v1/crypto/marketdata/best_bid_ask/?symbol=BTC-USD): 200 - {"results":[{"symbol":"BTC-USD","timestamp":"2025-03-08T22:37:39.367939252Z","price":"86133.655","bid_inclusive_of_sell_spread":"86133.2","sell_spread":"0.00000528","ask_inclusive_of_buy_spread":"86134.11","buy_spread":"0.00000528"}]}
2025-03-08 16:37:40,022 [INFO] Indicators for BTC-USD (15min) | MACD: -2.1439, Signal: 13.6276, Volume Condition: False (Current: 20.27810373, Avg10: 17.88)
2025-03-08 16:37:40,022 [INFO] BTC-USD (15min) | MACD: -2.1439, Signal: 13.6276, Volume Condition: False, Price: $86134.11
2025-03-08 16:37:40,023 [INFO] [91mBullish MACD crossover or volume condition not met for BTC-USD. No trade executed.[0m
2025-03-08 16:37:40,226 [INFO] API Response (GET https://trading.robinhood.com/api/v1/crypto/trading/accounts/): 200 - {"account_number":"311245509955","status":"active","buying_power":"179.2300","buying_power_currency":"USD"}
2025-03-08 16:37:40,731 [INFO] Buying Power Available: $179.23
2025-03-08 16:37:40,867 [INFO] API Response (GET https://trading.robinhood.com/api/v1/crypto/marketdata/best_bid_ask/?symbol=ETH-USD): 200 - {"results":[{"symbol":"ETH-USD","timestamp":"2025-03-08T22:37:40.869884024Z","price":"2206.845","bid_inclusive_of_sell_spread":"2206.8","sell_spread":"0.00002039","ask_inclusive_of_buy_spread":"2206.89","buy_spread":"0.00002039"}]}
2025-03-08 16:37:41,605 [INFO] Indicators for ETH-USD (15min) | MACD: 6.6648, Signal: 9.5968, Volume Condition: False (Current: 163.59552913, Avg10: 412.17)
2025-03-08 16:37:41,605 [INFO] ETH-USD (15min) | MACD: 6.6648, Signal: 9.5968, Volume Condition: False, Price: $2206.89
2025-03-08 16:37:41,605 [INFO] [91mBullish MACD crossover or volume condition not met for ETH-USD. No trade executed.[0m
2025-03-08 16:37:41,822 [INFO] API Response (GET https://trading.robinhood.com/api/v1/crypto/trading/accounts/): 200 - {"account_number":"311245509955","status":"active","buying_power":"179.2300","buying_power_currency":"USD"}
2025-03-08 16:37:42,325 [INFO] Buying Power Available: $179.23
2025-03-08 16:37:42,449 [INFO] API Response (GET https://trading.robinhood.com/api/v1/crypto/marketdata/best_bid_ask/?symbol=LTC-USD): 200 - {"results":[{"symbol":"LTC-USD","timestamp":"2025-03-08T22:37:42.452608332Z","price":"103.16","bid_inclusive_of_sell_spread":"103.16","sell_spread":"0","ask_inclusive_of_buy_spread":"103.16","buy_spread":"0"}]}
2025-03-08 16:37:43,213 [INFO] Indicators for LTC-USD (15min) | MACD: -0.1944, Signal: -0.0983, Volume Condition: False (Current: 1153.56189318, Avg10: 1153.92)
2025-03-08 16:37:43,213 [INFO] LTC-USD (15min) | MACD: -0.1944, Signal: -0.0983, Volume Condition: False, Price: $103.16
2025-03-08 16:37:43,213 [INFO] [91mBullish MACD crossover or volume condition not met for LTC-USD. No trade executed.[0m
2025-03-08 16:37:43,421 [INFO] API Response (GET https://trading.robinhood.com/api/v1/crypto/trading/accounts/): 200 - {"account_number":"311245509955","status":"active","buying_power":"179.2300","buying_power_currency":"USD"}
2025-03-08 16:37:43,924 [INFO] Buying Power Available: $179.23
2025-03-08 16:37:44,052 [INFO] API Response (GET https://trading.robinhood.com/api/v1/crypto/marketdata/best_bid_ask/?symbol=DOGE-USD): 200 - {"results":[{"symbol":"DOGE-USD","timestamp":"2025-03-08T22:37:44.053123083Z","price":"0.193215","bid_inclusive_of_sell_spread":"0.1932","sell_spread":"0.00007763","ask_inclusive_of_buy_spread":"0.19323","buy_spread":"0.00007763"}]}
2025-03-08 16:37:45,121 [INFO] Indicators for DOGE-USD (15min) | MACD: -0.0002, Signal: -0.0001, Volume Condition: False (Current: 294279.9, Avg10: 778959.67)
2025-03-08 16:37:45,121 [INFO] DOGE-USD (15min) | MACD: -0.0002, Signal: -0.0001, Volume Condition: False, Price: $0.19323
2025-03-08 16:37:45,121 [INFO] [91mBullish MACD crossover or volume condition not met for DOGE-USD. No trade executed.[0m
2025-03-08 16:37:45,355 [INFO] API Response (GET https://trading.robinhood.com/api/v1/crypto/trading/accounts/): 200 - {"account_number":"311245509955","status":"active","buying_power":"179.2300","buying_power_currency":"USD"}
2025-03-08 16:37:45,861 [INFO] Buying Power Available: $179.23
2025-03-08 16:37:45,991 [INFO] API Response (GET https://trading.robinhood.com/api/v1/crypto/marketdata/best_bid_ask/?symbol=TRUMP-USD): 200 - {"results":[{"symbol":"TRUMP-USD","timestamp":"2025-03-08T22:37:45.993655181Z","price":"12.005208635","bid_inclusive_of_sell_spread":"11.931099","sell_spread":"0.00617312","ask_inclusive_of_buy_spread":"12.07931827","buy_spread":"0.00617312"}]}
2025-03-08 16:37:46,972 [INFO] Indicators for TRUMP-USD (15min) | MACD: -0.0102, Signal: -0.0016, Volume Condition: False (Current: 1999.228, Avg10: 4572.97)
2025-03-08 16:37:46,972 [INFO] TRUMP-USD (15min) | MACD: -0.0102, Signal: -0.0016, Volume Condition: False, Price: $12.07931827
2025-03-08 16:37:46,972 [INFO] [91mBullish MACD crossover or volume condition not met for TRUMP-USD. No trade executed.[0m
2025-03-08 16:37:47,068 [INFO] API Response (GET https://trading.robinhood.com/api/v1/crypto/trading/holdings/): 200 - {"next":null,"previous":null,"results":[{"account_number":"311245509955","asset_code":"ADA","total_quantity":"176.470000000000000000","quantity_available_for_trading":"176.470000000000000000"},{"account_number":"311245509955","asset_code":"DOGE","total_quantity":"8959.000000000000000000","quantity_available_for_trading":"8959.000000000000000000"}]}
2025-03-08 16:37:47,571 [INFO] Raw holdings response: {'next': None, 'previous': None, 'results': [{'account_number': '311245509955', 'asset_code': 'ADA', 'total_quantity': '176.470000000000000000', 'quantity_available_for_trading': '176.470000000000000000'}, {'account_number': '311245509955', 'asset_code': 'DOGE', 'total_quantity': '8959.000000000000000000', 'quantity_available_for_trading': '8959.000000000000000000'}]}
2025-03-08 16:37:47,572 [INFO] Parsed holdings: [{'account_number': '311245509955', 'asset_code': 'ADA', 'total_quantity': '176.470000000000000000', 'quantity_available_for_trading': '176.470000000000000000'}, {'account_number': '311245509955', 'asset_code': 'DOGE', 'total_quantity': '8959.000000000000000000', 'quantity_available_for_trading': '8959.000000000000000000'}]
2025-03-08 16:37:47,572 [INFO] Processing holding (type <class 'dict'>): {'account_number': '311245509955', 'asset_code': 'ADA', 'total_quantity': '176.470000000000000000', 'quantity_available_for_trading': '176.470000000000000000'}
2025-03-08 16:37:47,572 [ERROR] No average buy price for ADA-USD; skipping.
2025-03-08 16:37:47,572 [INFO] Processing holding (type <class 'dict'>): {'account_number': '311245509955', 'asset_code': 'DOGE', 'total_quantity': '8959.000000000000000000', 'quantity_available_for_trading': '8959.000000000000000000'}
2025-03-08 16:37:47,572 [ERROR] No average buy price for DOGE-USD; skipping.
2025-03-08 16:38:17,975 [INFO] API Response (GET https://trading.robinhood.com/api/v1/crypto/trading/accounts/): 200 - {"account_number":"311245509955","status":"active","buying_power":"179.2300","buying_power_currency":"USD"}
2025-03-08 16:38:18,480 [INFO] Buying Power Available: $179.23
2025-03-08 16:38:18,606 [INFO] API Response (GET https://trading.robinhood.com/api/v1/crypto/marketdata/best_bid_ask/?symbol=BTC-USD): 200 - {"results":[{"symbol":"BTC-USD","timestamp":"2025-03-08T22:38:18.610026679Z","price":"86125.72","bid_inclusive_of_sell_spread":"86129.44","sell_spread":"0.00004319","ask_inclusive_of_buy_spread":"86122","buy_spread":"0.00004319"}]}
2025-03-08 16:38:19,337 [INFO] Indicators for BTC-USD (15min) | MACD: -3.6971, Signal: 13.3170, Volume Condition: False (Current: 21.02234065, Avg10: 17.88)
2025-03-08 16:38:19,337 [INFO] BTC-USD (15min) | MACD: -3.6971, Signal: 13.3170, Volume Condition: False, Price: $86122.0
2025-03-08 16:38:19,337 [INFO] [91mBullish MACD crossover or volume condition not met for BTC-USD. No trade executed.[0m
2025-03-08 16:38:19,550 [INFO] API Response (GET https://trading.robinhood.com/api/v1/crypto/trading/accounts/): 200 - {"account_number":"311245509955","status":"active","buying_power":"179.2300","buying_power_currency":"USD"}
2025-03-08 16:38:20,056 [INFO] Buying Power Available: $179.23
2025-03-08 16:38:20,183 [INFO] API Response (GET https://trading.robinhood.com/api/v1/crypto/marketdata/best_bid_ask/?symbol=ETH-USD): 200 - {"results":[{"symbol":"ETH-USD","timestamp":"2025-03-08T22:38:20.186414487Z","price":"2205.46","bid_inclusive_of_sell_spread":"2205.52","sell_spread":"0.00002721","ask_inclusive_of_buy_spread":"2205.4","buy_spread":"0.00002721"}]}
2025-03-08 16:38:20,872 [INFO] Indicators for ETH-USD (15min) | MACD: 6.4278, Signal: 9.5494, Volume Condition: False (Current: 184.61690585, Avg10: 412.17)
2025-03-08 16:38:20,872 [INFO] ETH-USD (15min) | MACD: 6.4278, Signal: 9.5494, Volume Condition: False, Price: $2205.4
2025-03-08 16:38:20,872 [INFO] [91mBullish MACD crossover or volume condition not met for ETH-USD. No trade executed.[0m
2025-03-08 16:38:21,090 [INFO] API Response (GET https://trading.robinhood.com/api/v1/crypto/trading/accounts/): 200 - {"account_number":"311245509955","status":"active","buying_power":"179.2300","buying_power_currency":"USD"}
2025-03-08 16:38:21,593 [INFO] Buying Power Available: $179.23
2025-03-08 16:38:21,721 [INFO] API Response (GET https://trading.robinhood.com/api/v1/crypto/marketdata/best_bid_ask/?symbol=LTC-USD): 200 - {"results":[{"symbol":"LTC-USD","timestamp":"2025-03-08T22:38:21.721051691Z","price":"103.1","bid_inclusive_of_sell_spread":"103.09","sell_spread":"0.00009699","ask_inclusive_of_buy_spread":"103.11","buy_spread":"0.00009699"}]}
2025-03-08 16:38:22,496 [INFO] Indicators for LTC-USD (15min) | MACD: -0.1984, Signal: -0.0991, Volume Condition: False (Current: 1204.5015837, Avg10: 1153.92)
2025-03-08 16:38:22,496 [INFO] LTC-USD (15min) | MACD: -0.1984, Signal: -0.0991, Volume Condition: False, Price: $103.11
2025-03-08 16:38:22,497 [INFO] [91mBullish MACD crossover or volume condition not met for LTC-USD. No trade executed.[0m
2025-03-08 16:38:22,650 [INFO] API Response (GET https://trading.robinhood.com/api/v1/crypto/trading/accounts/): 200 - {"account_number":"311245509955","status":"active","buying_power":"179.2300","buying_power_currency":"USD"}
2025-03-08 16:38:23,155 [INFO] Buying Power Available: $179.23
2025-03-08 16:38:23,284 [INFO] API Response (GET https://trading.robinhood.com/api/v1/crypto/marketdata/best_bid_ask/?symbol=DOGE-USD): 200 - {"results":[{"symbol":"DOGE-USD","timestamp":"2025-03-08T22:38:23.286016159Z","price":"0.193035","bid_inclusive_of_sell_spread":"0.19302","sell_spread":"0.00007771","ask_inclusive_of_buy_spread":"0.19305","buy_spread":"0.00007771"}]}
2025-03-08 16:38:23,999 [INFO] Indicators for DOGE-USD (15min) | MACD: -0.0002, Signal: -0.0001, Volume Condition: False (Current: 367817.6, Avg10: 778959.67)
2025-03-08 16:38:24,000 [INFO] DOGE-USD (15min) | MACD: -0.0002, Signal: -0.0001, Volume Condition: False, Price: $0.19305
2025-03-08 16:38:24,000 [INFO] [91mBullish MACD crossover or volume condition not met for DOGE-USD. No trade executed.[0m
2025-03-08 16:38:24,267 [INFO] API Response (GET https://trading.robinhood.com/api/v1/crypto/trading/accounts/): 200 - {"account_number":"311245509955","status":"active","buying_power":"179.2300","buying_power_currency":"USD"}
2025-03-08 16:38:24,773 [INFO] Buying Power Available: $179.23
2025-03-08 16:38:24,901 [INFO] API Response (GET https://trading.robinhood.com/api/v1/crypto/marketdata/best_bid_ask/?symbol=TRUMP-USD): 200 - {"results":[{"symbol":"TRUMP-USD","timestamp":"2025-03-08T22:38:24.903466907Z","price":"11.99585195","bid_inclusive_of_sell_spread":"11.9217039","sell_spread":"0.00618114","ask_inclusive_of_buy_spread":"12.07","buy_spread":"0.00618114"}]}
2025-03-08 16:38:25,573 [INFO] Indicators for TRUMP-USD (15min) | MACD: -0.0094, Signal: -0.0014, Volume Condition: False (Current: 2022.85, Avg10: 4572.97)
2025-03-08 16:38:25,573 [INFO] TRUMP-USD (15min) | MACD: -0.0094, Signal: -0.0014, Volume Condition: False, Price: $12.07
2025-03-08 16:38:25,573 [INFO] [91mBullish MACD crossover or volume condition not met for TRUMP-USD. No trade executed.[0m
2025-03-08 16:38:25,738 [INFO] API Response (GET https://trading.robinhood.com/api/v1/crypto/trading/holdings/): 200 - {"next":null,"previous":null,"results":[{"account_number":"311245509955","asset_code":"ADA","total_quantity":"176.470000000000000000","quantity_available_for_trading":"176.470000000000000000"},{"account_number":"311245509955","asset_code":"DOGE","total_quantity":"8959.000000000000000000","quantity_available_for_trading":"8959.000000000000000000"}]}
2025-03-08 16:38:26,243 [INFO] Raw holdings response: {'next': None, 'previous': None, 'results': [{'account_number': '311245509955', 'asset_code': 'ADA', 'total_quantity': '176.470000000000000000', 'quantity_available_for_trading': '176.470000000000000000'}, {'account_number': '311245509955', 'asset_code': 'DOGE', 'total_quantity': '8959.000000000000000000', 'quantity_available_for_trading': '8959.000000000000000000'}]}
2025-03-08 16:38:26,244 [INFO] Parsed holdings: [{'account_number': '311245509955', 'asset_code': 'ADA', 'total_quantity': '176.470000000000000000', 'quantity_available_for_trading': '176.470000000000000000'}, {'account_number': '311245509955', 'asset_code': 'DOGE', 'total_quantity': '8959.000000000000000000', 'quantity_available_for_trading': '8959.000000000000000000'}]
2025-03-08 16:38:26,244 [INFO] Processing holding (type <class 'dict'>): {'account_number': '311245509955', 'asset_code': 'ADA', 'total_quantity': '176.470000000000000000', 'quantity_available_for_trading': '176.470000000000000000'}
2025-03-08 16:38:26,244 [ERROR] No average buy price for ADA-USD; skipping.
2025-03-08 16:38:26,244 [INFO] Processing holding (type <class 'dict'>): {'account_number': '311245509955', 'asset_code': 'DOGE', 'total_quantity': '8959.000000000000000000', 'quantity_available_for_trading': '8959.000000000000000000'}
2025-03-08 16:38:26,244 [ERROR] No average buy price for DOGE-USD; skipping.
2025-03-08 16:38:56,682 [INFO] API Response (GET https://trading.robinhood.com/api/v1/crypto/trading/accounts/): 200 - {"account_number":"311245509955","status":"active","buying_power":"179.2300","buying_power_currency":"USD"}
2025-03-08 16:38:57,188 [INFO] Buying Power Available: $179.23
2025-03-08 16:38:57,315 [INFO] API Response (GET https://trading.robinhood.com/api/v1/crypto/marketdata/best_bid_ask/?symbol=BTC-USD): 200 - {"results":[{"symbol":"BTC-USD","timestamp":"2025-03-08T22:38:57.317327439Z","price":"86063.72","bid_inclusive_of_sell_spread":"86066.44","sell_spread":"0.0000316","ask_inclusive_of_buy_spread":"86061","buy_spread":"0.0000316"}]}
2025-03-08 16:38:57,956 [INFO] Indicators for BTC-USD (15min) | MACD: -7.1911, Signal: 12.6182, Volume Condition: True (Current: 29.72768762, Avg10: 17.88)
2025-03-08 16:38:57,956 [INFO] BTC-USD (15min) | MACD: -7.1911, Signal: 12.6182, Volume Condition: True, Price: $86061.0
2025-03-08 16:38:57,956 [INFO] [91mBullish MACD crossover or volume condition not met for BTC-USD. No trade executed.[0m
2025-03-08 16:38:58,172 [INFO] API Response (GET https://trading.robinhood.com/api/v1/crypto/trading/accounts/): 200 - {"account_number":"311245509955","status":"active","buying_power":"179.2300","buying_power_currency":"USD"}
2025-03-08 16:38:58,674 [INFO] Buying Power Available: $179.23
2025-03-08 16:38:58,804 [INFO] API Response (GET https://trading.robinhood.com/api/v1/crypto/marketdata/best_bid_ask/?symbol=ETH-USD): 200 - {"results":[{"symbol":"ETH-USD","timestamp":"2025-03-08T22:38:58.805604789Z","price":"2204.23","bid_inclusive_of_sell_spread":"2204.26","sell_spread":"0.00001361","ask_inclusive_of_buy_spread":"2204.2","buy_spread":"0.00001361"}]}
2025-03-08 16:38:59,497 [INFO] Indicators for ETH-USD (15min) | MACD: 6.4781, Signal: 9.5594, Volume Condition: False (Current: 190.00262946, Avg10: 412.17)
2025-03-08 16:38:59,497 [INFO] ETH-USD (15min) | MACD: 6.4781, Signal: 9.5594, Volume Condition: False, Price: $2204.2
2025-03-08 16:38:59,497 [INFO] [91mBullish MACD crossover or volume condition not met for ETH-USD. No trade executed.[0m
2025-03-08 16:38:59,710 [INFO] API Response (GET https://trading.robinhood.com/api/v1/crypto/trading/accounts/): 200 - {"account_number":"311245509955","status":"active","buying_power":"179.2300","buying_power_currency":"USD"}
2025-03-08 16:39:00,215 [INFO] Buying Power Available: $179.23
2025-03-08 16:39:00,343 [INFO] API Response (GET https://trading.robinhood.com/api/v1/crypto/marketdata/best_bid_ask/?symbol=LTC-USD): 200 - {"results":[{"symbol":"LTC-USD","timestamp":"2025-03-08T22:39:00.344294469Z","price":"103.085","bid_inclusive_of_sell_spread":"103.08","sell_spread":"0.0000485","ask_inclusive_of_buy_spread":"103.09","buy_spread":"0.0000485"}]}
2025-03-08 16:39:01,065 [INFO] Indicators for LTC-USD (15min) | MACD: -0.2008, Signal: -0.0996, Volume Condition: False (Current: 1240.71600765, Avg10: 1153.92)
2025-03-08 16:39:01,066 [INFO] LTC-USD (15min) | MACD: -0.2008, Signal: -0.0996, Volume Condition: False, Price: $103.09
2025-03-08 16:39:01,066 [INFO] [91mBullish MACD crossover or volume condition not met for LTC-USD. No trade executed.[0m
2025-03-08 16:39:01,286 [INFO] API Response (GET https://trading.robinhood.com/api/v1/crypto/trading/accounts/): 200 - {"account_number":"311245509955","status":"active","buying_power":"179.2300","buying_power_currency":"USD"}
2025-03-08 16:39:01,792 [INFO] Buying Power Available: $179.23
2025-03-08 16:39:01,916 [INFO] API Response (GET https://trading.robinhood.com/api/v1/crypto/marketdata/best_bid_ask/?symbol=DOGE-USD): 200 - {"results":[{"symbol":"DOGE-USD","timestamp":"2025-03-08T22:39:01.918286625Z","price":"0.1930315","bid_inclusive_of_sell_spread":"0.19302","sell_spread":"0.00005958","ask_inclusive_of_buy_spread":"0.193043","buy_spread":"0.00005958"}]}
2025-03-08 16:39:02,671 [INFO] Indicators for DOGE-USD (15min) | MACD: -0.0002, Signal: -0.0001, Volume Condition: False (Current: 397658.7, Avg10: 778959.67)
2025-03-08 16:39:02,671 [INFO] DOGE-USD (15min) | MACD: -0.0002, Signal: -0.0001, Volume Condition: False, Price: $0.193043
2025-03-08 16:39:02,671 [INFO] [91mBullish MACD crossover or volume condition not met for DOGE-USD. No trade executed.[0m
2025-03-08 16:39:02,826 [INFO] API Response (GET https://trading.robinhood.com/api/v1/crypto/trading/accounts/): 200 - {"account_number":"311245509955","status":"active","buying_power":"179.2300","buying_power_currency":"USD"}
2025-03-08 16:39:03,332 [INFO] Buying Power Available: $179.23
2025-03-08 16:39:03,463 [INFO] API Response (GET https://trading.robinhood.com/api/v1/crypto/marketdata/best_bid_ask/?symbol=TRUMP-USD): 200 - {"results":[{"symbol":"TRUMP-USD","timestamp":"2025-03-08T22:39:03.462691145Z","price":"11.99603495","bid_inclusive_of_sell_spread":"11.9220699","sell_spread":"0.00616579","ask_inclusive_of_buy_spread":"12.07","buy_spread":"0.00616579"}]}
2025-03-08 16:39:04,134 [INFO] Indicators for TRUMP-USD (15min) | MACD: -0.0110, Signal: -0.0017, Volume Condition: False (Current: 2187.122, Avg10: 4572.97)
2025-03-08 16:39:04,134 [INFO] TRUMP-USD (15min) | MACD: -0.0110, Signal: -0.0017, Volume Condition: False, Price: $12.07
2025-03-08 16:39:04,134 [INFO] [91mBullish MACD crossover or volume condition not met for TRUMP-USD. No trade executed.[0m
2025-03-08 16:39:04,294 [INFO] API Response (GET https://trading.robinhood.com/api/v1/crypto/trading/holdings/): 200 - {"next":null,"previous":null,"results":[{"account_number":"311245509955","asset_code":"ADA","total_quantity":"176.470000000000000000","quantity_available_for_trading":"176.470000000000000000"},{"account_number":"311245509955","asset_code":"DOGE","total_quantity":"8959.000000000000000000","quantity_available_for_trading":"8959.000000000000000000"}]}
2025-03-08 16:39:04,797 [INFO] Raw holdings response: {'next': None, 'previous': None, 'results': [{'account_number': '311245509955', 'asset_code': 'ADA', 'total_quantity': '176.470000000000000000', 'quantity_available_for_trading': '176.470000000000000000'}, {'account_number': '311245509955', 'asset_code': 'DOGE', 'total_quantity': '8959.000000000000000000', 'quantity_available_for_trading': '8959.000000000000000000'}]}
2025-03-08 16:39:04,797 [INFO] Parsed holdings: [{'account_number': '311245509955', 'asset_code': 'ADA', 'total_quantity': '176.470000000000000000', 'quantity_available_for_trading': '176.470000000000000000'}, {'account_number': '311245509955', 'asset_code': 'DOGE', 'total_quantity': '8959.000000000000000000', 'quantity_available_for_trading': '8959.000000000000000000'}]
2025-03-08 16:39:04,797 [INFO] Processing holding (type <class 'dict'>): {'account_number': '311245509955', 'asset_code': 'ADA', 'total_quantity': '176.470000000000000000', 'quantity_available_for_trading': '176.470000000000000000'}
2025-03-08 16:39:04,798 [ERROR] No average buy price for ADA-USD; skipping.
2025-03-08 16:39:04,798 [INFO] Processing holding (type <class 'dict'>): {'account_number': '311245509955', 'asset_code': 'DOGE', 'total_quantity': '8959.000000000000000000', 'quantity_available_for_trading': '8959.000000000000000000'}
2025-03-08 16:39:04,798 [ERROR] No average buy price for DOGE-USD; skipping.
2025-03-08 16:39:35,135 [INFO] API Response (GET https://trading.robinhood.com/api/v1/crypto/trading/accounts/): 200 - {"account_number":"311245509955","status":"active","buying_power":"179.2300","buying_power_currency":"USD"}
2025-03-08 16:39:35,643 [INFO] Buying Power Available: $179.23
2025-03-08 16:39:35,706 [INFO] API Response (GET https://trading.robinhood.com/api/v1/crypto/marketdata/best_bid_ask/?symbol=BTC-USD): 200 - {"results":[{"symbol":"BTC-USD","timestamp":"2025-03-08T22:39:35.707817234Z","price":"86168.55","bid_inclusive_of_sell_spread":"86170.1","sell_spread":"0.00001799","ask_inclusive_of_buy_spread":"86167","buy_spread":"0.00001799"}]}
2025-03-08 16:39:36,364 [INFO] Indicators for BTC-USD (15min) | MACD: -2.2588, Signal: 13.6047, Volume Condition: True (Current: 31.40085644, Avg10: 17.88)
2025-03-08 16:39:36,364 [INFO] BTC-USD (15min) | MACD: -2.2588, Signal: 13.6047, Volume Condition: True, Price: $86167.0
2025-03-08 16:39:36,365 [INFO] [91mBullish MACD crossover or volume condition not met for BTC-USD. No trade executed.[0m
2025-03-08 16:39:36,588 [INFO] API Response (GET https://trading.robinhood.com/api/v1/crypto/trading/accounts/): 200 - {"account_number":"311245509955","status":"active","buying_power":"179.2300","buying_power_currency":"USD"}
2025-03-08 16:39:37,091 [INFO] Buying Power Available: $179.23
2025-03-08 16:39:37,232 [INFO] API Response (GET https://trading.robinhood.com/api/v1/crypto/marketdata/best_bid_ask/?symbol=ETH-USD): 200 - {"results":[{"symbol":"ETH-USD","timestamp":"2025-03-08T22:39:37.227589433Z","price":"2206.655","bid_inclusive_of_sell_spread":"2206.71","sell_spread":"0.00002492","ask_inclusive_of_buy_spread":"2206.6","buy_spread":"0.00002492"}]}
2025-03-08 16:39:37,979 [INFO] Indicators for ETH-USD (15min) | MACD: 6.4573, Signal: 9.5553, Volume Condition: False (Current: 222.96145661, Avg10: 412.17)
2025-03-08 16:39:37,979 [INFO] ETH-USD (15min) | MACD: 6.4573, Signal: 9.5553, Volume Condition: False, Price: $2206.6
2025-03-08 16:39:37,980 [INFO] [91mBullish MACD crossover or volume condition not met for ETH-USD. No trade executed.[0m
2025-03-08 16:39:38,195 [INFO] API Response (GET https://trading.robinhood.com/api/v1/crypto/trading/accounts/): 200 - {"account_number":"311245509955","status":"active","buying_power":"179.2300","buying_power_currency":"USD"}
2025-03-08 16:39:38,701 [INFO] Buying Power Available: $179.23
2025-03-08 16:39:38,825 [INFO] API Response (GET https://trading.robinhood.com/api/v1/crypto/marketdata/best_bid_ask/?symbol=LTC-USD): 200 - {"results":[{"symbol":"LTC-USD","timestamp":"2025-03-08T22:39:38.826722436Z","price":"103.185","bid_inclusive_of_sell_spread":"103.18","sell_spread":"0.00004846","ask_inclusive_of_buy_spread":"103.19","buy_spread":"0.00004846"}]}
2025-03-08 16:39:39,524 [INFO] Indicators for LTC-USD (15min) | MACD: -0.1936, Signal: -0.0982, Volume Condition: False (Current: 1263.11430407, Avg10: 1153.92)
2025-03-08 16:39:39,525 [INFO] LTC-USD (15min) | MACD: -0.1936, Signal: -0.0982, Volume Condition: False, Price: $103.19
2025-03-08 16:39:39,525 [INFO] [91mBullish MACD crossover or volume condition not met for LTC-USD. No trade executed.[0m
2025-03-08 16:39:39,746 [INFO] API Response (GET https://trading.robinhood.com/api/v1/crypto/trading/accounts/): 200 - {"account_number":"311245509955","status":"active","buying_power":"179.2300","buying_power_currency":"USD"}
2025-03-08 16:39:40,251 [INFO] Buying Power Available: $179.23
2025-03-08 16:39:40,380 [INFO] API Response (GET https://trading.robinhood.com/api/v1/crypto/marketdata/best_bid_ask/?symbol=DOGE-USD): 200 - {"results":[{"symbol":"DOGE-USD","timestamp":"2025-03-08T22:39:40.383052397Z","price":"0.1932235","bid_inclusive_of_sell_spread":"0.193207","sell_spread":"0.00008539","ask_inclusive_of_buy_spread":"0.19324","buy_spread":"0.00008539"}]}
2025-03-08 16:39:41,432 [INFO] Indicators for DOGE-USD (15min) | MACD: -0.0002, Signal: -0.0001, Volume Condition: False (Current: 415313.5, Avg10: 778959.67)
2025-03-08 16:39:41,432 [INFO] DOGE-USD (15min) | MACD: -0.0002, Signal: -0.0001, Volume Condition: False, Price: $0.19324
2025-03-08 16:39:41,432 [INFO] [91mBullish MACD crossover or volume condition not met for DOGE-USD. No trade executed.[0m
2025-03-08 16:39:41,652 [INFO] API Response (GET https://trading.robinhood.com/api/v1/crypto/trading/accounts/): 200 - {"account_number":"311245509955","status":"active","buying_power":"179.2300","buying_power_currency":"USD"}
2025-03-08 16:39:42,156 [INFO] Buying Power Available: $179.23
2025-03-08 16:39:42,279 [INFO] API Response (GET https://trading.robinhood.com/api/v1/crypto/marketdata/best_bid_ask/?symbol=TRUMP-USD): 200 - {"results":[{"symbol":"TRUMP-USD","timestamp":"2025-03-08T22:39:42.281404227Z","price":"12.0059885","bid_inclusive_of_sell_spread":"11.931977","sell_spread":"0.00616455","ask_inclusive_of_buy_spread":"12.08","buy_spread":"0.00616455"}]}
2025-03-08 16:39:42,991 [INFO] Indicators for TRUMP-USD (15min) | MACD: -0.0110, Signal: -0.0017, Volume Condition: False (Current: 2187.122, Avg10: 4572.97)
2025-03-08 16:39:42,991 [INFO] TRUMP-USD (15min) | MACD: -0.0110, Signal: -0.0017, Volume Condition: False, Price: $12.08
2025-03-08 16:39:42,991 [INFO] [91mBullish MACD crossover or volume condition not met for TRUMP-USD. No trade executed.[0m
2025-03-08 16:39:43,377 [INFO] API Response (GET https://trading.robinhood.com/api/v1/crypto/trading/holdings/): 200 - {"next":null,"previous":null,"results":[{"account_number":"311245509955","asset_code":"ADA","total_quantity":"176.470000000000000000","quantity_available_for_trading":"176.470000000000000000"},{"account_number":"311245509955","asset_code":"DOGE","total_quantity":"8959.000000000000000000","quantity_available_for_trading":"8959.000000000000000000"}]}
2025-03-08 16:39:43,880 [INFO] Raw holdings response: {'next': None, 'previous': None, 'results': [{'account_number': '311245509955', 'asset_code': 'ADA', 'total_quantity': '176.470000000000000000', 'quantity_available_for_trading': '176.470000000000000000'}, {'account_number': '311245509955', 'asset_code': 'DOGE', 'total_quantity': '8959.000000000000000000', 'quantity_available_for_trading': '8959.000000000000000000'}]}
2025-03-08 16:39:43,881 [INFO] Parsed holdings: [{'account_number': '311245509955', 'asset_code': 'ADA', 'total_quantity': '176.470000000000000000', 'quantity_available_for_trading': '176.470000000000000000'}, {'account_number': '311245509955', 'asset_code': 'DOGE', 'total_quantity': '8959.000000000000000000', 'quantity_available_for_trading': '8959.000000000000000000'}]
2025-03-08 16:39:43,881 [INFO] Processing holding (type <class 'dict'>): {'account_number': '311245509955', 'asset_code': 'ADA', 'total_quantity': '176.470000000000000000', 'quantity_available_for_trading': '176.470000000000000000'}
2025-03-08 16:39:43,881 [ERROR] No average buy price for ADA-USD; skipping.
2025-03-08 16:39:43,881 [INFO] Processing holding (type <class 'dict'>): {'account_number': '311245509955', 'asset_code': 'DOGE', 'total_quantity': '8959.000000000000000000', 'quantity_available_for_trading': '8959.000000000000000000'}
2025-03-08 16:39:43,881 [ERROR] No average buy price for DOGE-USD; skipping.
2025-03-08 16:40:14,261 [INFO] API Response (GET https://trading.robinhood.com/api/v1/crypto/trading/accounts/): 200 - {"account_number":"311245509955","status":"active","buying_power":"179.2300","buying_power_currency":"USD"}
2025-03-08 16:40:14,764 [INFO] Buying Power Available: $179.23
2025-03-08 16:40:14,888 [INFO] API Response (GET https://trading.robinhood.com/api/v1/crypto/marketdata/best_bid_ask/?symbol=BTC-USD): 200 - {"results":[{"symbol":"BTC-USD","timestamp":"2025-03-08T22:40:14.889218369Z","price":"86158.55","bid_inclusive_of_sell_spread":"86159.1","sell_spread":"0.00000638","ask_inclusive_of_buy_spread":"86158","buy_spread":"0.00000638"}]}
2025-03-08 16:40:15,547 [INFO] Indicators for BTC-USD (15min) | MACD: -2.8874, Signal: 13.4789, Volume Condition: True (Current: 34.09513251, Avg10: 17.88)
2025-03-08 16:40:15,547 [INFO] BTC-USD (15min) | MACD: -2.8874, Signal: 13.4789, Volume Condition: True, Price: $86158.0
2025-03-08 16:40:15,547 [INFO] [91mBullish MACD crossover or volume condition not met for BTC-USD. No trade executed.[0m
2025-03-08 16:40:15,758 [INFO] API Response (GET https://trading.robinhood.com/api/v1/crypto/trading/accounts/): 200 - {"account_number":"311245509955","status":"active","buying_power":"179.2300","buying_power_currency":"USD"}
2025-03-08 16:40:16,264 [INFO] Buying Power Available: $179.23
2025-03-08 16:40:16,389 [INFO] API Response (GET https://trading.robinhood.com/api/v1/crypto/marketdata/best_bid_ask/?symbol=ETH-USD): 200 - {"results":[{"symbol":"ETH-USD","timestamp":"2025-03-08T22:40:16.391561322Z","price":"2207.36","bid_inclusive_of_sell_spread":"2207.42","sell_spread":"0.00002718","ask_inclusive_of_buy_spread":"2207.3","buy_spread":"0.00002718"}]}
2025-03-08 16:40:17,157 [INFO] Indicators for ETH-USD (15min) | MACD: 6.4845, Signal: 9.5607, Volume Condition: False (Current: 280.80310342, Avg10: 412.17)
2025-03-08 16:40:17,158 [INFO] ETH-USD (15min) | MACD: 6.4845, Signal: 9.5607, Volume Condition: False, Price: $2207.3
2025-03-08 16:40:17,158 [INFO] [91mBullish MACD crossover or volume condition not met for ETH-USD. No trade executed.[0m
2025-03-08 16:40:17,367 [INFO] API Response (GET https://trading.robinhood.com/api/v1/crypto/trading/accounts/): 200 - {"account_number":"311245509955","status":"active","buying_power":"179.2300","buying_power_currency":"USD"}
2025-03-08 16:40:17,873 [INFO] Buying Power Available: $179.23
2025-03-08 16:40:17,994 [INFO] API Response (GET https://trading.robinhood.com/api/v1/crypto/marketdata/best_bid_ask/?symbol=LTC-USD): 200 - {"results":[{"symbol":"LTC-USD","timestamp":"2025-03-08T22:40:17.996145898Z","price":"103.305","bid_inclusive_of_sell_spread":"103.3","sell_spread":"0.0000484","ask_inclusive_of_buy_spread":"103.31","buy_spread":"0.0000484"}]}
2025-03-08 16:40:18,747 [INFO] Indicators for LTC-USD (15min) | MACD: -0.1920, Signal: -0.0978, Volume Condition: False (Current: 1322.34505218, Avg10: 1153.92)
2025-03-08 16:40:18,748 [INFO] LTC-USD (15min) | MACD: -0.1920, Signal: -0.0978, Volume Condition: False, Price: $103.31
2025-03-08 16:40:18,749 [INFO] [91mBullish MACD crossover or volume condition not met for LTC-USD. No trade executed.[0m
2025-03-08 16:40:18,976 [INFO] API Response (GET https://trading.robinhood.com/api/v1/crypto/trading/accounts/): 200 - {"account_number":"311245509955","status":"active","buying_power":"179.2300","buying_power_currency":"USD"}
2025-03-08 16:40:19,481 [INFO] Buying Power Available: $179.23
2025-03-08 16:40:19,603 [INFO] API Response (GET https://trading.robinhood.com/api/v1/crypto/marketdata/best_bid_ask/?symbol=DOGE-USD): 200 - {"results":[{"symbol":"DOGE-USD","timestamp":"2025-03-08T22:40:19.605553919Z","price":"0.193375","bid_inclusive_of_sell_spread":"0.19335","sell_spread":"0.00012928","ask_inclusive_of_buy_spread":"0.1934","buy_spread":"0.00012928"}]}
2025-03-08 16:40:20,267 [INFO] Indicators for DOGE-USD (15min) | MACD: -0.0002, Signal: -0.0001, Volume Condition: False (Current: 448645.3, Avg10: 778959.67)
2025-03-08 16:40:20,267 [INFO] DOGE-USD (15min) | MACD: -0.0002, Signal: -0.0001, Volume Condition: False, Price: $0.1934
2025-03-08 16:40:20,267 [INFO] [91mBullish MACD crossover or volume condition not met for DOGE-USD. No trade executed.[0m
2025-03-08 16:40:20,477 [INFO] API Response (GET https://trading.robinhood.com/api/v1/crypto/trading/accounts/): 200 - {"account_number":"311245509955","status":"active","buying_power":"179.2300","buying_power_currency":"USD"}
2025-03-08 16:40:20,983 [INFO] Buying Power Available: $179.23
2025-03-08 16:40:21,111 [INFO] API Response (GET https://trading.robinhood.com/api/v1/crypto/marketdata/best_bid_ask/?symbol=TRUMP-USD): 200 - {"results":[{"symbol":"TRUMP-USD","timestamp":"2025-03-08T22:40:21.113368327Z","price":"12.00678295","bid_inclusive_of_sell_spread":"11.9335659","sell_spread":"0.00609797","ask_inclusive_of_buy_spread":"12.08","buy_spread":"0.00609797"}]}
2025-03-08 16:40:21,779 [INFO] Indicators for TRUMP-USD (15min) | MACD: -0.0102, Signal: -0.0016, Volume Condition: False (Current: 2218.032, Avg10: 4572.97)
2025-03-08 16:40:21,779 [INFO] TRUMP-USD (15min) | MACD: -0.0102, Signal: -0.0016, Volume Condition: False, Price: $12.08
2025-03-08 16:40:21,779 [INFO] [91mBullish MACD crossover or volume condition not met for TRUMP-USD. No trade executed.[0m
2025-03-08 16:40:21,962 [INFO] API Response (GET https://trading.robinhood.com/api/v1/crypto/trading/holdings/): 200 - {"next":null,"previous":null,"results":[{"account_number":"311245509955","asset_code":"ADA","total_quantity":"176.470000000000000000","quantity_available_for_trading":"176.470000000000000000"},{"account_number":"311245509955","asset_code":"DOGE","total_quantity":"8959.000000000000000000","quantity_available_for_trading":"8959.000000000000000000"}]}
2025-03-08 16:40:22,465 [INFO] Raw holdings response: {'next': None, 'previous': None, 'results': [{'account_number': '311245509955', 'asset_code': 'ADA', 'total_quantity': '176.470000000000000000', 'quantity_available_for_trading': '176.470000000000000000'}, {'account_number': '311245509955', 'asset_code': 'DOGE', 'total_quantity': '8959.000000000000000000', 'quantity_available_for_trading': '8959.000000000000000000'}]}
2025-03-08 16:40:22,465 [INFO] Parsed holdings: [{'account_number': '311245509955', 'asset_code': 'ADA', 'total_quantity': '176.470000000000000000', 'quantity_available_for_trading': '176.470000000000000000'}, {'account_number': '311245509955', 'asset_code': 'DOGE', 'total_quantity': '8959.000000000000000000', 'quantity_available_for_trading': '8959.000000000000000000'}]
2025-03-08 16:40:22,465 [INFO] Processing holding (type <class 'dict'>): {'account_number': '311245509955', 'asset_code': 'ADA', 'total_quantity': '176.470000000000000000', 'quantity_available_for_trading': '176.470000000000000000'}
2025-03-08 16:40:22,466 [ERROR] No average buy price for ADA-USD; skipping.
2025-03-08 16:40:22,466 [INFO] Processing holding (type <class 'dict'>): {'account_number': '311245509955', 'asset_code': 'DOGE', 'total_quantity': '8959.000000000000000000', 'quantity_available_for_trading': '8959.000000000000000000'}
2025-03-08 16:40:22,466 [ERROR] No average buy price for DOGE-USD; skipping.
2025-03-08 16:40:52,807 [INFO] API Response (GET https://trading.robinhood.com/api/v1/crypto/trading/accounts/): 200 - {"account_number":"311245509955","status":"active","buying_power":"179.2300","buying_power_currency":"USD"}
2025-03-08 16:40:53,309 [INFO] Buying Power Available: $179.23
2025-03-08 16:40:53,432 [INFO] API Response (GET https://trading.robinhood.com/api/v1/crypto/marketdata/best_bid_ask/?symbol=BTC-USD): 200 - {"results":[{"symbol":"BTC-USD","timestamp":"2025-03-08T22:40:53.432554853Z","price":"86140.775","bid_inclusive_of_sell_spread":"86141.55","sell_spread":"0.000009","ask_inclusive_of_buy_spread":"86140","buy_spread":"0.000009"}]}
2025-03-08 16:40:54,177 [INFO] Indicators for BTC-USD (15min) | MACD: -0.5836, Signal: 13.9397, Volume Condition: True (Current: 35.04334846, Avg10: 17.88)
2025-03-08 16:40:54,178 [INFO] BTC-USD (15min) | MACD: -0.5836, Signal: 13.9397, Volume Condition: True, Price: $86140.0
2025-03-08 16:40:54,178 [INFO] [91mBullish MACD crossover or volume condition not met for BTC-USD. No trade executed.[0m
2025-03-08 16:40:54,398 [INFO] API Response (GET https://trading.robinhood.com/api/v1/crypto/trading/accounts/): 200 - {"account_number":"311245509955","status":"active","buying_power":"179.2300","buying_power_currency":"USD"}
2025-03-08 16:40:54,903 [INFO] Buying Power Available: $179.23
2025-03-08 16:40:55,025 [INFO] API Response (GET https://trading.robinhood.com/api/v1/crypto/marketdata/best_bid_ask/?symbol=ETH-USD): 200 - {"results":[{"symbol":"ETH-USD","timestamp":"2025-03-08T22:40:55.027074809Z","price":"2205.95","bid_inclusive_of_sell_spread":"2206","sell_spread":"0.00002267","ask_inclusive_of_buy_spread":"2205.9","buy_spread":"0.00002267"}]}
2025-03-08 16:40:55,737 [INFO] Indicators for ETH-USD (15min) | MACD: 6.5275, Signal: 9.5693, Volume Condition: False (Current: 288.05480481, Avg10: 412.17)
2025-03-08 16:40:55,737 [INFO] ETH-USD (15min) | MACD: 6.5275, Signal: 9.5693, Volume Condition: False, Price: $2205.9
2025-03-08 16:40:55,737 [INFO] [91mBullish MACD crossover or volume condition not met for ETH-USD. No trade executed.[0m
2025-03-08 16:40:55,949 [INFO] API Response (GET https://trading.robinhood.com/api/v1/crypto/trading/accounts/): 200 - {"account_number":"311245509955","status":"active","buying_power":"179.2300","buying_power_currency":"USD"}
2025-03-08 16:40:56,454 [INFO] Buying Power Available: $179.23
2025-03-08 16:40:56,582 [INFO] API Response (GET https://trading.robinhood.com/api/v1/crypto/marketdata/best_bid_ask/?symbol=LTC-USD): 200 - {"results":[{"symbol":"LTC-USD","timestamp":"2025-03-08T22:40:56.58470831Z","price":"103.235","bid_inclusive_of_sell_spread":"103.23","sell_spread":"0.00004843","ask_inclusive_of_buy_spread":"103.24","buy_spread":"0.00004843"}]}
2025-03-08 16:40:57,254 [INFO] Indicators for LTC-USD (15min) | MACD: -0.1856, Signal: -0.0966, Volume Condition: False (Current: 1353.23568777, Avg10: 1153.92)
2025-03-08 16:40:57,254 [INFO] LTC-USD (15min) | MACD: -0.1856, Signal: -0.0966, Volume Condition: False, Price: $103.24
2025-03-08 16:40:57,254 [INFO] [91mBullish MACD crossover or volume condition not met for LTC-USD. No trade executed.[0m
2025-03-08 16:40:57,407 [INFO] API Response (GET https://trading.robinhood.com/api/v1/crypto/trading/accounts/): 200 - {"account_number":"311245509955","status":"active","buying_power":"179.2300","buying_power_currency":"USD"}
2025-03-08 16:40:57,912 [INFO] Buying Power Available: $179.23
2025-03-08 16:40:57,971 [INFO] API Response (GET https://trading.robinhood.com/api/v1/crypto/marketdata/best_bid_ask/?symbol=DOGE-USD): 200 - {"results":[{"symbol":"DOGE-USD","timestamp":"2025-03-08T22:40:57.97405751Z","price":"0.1931295","bid_inclusive_of_sell_spread":"0.193124","sell_spread":"0.00002848","ask_inclusive_of_buy_spread":"0.193135","buy_spread":"0.00002848"}]}
2025-03-08 16:40:59,061 [INFO] Indicators for DOGE-USD (15min) | MACD: -0.0002, Signal: -0.0001, Volume Condition: False (Current: 453936.6, Avg10: 778959.67)
2025-03-08 16:40:59,061 [INFO] DOGE-USD (15min) | MACD: -0.0002, Signal: -0.0001, Volume Condition: False, Price: $0.193135
2025-03-08 16:40:59,061 [INFO] [91mBullish MACD crossover or volume condition not met for DOGE-USD. No trade executed.[0m
2025-03-08 16:40:59,289 [INFO] API Response (GET https://trading.robinhood.com/api/v1/crypto/trading/accounts/): 200 - {"account_number":"311245509955","status":"active","buying_power":"179.2300","buying_power_currency":"USD"}
2025-03-08 16:40:59,795 [INFO] Buying Power Available: $179.23
2025-03-08 16:40:59,860 [INFO] API Response (GET https://trading.robinhood.com/api/v1/crypto/marketdata/best_bid_ask/?symbol=TRUMP-USD): 200 - {"results":[{"symbol":"TRUMP-USD","timestamp":"2025-03-08T22:40:59.858188558Z","price":"12.002006925","bid_inclusive_of_sell_spread":"11.9257134","sell_spread":"0.00635673","ask_inclusive_of_buy_spread":"12.07830045","buy_spread":"0.00635673"}]}
2025-03-08 16:41:00,526 [INFO] Indicators for TRUMP-USD (15min) | MACD: -0.0102, Signal: -0.0016, Volume Condition: False (Current: 2442.995, Avg10: 4572.97)
2025-03-08 16:41:00,526 [INFO] TRUMP-USD (15min) | MACD: -0.0102, Signal: -0.0016, Volume Condition: False, Price: $12.07830045
2025-03-08 16:41:00,526 [INFO] [91mBullish MACD crossover or volume condition not met for TRUMP-USD. No trade executed.[0m
2025-03-08 16:41:00,685 [INFO] API Response (GET https://trading.robinhood.com/api/v1/crypto/trading/holdings/): 200 - {"next":null,"previous":null,"results":[{"account_number":"311245509955","asset_code":"ADA","total_quantity":"176.470000000000000000","quantity_available_for_trading":"176.470000000000000000"},{"account_number":"311245509955","asset_code":"DOGE","total_quantity":"8959.000000000000000000","quantity_available_for_trading":"8959.000000000000000000"}]}
2025-03-08 16:41:01,191 [INFO] Raw holdings response: {'next': None, 'previous': None, 'results': [{'account_number': '311245509955', 'asset_code': 'ADA', 'total_quantity': '176.470000000000000000', 'quantity_available_for_trading': '176.470000000000000000'}, {'account_number': '311245509955', 'asset_code': 'DOGE', 'total_quantity': '8959.000000000000000000', 'quantity_available_for_trading': '8959.000000000000000000'}]}
2025-03-08 16:41:01,192 [INFO] Parsed holdings: [{'account_number': '311245509955', 'asset_code': 'ADA', 'total_quantity': '176.470000000000000000', 'quantity_available_for_trading': '176.470000000000000000'}, {'account_number': '311245509955', 'asset_code': 'DOGE', 'total_quantity': '8959.000000000000000000', 'quantity_available_for_trading': '8959.000000000000000000'}]
2025-03-08 16:41:01,192 [INFO] Processing holding (type <class 'dict'>): {'account_number': '311245509955', 'asset_code': 'ADA', 'total_quantity': '176.470000000000000000', 'quantity_available_for_trading': '176.470000000000000000'}
2025-03-08 16:41:01,192 [ERROR] No average buy price for ADA-USD; skipping.
2025-03-08 16:41:01,192 [INFO] Processing holding (type <class 'dict'>): {'account_number': '311245509955', 'asset_code': 'DOGE', 'total_quantity': '8959.000000000000000000', 'quantity_available_for_trading': '8959.000000000000000000'}
2025-03-08 16:41:01,192 [ERROR] No average buy price for DOGE-USD; skipping.
2025-03-08 16:41:31,563 [INFO] API Response (GET https://trading.robinhood.com/api/v1/crypto/trading/accounts/): 200 - {"account_number":"311245509955","status":"active","buying_power":"179.2300","buying_power_currency":"USD"}
2025-03-08 16:41:32,069 [INFO] Buying Power Available: $179.23
2025-03-08 16:41:32,134 [INFO] API Response (GET https://trading.robinhood.com/api/v1/crypto/marketdata/best_bid_ask/?symbol=BTC-USD): 200 - {"results":[{"symbol":"BTC-USD","timestamp":"2025-03-08T22:41:32.135738197Z","price":"86145.125","bid_inclusive_of_sell_spread":"86147.25","sell_spread":"0.00002467","ask_inclusive_of_buy_spread":"86143","buy_spread":"0.00002467"}]}
2025-03-08 16:41:32,867 [INFO] Indicators for BTC-USD (15min) | MACD: -1.7826, Signal: 13.6999, Volume Condition: True (Current: 35.39282896, Avg10: 17.88)
2025-03-08 16:41:32,868 [INFO] BTC-USD (15min) | MACD: -1.7826, Signal: 13.6999, Volume Condition: True, Price: $86143.0
2025-03-08 16:41:32,868 [INFO] [91mBullish MACD crossover or volume condition not met for BTC-USD. No trade executed.[0m
2025-03-08 16:41:33,080 [INFO] API Response (GET https://trading.robinhood.com/api/v1/crypto/trading/accounts/): 200 - {"account_number":"311245509955","status":"active","buying_power":"179.2300","buying_power_currency":"USD"}
2025-03-08 16:41:33,582 [INFO] Buying Power Available: $179.23
2025-03-08 16:41:33,706 [INFO] API Response (GET https://trading.robinhood.com/api/v1/crypto/marketdata/best_bid_ask/?symbol=ETH-USD): 200 - {"results":[{"symbol":"ETH-USD","timestamp":"2025-03-08T22:41:33.707780103Z","price":"2205.42","bid_inclusive_of_sell_spread":"2205.4","sell_spread":"0.00000907","ask_inclusive_of_buy_spread":"2205.44","buy_spread":"0.00000907"}]}
2025-03-08 16:41:34,425 [INFO] Indicators for ETH-USD (15min) | MACD: 6.4542, Signal: 9.5547, Volume Condition: False (Current: 293.72516771, Avg10: 412.17)
2025-03-08 16:41:34,426 [INFO] ETH-USD (15min) | MACD: 6.4542, Signal: 9.5547, Volume Condition: False, Price: $2205.44
2025-03-08 16:41:34,426 [INFO] [91mBullish MACD crossover or volume condition not met for ETH-USD. No trade executed.[0m
2025-03-08 16:41:34,643 [INFO] API Response (GET https://trading.robinhood.com/api/v1/crypto/trading/accounts/): 200 - {"account_number":"311245509955","status":"active","buying_power":"179.2300","buying_power_currency":"USD"}
2025-03-08 16:41:35,147 [INFO] Buying Power Available: $179.23
2025-03-08 16:41:35,273 [INFO] API Response (GET https://trading.robinhood.com/api/v1/crypto/marketdata/best_bid_ask/?symbol=LTC-USD): 200 - {"results":[{"symbol":"LTC-USD","timestamp":"2025-03-08T22:41:35.27467151Z","price":"103.255","bid_inclusive_of_sell_spread":"103.25","sell_spread":"0.00004842","ask_inclusive_of_buy_spread":"103.26","buy_spread":"0.00004842"}]}
2025-03-08 16:41:36,187 [INFO] Indicators for LTC-USD (15min) | MACD: -0.1872, Signal: -0.0969, Volume Condition: False (Current: 1355.34258491, Avg10: 1153.92)
2025-03-08 16:41:36,187 [INFO] LTC-USD (15min) | MACD: -0.1872, Signal: -0.0969, Volume Condition: False, Price: $103.26
2025-03-08 16:41:36,187 [INFO] [91mBullish MACD crossover or volume condition not met for LTC-USD. No trade executed.[0m
2025-03-08 16:41:36,348 [INFO] API Response (GET https://trading.robinhood.com/api/v1/crypto/trading/accounts/): 200 - {"account_number":"311245509955","status":"active","buying_power":"179.2300","buying_power_currency":"USD"}
2025-03-08 16:41:36,849 [INFO] Buying Power Available: $179.23
2025-03-08 16:41:36,975 [INFO] API Response (GET https://trading.robinhood.com/api/v1/crypto/marketdata/best_bid_ask/?symbol=DOGE-USD): 200 - {"results":[{"symbol":"DOGE-USD","timestamp":"2025-03-08T22:41:36.977530118Z","price":"0.1930325","bid_inclusive_of_sell_spread":"0.19303","sell_spread":"0.00001295","ask_inclusive_of_buy_spread":"0.193035","buy_spread":"0.00001295"}]}
2025-03-08 16:41:37,651 [INFO] Indicators for DOGE-USD (15min) | MACD: -0.0002, Signal: -0.0001, Volume Condition: False (Current: 502899.7, Avg10: 778959.67)
2025-03-08 16:41:37,652 [INFO] DOGE-USD (15min) | MACD: -0.0002, Signal: -0.0001, Volume Condition: False, Price: $0.193035
2025-03-08 16:41:37,652 [INFO] [91mBullish MACD crossover or volume condition not met for DOGE-USD. No trade executed.[0m
2025-03-08 16:41:37,874 [INFO] API Response (GET https://trading.robinhood.com/api/v1/crypto/trading/accounts/): 200 - {"account_number":"311245509955","status":"active","buying_power":"179.2300","buying_power_currency":"USD"}
2025-03-08 16:41:38,379 [INFO] Buying Power Available: $179.23
2025-03-08 16:41:38,508 [INFO] API Response (GET https://trading.robinhood.com/api/v1/crypto/marketdata/best_bid_ask/?symbol=TRUMP-USD): 200 - {"results":[{"symbol":"TRUMP-USD","timestamp":"2025-03-08T22:41:38.508378953Z","price":"11.99533765","bid_inclusive_of_sell_spread":"11.9206753","sell_spread":"0.00622428","ask_inclusive_of_buy_spread":"12.07","buy_spread":"0.00622428"}]}
2025-03-08 16:41:39,310 [INFO] Indicators for TRUMP-USD (15min) | MACD: -0.0110, Signal: -0.0017, Volume Condition: False (Current: 2448.476, Avg10: 4572.97)
2025-03-08 16:41:39,311 [INFO] TRUMP-USD (15min) | MACD: -0.0110, Signal: -0.0017, Volume Condition: False, Price: $12.07
2025-03-08 16:41:39,311 [INFO] [91mBullish MACD crossover or volume condition not met for TRUMP-USD. No trade executed.[0m
2025-03-08 16:41:39,464 [INFO] API Response (GET https://trading.robinhood.com/api/v1/crypto/trading/holdings/): 200 - {"next":null,"previous":null,"results":[{"account_number":"311245509955","asset_code":"ADA","total_quantity":"176.470000000000000000","quantity_available_for_trading":"176.470000000000000000"},{"account_number":"311245509955","asset_code":"DOGE","total_quantity":"8959.000000000000000000","quantity_available_for_trading":"8959.000000000000000000"}]}
2025-03-08 16:41:39,969 [INFO] Raw holdings response: {'next': None, 'previous': None, 'results': [{'account_number': '311245509955', 'asset_code': 'ADA', 'total_quantity': '176.470000000000000000', 'quantity_available_for_trading': '176.470000000000000000'}, {'account_number': '311245509955', 'asset_code': 'DOGE', 'total_quantity': '8959.000000000000000000', 'quantity_available_for_trading': '8959.000000000000000000'}]}
2025-03-08 16:41:39,969 [INFO] Parsed holdings: [{'account_number': '311245509955', 'asset_code': 'ADA', 'total_quantity': '176.470000000000000000', 'quantity_available_for_trading': '176.470000000000000000'}, {'account_number': '311245509955', 'asset_code': 'DOGE', 'total_quantity': '8959.000000000000000000', 'quantity_available_for_trading': '8959.000000000000000000'}]
2025-03-08 16:41:39,970 [INFO] Processing holding (type <class 'dict'>): {'account_number': '311245509955', 'asset_code': 'ADA', 'total_quantity': '176.470000000000000000', 'quantity_available_for_trading': '176.470000000000000000'}
2025-03-08 16:41:39,970 [ERROR] No average buy price for ADA-USD; skipping.
2025-03-08 16:41:39,970 [INFO] Processing holding (type <class 'dict'>): {'account_number': '311245509955', 'asset_code': 'DOGE', 'total_quantity': '8959.000000000000000000', 'quantity_available_for_trading': '8959.000000000000000000'}
2025-03-08 16:41:39,970 [ERROR] No average buy price for DOGE-USD; skipping.
2025-03-08 16:50:40,152 [ERROR] Error making API request: HTTPSConnectionPool(host='trading.robinhood.com', port=443): Read timed out. (read timeout=10)
2025-03-08 16:50:40,152 [ERROR] Could not fetch buying power.
2025-03-08 16:50:40,152 [ERROR] Not enough buying power for trading: $0.0
2025-03-08 16:50:40,907 [INFO] API Response (GET https://trading.robinhood.com/api/v1/crypto/trading/accounts/): 200 - {"account_number":"311245509955","status":"active","buying_power":"179.2300","buying_power_currency":"USD"}
2025-03-08 16:50:41,415 [INFO] Buying Power Available: $179.23
2025-03-08 16:50:41,540 [INFO] API Response (GET https://trading.robinhood.com/api/v1/crypto/marketdata/best_bid_ask/?symbol=ETH-USD): 200 - {"results":[{"symbol":"ETH-USD","timestamp":"2025-03-08T22:50:41.53593246Z","price":"2207.73","bid_inclusive_of_sell_spread":"2207.8","sell_spread":"0.00003171","ask_inclusive_of_buy_spread":"2207.66","buy_spread":"0.00003171"}]}
2025-03-08 16:50:42,535 [INFO] Indicators for ETH-USD (15min) | MACD: 5.6132, Signal: 8.7661, Volume Condition: False (Current: 83.02150184, Avg10: 380.58)
2025-03-08 16:50:42,536 [INFO] ETH-USD (15min) | MACD: 5.6132, Signal: 8.7661, Volume Condition: False, Price: $2207.66
2025-03-08 16:50:42,536 [INFO] [91mBullish MACD crossover or volume condition not met for ETH-USD. No trade executed.[0m
2025-03-08 16:50:42,748 [INFO] API Response (GET https://trading.robinhood.com/api/v1/crypto/trading/accounts/): 200 - {"account_number":"311245509955","status":"active","buying_power":"179.2300","buying_power_currency":"USD"}
2025-03-08 16:50:43,255 [INFO] Buying Power Available: $179.23
2025-03-08 16:50:43,374 [INFO] API Response (GET https://trading.robinhood.com/api/v1/crypto/marketdata/best_bid_ask/?symbol=LTC-USD): 200 - {"results":[{"symbol":"LTC-USD","timestamp":"2025-03-08T22:50:43.370229905Z","price":"103.005","bid_inclusive_of_sell_spread":"103","sell_spread":"0.00004854","ask_inclusive_of_buy_spread":"103.01","buy_spread":"0.00004854"}]}
2025-03-08 16:50:44,040 [INFO] Indicators for LTC-USD (15min) | MACD: -0.2314, Signal: -0.1247, Volume Condition: False (Current: 417.04429242, Avg10: 1213.97)
2025-03-08 16:50:44,040 [INFO] LTC-USD (15min) | MACD: -0.2314, Signal: -0.1247, Volume Condition: False, Price: $103.01
2025-03-08 16:50:44,040 [INFO] [91mBullish MACD crossover or volume condition not met for LTC-USD. No trade executed.[0m
2025-03-08 16:50:44,250 [INFO] API Response (GET https://trading.robinhood.com/api/v1/crypto/trading/accounts/): 200 - {"account_number":"311245509955","status":"active","buying_power":"179.2300","buying_power_currency":"USD"}
2025-03-08 16:50:44,754 [INFO] Buying Power Available: $179.23
2025-03-08 16:50:44,879 [INFO] API Response (GET https://trading.robinhood.com/api/v1/crypto/marketdata/best_bid_ask/?symbol=DOGE-USD): 200 - {"results":[{"symbol":"DOGE-USD","timestamp":"2025-03-08T22:50:44.875708955Z","price":"0.193045","bid_inclusive_of_sell_spread":"0.19303","sell_spread":"0.0000777","ask_inclusive_of_buy_spread":"0.19306","buy_spread":"0.0000777"}]}
2025-03-08 16:50:45,636 [INFO] Indicators for DOGE-USD (15min) | MACD: -0.0003, Signal: -0.0001, Volume Condition: False (Current: 62101.8, Avg10: 773047.97)
2025-03-08 16:50:45,636 [INFO] DOGE-USD (15min) | MACD: -0.0003, Signal: -0.0001, Volume Condition: False, Price: $0.19306
2025-03-08 16:50:45,637 [INFO] [91mBullish MACD crossover or volume condition not met for DOGE-USD. No trade executed.[0m
2025-03-08 16:50:45,860 [INFO] API Response (GET https://trading.robinhood.com/api/v1/crypto/trading/accounts/): 200 - {"account_number":"311245509955","status":"active","buying_power":"179.2300","buying_power_currency":"USD"}
2025-03-08 16:50:46,361 [INFO] Buying Power Available: $179.23
2025-03-08 16:50:46,486 [INFO] API Response (GET https://trading.robinhood.com/api/v1/crypto/marketdata/best_bid_ask/?symbol=TRUMP-USD): 200 - {"results":[{"symbol":"TRUMP-USD","timestamp":"2025-03-08T22:50:46.480309774Z","price":"12.030251125","bid_inclusive_of_sell_spread":"11.9543923","sell_spread":"0.00630567","ask_inclusive_of_buy_spread":"12.10610995","buy_spread":"0.00630567"}]}
2025-03-08 17:08:07,759 [INFO] Indicators for TRUMP-USD (15min) | MACD: -0.0065, Signal: -0.0035, Volume Condition: False (Current: 1139.075, Avg10: 4502.13)
2025-03-08 17:08:07,760 [INFO] TRUMP-USD (15min) | MACD: -0.0065, Signal: -0.0035, Volume Condition: False, Price: $12.10610995
2025-03-08 17:08:07,760 [INFO] [91mBullish MACD crossover or volume condition not met for TRUMP-USD. No trade executed.[0m
2025-03-08 17:25:41,247 [ERROR] Error making API request: HTTPSConnectionPool(host='trading.robinhood.com', port=443): Read timed out. (read timeout=10)
2025-03-08 17:25:41,247 [INFO] Raw holdings response: None
2025-03-08 17:25:41,248 [INFO] Parsed holdings: None
2025-03-08 17:25:41,248 [INFO] No holdings found in portfolio.
2025-03-08 18:02:23,803 [ERROR] Error making API request: HTTPSConnectionPool(host='trading.robinhood.com', port=443): Max retries exceeded with url: /api/v1/crypto/trading/accounts/ (Caused by NameResolutionError("<urllib3.connection.HTTPSConnection object at 0x1106d0f50>: Failed to resolve 'trading.robinhood.com' ([Errno 8] nodename nor servname provided, or not known)"))
2025-03-08 18:02:23,804 [ERROR] Could not fetch buying power.
2025-03-08 18:02:23,804 [ERROR] Not enough buying power for trading: $0.0
2025-03-08 18:02:23,808 [ERROR] Error making API request: HTTPSConnectionPool(host='trading.robinhood.com', port=443): Max retries exceeded with url: /api/v1/crypto/trading/accounts/ (Caused by NameResolutionError("<urllib3.connection.HTTPSConnection object at 0x110cb0a50>: Failed to resolve 'trading.robinhood.com' ([Errno 8] nodename nor servname provided, or not known)"))
2025-03-08 18:02:23,808 [ERROR] Could not fetch buying power.
2025-03-08 18:02:23,808 [ERROR] Not enough buying power for trading: $0.0
2025-03-08 18:02:23,813 [ERROR] Error making API request: HTTPSConnectionPool(host='trading.robinhood.com', port=443): Max retries exceeded with url: /api/v1/crypto/trading/accounts/ (Caused by NameResolutionError("<urllib3.connection.HTTPSConnection object at 0x110cb0910>: Failed to resolve 'trading.robinhood.com' ([Errno 8] nodename nor servname provided, or not known)"))
2025-03-08 18:02:23,814 [ERROR] Could not fetch buying power.
2025-03-08 18:02:23,814 [ERROR] Not enough buying power for trading: $0.0
2025-03-08 18:02:23,816 [ERROR] Error making API request: HTTPSConnectionPool(host='trading.robinhood.com', port=443): Max retries exceeded with url: /api/v1/crypto/trading/accounts/ (Caused by NameResolutionError("<urllib3.connection.HTTPSConnection object at 0x110cb0f50>: Failed to resolve 'trading.robinhood.com' ([Errno 8] nodename nor servname provided, or not known)"))
2025-03-08 18:02:23,816 [ERROR] Could not fetch buying power.
2025-03-08 18:02:23,816 [ERROR] Not enough buying power for trading: $0.0
2025-03-08 18:02:23,819 [ERROR] Error making API request: HTTPSConnectionPool(host='trading.robinhood.com', port=443): Max retries exceeded with url: /api/v1/crypto/trading/accounts/ (Caused by NameResolutionError("<urllib3.connection.HTTPSConnection object at 0x110cb1310>: Failed to resolve 'trading.robinhood.com' ([Errno 8] nodename nor servname provided, or not known)"))
2025-03-08 18:02:23,819 [ERROR] Could not fetch buying power.
2025-03-08 18:02:23,819 [ERROR] Not enough buying power for trading: $0.0
2025-03-08 18:02:23,820 [ERROR] Error making API request: HTTPSConnectionPool(host='trading.robinhood.com', port=443): Max retries exceeded with url: /api/v1/crypto/trading/holdings/ (Caused by NameResolutionError("<urllib3.connection.HTTPSConnection object at 0x110cb16d0>: Failed to resolve 'trading.robinhood.com' ([Errno 8] nodename nor servname provided, or not known)"))
2025-03-08 18:02:23,820 [INFO] Raw holdings response: None
2025-03-08 18:02:23,820 [INFO] Parsed holdings: None
2025-03-08 18:02:23,820 [INFO] No holdings found in portfolio.
2025-03-08 18:25:25,961 [INFO] API Response (GET https://trading.robinhood.com/api/v1/crypto/trading/accounts/): 200 - {"account_number":"311245509955","status":"active","buying_power":"179.2300","buying_power_currency":"USD"}
2025-03-08 18:25:26,470 [INFO] Buying Power Available: $179.23
2025-03-08 18:25:26,596 [INFO] API Response (GET https://trading.robinhood.com/api/v1/crypto/marketdata/best_bid_ask/?symbol=BTC-USD): 200 - {"results":[{"symbol":"BTC-USD","timestamp":"2025-03-09T00:25:26.655364291Z","price":"86301.5","bid_inclusive_of_sell_spread":"86303","sell_spread":"0.00001738","ask_inclusive_of_buy_spread":"86300","buy_spread":"0.00001738"}]}
2025-03-08 18:25:27,327 [INFO] Indicators for BTC-USD (15min) | MACD: 22.7096, Signal: 15.4813, Volume Condition: False (Current: 18.44857556, Avg10: 21.62)
2025-03-08 18:25:27,327 [INFO] BTC-USD (15min) | MACD: 22.7096, Signal: 15.4813, Volume Condition: False, Price: $86300.0
2025-03-08 18:25:27,327 [INFO] [91mBullish MACD crossover or volume condition not met for BTC-USD. No trade executed.[0m
2025-03-08 18:25:27,560 [INFO] API Response (GET https://trading.robinhood.com/api/v1/crypto/trading/accounts/): 200 - {"account_number":"311245509955","status":"active","buying_power":"179.2300","buying_power_currency":"USD"}
2025-03-08 18:25:28,064 [INFO] Buying Power Available: $179.23
2025-03-08 18:25:28,196 [INFO] API Response (GET https://trading.robinhood.com/api/v1/crypto/marketdata/best_bid_ask/?symbol=ETH-USD): 200 - {"results":[{"symbol":"ETH-USD","timestamp":"2025-03-09T00:25:28.252941089Z","price":"2205.555","bid_inclusive_of_sell_spread":"2205.51","sell_spread":"0.0000204","ask_inclusive_of_buy_spread":"2205.6","buy_spread":"0.0000204"}]}
2025-03-08 18:25:29,000 [INFO] Indicators for ETH-USD (15min) | MACD: 1.7015, Signal: 4.0523, Volume Condition: False (Current: 173.13457382, Avg10: 412.88)
2025-03-08 18:25:29,001 [INFO] ETH-USD (15min) | MACD: 1.7015, Signal: 4.0523, Volume Condition: False, Price: $2205.6
2025-03-08 18:25:29,001 [INFO] [91mBullish MACD crossover or volume condition not met for ETH-USD. No trade executed.[0m
2025-03-08 18:25:29,225 [INFO] API Response (GET https://trading.robinhood.com/api/v1/crypto/trading/accounts/): 200 - {"account_number":"311245509955","status":"active","buying_power":"179.2300","buying_power_currency":"USD"}
2025-03-08 18:25:29,735 [INFO] Buying Power Available: $179.23
2025-03-08 18:25:29,799 [INFO] API Response (GET https://trading.robinhood.com/api/v1/crypto/marketdata/best_bid_ask/?symbol=LTC-USD): 200 - {"results":[{"symbol":"LTC-USD","timestamp":"2025-03-09T00:25:29.859944387Z","price":"102.32","bid_inclusive_of_sell_spread":"102.29","sell_spread":"0.0002932","ask_inclusive_of_buy_spread":"102.35","buy_spread":"0.0002932"}]}
2025-03-08 18:25:30,833 [INFO] Indicators for LTC-USD (15min) | MACD: -0.4880, Signal: -0.3609, Volume Condition: False (Current: 722.66142836, Avg10: 5502.86)
2025-03-08 18:25:30,834 [INFO] LTC-USD (15min) | MACD: -0.4880, Signal: -0.3609, Volume Condition: False, Price: $102.35
2025-03-08 18:25:30,834 [INFO] [91mBullish MACD crossover or volume condition not met for LTC-USD. No trade executed.[0m
2025-03-08 18:25:31,127 [INFO] API Response (GET https://trading.robinhood.com/api/v1/crypto/trading/accounts/): 200 - {"account_number":"311245509955","status":"active","buying_power":"179.2300","buying_power_currency":"USD"}
2025-03-08 18:25:31,636 [INFO] Buying Power Available: $179.23
2025-03-08 18:25:31,769 [INFO] API Response (GET https://trading.robinhood.com/api/v1/crypto/marketdata/best_bid_ask/?symbol=DOGE-USD): 200 - {"results":[{"symbol":"DOGE-USD","timestamp":"2025-03-09T00:25:31.828771542Z","price":"0.193067","bid_inclusive_of_sell_spread":"0.193054","sell_spread":"0.00006733","ask_inclusive_of_buy_spread":"0.19308","buy_spread":"0.00006733"}]}
2025-03-08 18:25:32,504 [INFO] Indicators for DOGE-USD (15min) | MACD: -0.0004, Signal: -0.0004, Volume Condition: False (Current: 475171.1, Avg10: 965123.12)
2025-03-08 18:25:32,505 [INFO] DOGE-USD (15min) | MACD: -0.0004, Signal: -0.0004, Volume Condition: False, Price: $0.19308
2025-03-08 18:25:32,505 [INFO] [91mBullish MACD crossover or volume condition not met for DOGE-USD. No trade executed.[0m
2025-03-08 18:25:32,738 [INFO] API Response (GET https://trading.robinhood.com/api/v1/crypto/trading/accounts/): 200 - {"account_number":"311245509955","status":"active","buying_power":"179.2300","buying_power_currency":"USD"}
2025-03-08 18:25:33,248 [INFO] Buying Power Available: $179.23
2025-03-08 18:25:33,308 [INFO] API Response (GET https://trading.robinhood.com/api/v1/crypto/marketdata/best_bid_ask/?symbol=TRUMP-USD): 200 - {"results":[{"symbol":"TRUMP-USD","timestamp":"2025-03-09T00:25:33.375376302Z","price":"12.05380682","bid_inclusive_of_sell_spread":"11.97761364","sell_spread":"0.00632109","ask_inclusive_of_buy_spread":"12.13","buy_spread":"0.00632109"}]}
2025-03-08 18:25:34,365 [INFO] Indicators for TRUMP-USD (15min) | MACD: -0.0001, Signal: -0.0024, Volume Condition: False (Current: 584.711, Avg10: 5202.14)
2025-03-08 18:25:34,365 [INFO] TRUMP-USD (15min) | MACD: -0.0001, Signal: -0.0024, Volume Condition: False, Price: $12.13
2025-03-08 18:25:34,365 [INFO] [91mBullish MACD crossover or volume condition not met for TRUMP-USD. No trade executed.[0m
2025-03-08 18:25:34,457 [INFO] API Response (GET https://trading.robinhood.com/api/v1/crypto/trading/holdings/): 200 - {"next":null,"previous":null,"results":[{"account_number":"311245509955","asset_code":"ADA","total_quantity":"176.470000000000000000","quantity_available_for_trading":"176.470000000000000000"},{"account_number":"311245509955","asset_code":"DOGE","total_quantity":"8959.000000000000000000","quantity_available_for_trading":"8959.000000000000000000"}]}
2025-03-08 18:33:56,326 [INFO] Raw holdings response: {'next': None, 'previous': None, 'results': [{'account_number': '311245509955', 'asset_code': 'ADA', 'total_quantity': '176.470000000000000000', 'quantity_available_for_trading': '176.470000000000000000'}, {'account_number': '311245509955', 'asset_code': 'DOGE', 'total_quantity': '8959.000000000000000000', 'quantity_available_for_trading': '8959.000000000000000000'}]}
2025-03-08 18:33:56,326 [INFO] Parsed holdings: [{'account_number': '311245509955', 'asset_code': 'ADA', 'total_quantity': '176.470000000000000000', 'quantity_available_for_trading': '176.470000000000000000'}, {'account_number': '311245509955', 'asset_code': 'DOGE', 'total_quantity': '8959.000000000000000000', 'quantity_available_for_trading': '8959.000000000000000000'}]
2025-03-08 18:33:56,326 [INFO] Processing holding (type <class 'dict'>): {'account_number': '311245509955', 'asset_code': 'ADA', 'total_quantity': '176.470000000000000000', 'quantity_available_for_trading': '176.470000000000000000'}
2025-03-08 18:33:56,326 [ERROR] No average buy price for ADA-USD; skipping.
2025-03-08 18:33:56,326 [INFO] Processing holding (type <class 'dict'>): {'account_number': '311245509955', 'asset_code': 'DOGE', 'total_quantity': '8959.000000000000000000', 'quantity_available_for_trading': '8959.000000000000000000'}
2025-03-08 18:33:56,326 [ERROR] No average buy price for DOGE-USD; skipping.
2025-03-08 18:59:32,545 [ERROR] Error making API request: HTTPSConnectionPool(host='trading.robinhood.com', port=443): Read timed out. (read timeout=10)
2025-03-08 18:59:32,546 [ERROR] Could not fetch buying power.
2025-03-08 18:59:32,546 [ERROR] Not enough buying power for trading: $0.0
2025-03-08 18:59:32,971 [INFO] API Response (GET https://trading.robinhood.com/api/v1/crypto/trading/accounts/): 200 - {"account_number":"311245509955","status":"active","buying_power":"179.2300","buying_power_currency":"USD"}
2025-03-08 18:59:33,473 [INFO] Buying Power Available: $179.23
2025-03-08 18:59:33,619 [INFO] API Response (GET https://trading.robinhood.com/api/v1/crypto/marketdata/best_bid_ask/?symbol=ETH-USD): 200 - {"results":[{"symbol":"ETH-USD","timestamp":"2025-03-09T00:59:33.735806748Z","price":"2205.855","bid_inclusive_of_sell_spread":"2205.91","sell_spread":"0.00002493","ask_inclusive_of_buy_spread":"2205.8","buy_spread":"0.00002493"}]}
2025-03-08 18:59:34,584 [INFO] Indicators for ETH-USD (15min) | MACD: 1.3027, Signal: 3.0835, Volume Condition: False (Current: 283.19845242, Avg10: 350.59)
2025-03-08 18:59:34,584 [INFO] ETH-USD (15min) | MACD: 1.3027, Signal: 3.0835, Volume Condition: False, Price: $2205.8
2025-03-08 18:59:34,584 [INFO] [91mBullish MACD crossover or volume condition not met for ETH-USD. No trade executed.[0m
2025-03-08 18:59:34,797 [INFO] API Response (GET https://trading.robinhood.com/api/v1/crypto/trading/accounts/): 200 - {"account_number":"311245509955","status":"active","buying_power":"179.2300","buying_power_currency":"USD"}
2025-03-08 18:59:35,308 [INFO] Buying Power Available: $179.23
2025-03-08 18:59:35,434 [INFO] API Response (GET https://trading.robinhood.com/api/v1/crypto/marketdata/best_bid_ask/?symbol=LTC-USD): 200 - {"results":[{"symbol":"LTC-USD","timestamp":"2025-03-09T00:59:35.54940656Z","price":"102.435","bid_inclusive_of_sell_spread":"102.41","sell_spread":"0.00024406","ask_inclusive_of_buy_spread":"102.46","buy_spread":"0.00024406"}]}
2025-03-08 18:59:36,387 [INFO] Indicators for LTC-USD (15min) | MACD: -0.4700, Signal: -0.4023, Volume Condition: False (Current: 880.72443666, Avg10: 5481.41)
2025-03-08 18:59:36,388 [INFO] LTC-USD (15min) | MACD: -0.4700, Signal: -0.4023, Volume Condition: False, Price: $102.46
2025-03-08 18:59:36,388 [INFO] [91mBullish MACD crossover or volume condition not met for LTC-USD. No trade executed.[0m
2025-03-08 18:59:36,603 [INFO] API Response (GET https://trading.robinhood.com/api/v1/crypto/trading/accounts/): 200 - {"account_number":"311245509955","status":"active","buying_power":"179.2300","buying_power_currency":"USD"}
2025-03-08 18:59:37,113 [INFO] Buying Power Available: $179.23
2025-03-08 18:59:37,236 [INFO] API Response (GET https://trading.robinhood.com/api/v1/crypto/marketdata/best_bid_ask/?symbol=DOGE-USD): 200 - {"results":[{"symbol":"DOGE-USD","timestamp":"2025-03-09T00:59:37.353644781Z","price":"0.19329","bid_inclusive_of_sell_spread":"0.19327","sell_spread":"0.00010347","ask_inclusive_of_buy_spread":"0.19331","buy_spread":"0.00010347"}]}
2025-03-08 18:59:38,168 [INFO] Indicators for DOGE-USD (15min) | MACD: -0.0003, Signal: -0.0004, Volume Condition: False (Current: 415522.7, Avg10: 1028946.00)
2025-03-08 18:59:38,169 [INFO] DOGE-USD (15min) | MACD: -0.0003, Signal: -0.0004, Volume Condition: False, Price: $0.19331
2025-03-08 18:59:38,169 [INFO] [91mBullish MACD crossover or volume condition not met for DOGE-USD. No trade executed.[0m
2025-03-08 18:59:38,390 [INFO] API Response (GET https://trading.robinhood.com/api/v1/crypto/trading/accounts/): 200 - {"account_number":"311245509955","status":"active","buying_power":"179.2300","buying_power_currency":"USD"}
2025-03-08 19:16:15,919 [INFO] Buying Power Available: $179.23
2025-03-08 19:22:24,764 [ERROR] Error making API request: HTTPSConnectionPool(host='trading.robinhood.com', port=443): Read timed out. (read timeout=10)
2025-03-08 19:22:24,765 [ERROR] Unable to fetch ticker for TRUMP-USD
2025-03-08 19:22:25,034 [INFO] API Response (GET https://trading.robinhood.com/api/v1/crypto/trading/holdings/): 200 - {"next":null,"previous":null,"results":[{"account_number":"311245509955","asset_code":"ADA","total_quantity":"176.470000000000000000","quantity_available_for_trading":"176.470000000000000000"},{"account_number":"311245509955","asset_code":"DOGE","total_quantity":"8959.000000000000000000","quantity_available_for_trading":"8959.000000000000000000"}]}
2025-03-08 19:22:25,543 [INFO] Raw holdings response: {'next': None, 'previous': None, 'results': [{'account_number': '311245509955', 'asset_code': 'ADA', 'total_quantity': '176.470000000000000000', 'quantity_available_for_trading': '176.470000000000000000'}, {'account_number': '311245509955', 'asset_code': 'DOGE', 'total_quantity': '8959.000000000000000000', 'quantity_available_for_trading': '8959.000000000000000000'}]}
2025-03-08 19:22:25,543 [INFO] Parsed holdings: [{'account_number': '311245509955', 'asset_code': 'ADA', 'total_quantity': '176.470000000000000000', 'quantity_available_for_trading': '176.470000000000000000'}, {'account_number': '311245509955', 'asset_code': 'DOGE', 'total_quantity': '8959.000000000000000000', 'quantity_available_for_trading': '8959.000000000000000000'}]
2025-03-08 19:22:25,543 [INFO] Processing holding (type <class 'dict'>): {'account_number': '311245509955', 'asset_code': 'ADA', 'total_quantity': '176.470000000000000000', 'quantity_available_for_trading': '176.470000000000000000'}
2025-03-08 19:22:25,543 [ERROR] No average buy price for ADA-USD; skipping.
2025-03-08 19:22:25,544 [INFO] Processing holding (type <class 'dict'>): {'account_number': '311245509955', 'asset_code': 'DOGE', 'total_quantity': '8959.000000000000000000', 'quantity_available_for_trading': '8959.000000000000000000'}
2025-03-08 19:22:25,544 [ERROR] No average buy price for DOGE-USD; skipping.
2025-03-08 20:43:13,359 [ERROR] Error making API request: HTTPSConnectionPool(host='trading.robinhood.com', port=443): Read timed out. (read timeout=10)
2025-03-08 20:43:13,361 [ERROR] Could not fetch buying power.
2025-03-08 20:43:13,361 [ERROR] Not enough buying power for trading: $0.0
2025-03-08 20:43:13,745 [INFO] API Response (GET https://trading.robinhood.com/api/v1/crypto/trading/accounts/): 200 - {"account_number":"311245509955","status":"active","buying_power":"179.2300","buying_power_currency":"USD"}
2025-03-08 20:43:14,250 [INFO] Buying Power Available: $179.23
2025-03-08 20:43:14,377 [INFO] API Response (GET https://trading.robinhood.com/api/v1/crypto/marketdata/best_bid_ask/?symbol=ETH-USD): 200 - {"results":[{"symbol":"ETH-USD","timestamp":"2025-03-09T02:43:14.46631241Z","price":"2186.065","bid_inclusive_of_sell_spread":"2186.23","sell_spread":"0.00007548","ask_inclusive_of_buy_spread":"2185.9","buy_spread":"0.00007548"}]}
2025-03-08 20:43:15,325 [INFO] Indicators for ETH-USD (15min) | MACD: -3.0904, Signal: -0.4942, Volume Condition: False (Current: 262.66353644, Avg10: 337.33)
2025-03-08 20:43:15,327 [INFO] ETH-USD (15min) | MACD: -3.0904, Signal: -0.4942, Volume Condition: False, Price: $2185.9
2025-03-08 20:43:15,327 [INFO] [91mBullish MACD crossover or volume condition not met for ETH-USD. No trade executed.[0m
2025-03-08 20:43:15,552 [INFO] API Response (GET https://trading.robinhood.com/api/v1/crypto/trading/accounts/): 200 - {"account_number":"311245509955","status":"active","buying_power":"179.2300","buying_power_currency":"USD"}
2025-03-08 20:43:16,057 [INFO] Buying Power Available: $179.23
2025-03-08 20:43:16,185 [INFO] API Response (GET https://trading.robinhood.com/api/v1/crypto/marketdata/best_bid_ask/?symbol=LTC-USD): 200 - {"results":[{"symbol":"LTC-USD","timestamp":"2025-03-09T02:43:16.276719048Z","price":"101.425","bid_inclusive_of_sell_spread":"101.4","sell_spread":"0.00024649","ask_inclusive_of_buy_spread":"101.45","buy_spread":"0.00024649"}]}
2025-03-08 20:43:17,128 [INFO] Indicators for LTC-USD (15min) | MACD: -0.5848, Signal: -0.5150, Volume Condition: False (Current: 714.91731043, Avg10: 1663.17)
2025-03-08 20:43:17,128 [INFO] LTC-USD (15min) | MACD: -0.5848, Signal: -0.5150, Volume Condition: False, Price: $101.45
2025-03-08 20:43:17,129 [INFO] [91mBullish MACD crossover or volume condition not met for LTC-USD. No trade executed.[0m
2025-03-08 20:43:17,356 [INFO] API Response (GET https://trading.robinhood.com/api/v1/crypto/trading/accounts/): 200 - {"account_number":"311245509955","status":"active","buying_power":"179.2300","buying_power_currency":"USD"}
2025-03-08 20:43:17,861 [INFO] Buying Power Available: $179.23
2025-03-08 20:43:17,992 [INFO] API Response (GET https://trading.robinhood.com/api/v1/crypto/marketdata/best_bid_ask/?symbol=DOGE-USD): 200 - {"results":[{"symbol":"DOGE-USD","timestamp":"2025-03-09T02:43:18.084423852Z","price":"0.190495","bid_inclusive_of_sell_spread":"0.19047","sell_spread":"0.00013124","ask_inclusive_of_buy_spread":"0.19052","buy_spread":"0.00013124"}]}
2025-03-08 20:43:18,805 [INFO] Indicators for DOGE-USD (15min) | MACD: -0.0006, Signal: -0.0004, Volume Condition: False (Current: 765997.8, Avg10: 1035676.46)
2025-03-08 20:43:18,806 [INFO] DOGE-USD (15min) | MACD: -0.0006, Signal: -0.0004, Volume Condition: False, Price: $0.19052
2025-03-08 20:43:18,806 [INFO] [91mBullish MACD crossover or volume condition not met for DOGE-USD. No trade executed.[0m
2025-03-08 20:43:19,024 [INFO] API Response (GET https://trading.robinhood.com/api/v1/crypto/trading/accounts/): 200 - {"account_number":"311245509955","status":"active","buying_power":"179.2300","buying_power_currency":"USD"}
2025-03-08 20:43:19,528 [INFO] Buying Power Available: $179.23
2025-03-08 20:43:19,650 [INFO] API Response (GET https://trading.robinhood.com/api/v1/crypto/marketdata/best_bid_ask/?symbol=TRUMP-USD): 200 - {"results":[{"symbol":"TRUMP-USD","timestamp":"2025-03-09T02:43:19.742665984Z","price":"12.036470445","bid_inclusive_of_sell_spread":"11.96110139","sell_spread":"0.00626172","ask_inclusive_of_buy_spread":"12.1118395","buy_spread":"0.00626172"}]}
2025-03-08 20:43:20,645 [INFO] Indicators for TRUMP-USD (15min) | MACD: 0.0087, Signal: 0.0084, Volume Condition: False (Current: 1063.983, Avg10: 2297.09)
2025-03-08 20:43:20,645 [INFO] TRUMP-USD (15min) | MACD: 0.0087, Signal: 0.0084, Volume Condition: False, Price: $12.1118395
2025-03-08 20:43:20,645 [INFO] [91mBullish MACD crossover or volume condition not met for TRUMP-USD. No trade executed.[0m
2025-03-08 20:43:20,841 [INFO] API Response (GET https://trading.robinhood.com/api/v1/crypto/trading/holdings/): 200 - {"next":null,"previous":null,"results":[{"account_number":"311245509955","asset_code":"ADA","total_quantity":"176.470000000000000000","quantity_available_for_trading":"176.470000000000000000"},{"account_number":"311245509955","asset_code":"DOGE","total_quantity":"8959.000000000000000000","quantity_available_for_trading":"8959.000000000000000000"}]}
2025-03-08 20:43:21,345 [INFO] Raw holdings response: {'next': None, 'previous': None, 'results': [{'account_number': '311245509955', 'asset_code': 'ADA', 'total_quantity': '176.470000000000000000', 'quantity_available_for_trading': '176.470000000000000000'}, {'account_number': '311245509955', 'asset_code': 'DOGE', 'total_quantity': '8959.000000000000000000', 'quantity_available_for_trading': '8959.000000000000000000'}]}
2025-03-08 20:43:21,346 [INFO] Parsed holdings: [{'account_number': '311245509955', 'asset_code': 'ADA', 'total_quantity': '176.470000000000000000', 'quantity_available_for_trading': '176.470000000000000000'}, {'account_number': '311245509955', 'asset_code': 'DOGE', 'total_quantity': '8959.000000000000000000', 'quantity_available_for_trading': '8959.000000000000000000'}]
2025-03-08 20:43:21,346 [INFO] Processing holding (type <class 'dict'>): {'account_number': '311245509955', 'asset_code': 'ADA', 'total_quantity': '176.470000000000000000', 'quantity_available_for_trading': '176.470000000000000000'}
2025-03-08 20:43:21,346 [ERROR] No average buy price for ADA-USD; skipping.
2025-03-08 20:43:21,346 [INFO] Processing holding (type <class 'dict'>): {'account_number': '311245509955', 'asset_code': 'DOGE', 'total_quantity': '8959.000000000000000000', 'quantity_available_for_trading': '8959.000000000000000000'}
2025-03-08 20:43:21,346 [ERROR] No average buy price for DOGE-USD; skipping.
2025-03-08 20:43:51,757 [INFO] API Response (GET https://trading.robinhood.com/api/v1/crypto/trading/accounts/): 200 - {"account_number":"311245509955","status":"active","buying_power":"179.2300","buying_power_currency":"USD"}
2025-03-08 20:43:52,261 [INFO] Buying Power Available: $179.23
2025-03-08 20:43:52,496 [INFO] API Response (GET https://trading.robinhood.com/api/v1/crypto/marketdata/best_bid_ask/?symbol=BTC-USD): 200 - {"results":[{"symbol":"BTC-USD","timestamp":"2025-03-09T02:43:52.537547987Z","price":"86146.8","bid_inclusive_of_sell_spread":"86148.6","sell_spread":"0.00002089","ask_inclusive_of_buy_spread":"86145","buy_spread":"0.00002089"}]}
2025-03-08 20:43:53,552 [INFO] Indicators for BTC-USD (15min) | MACD: -4.4449, Signal: 15.5792, Volume Condition: False (Current: 20.07473235, Avg10: 20.37)
2025-03-08 20:43:53,553 [INFO] BTC-USD (15min) | MACD: -4.4449, Signal: 15.5792, Volume Condition: False, Price: $86145.0
2025-03-08 20:43:53,553 [INFO] [91mBullish MACD crossover or volume condition not met for BTC-USD. No trade executed.[0m
2025-03-08 20:43:53,818 [INFO] API Response (GET https://trading.robinhood.com/api/v1/crypto/trading/accounts/): 200 - {"account_number":"311245509955","status":"active","buying_power":"179.2300","buying_power_currency":"USD"}
2025-03-08 20:43:54,318 [INFO] Buying Power Available: $179.23
2025-03-08 20:43:54,525 [INFO] API Response (GET https://trading.robinhood.com/api/v1/crypto/marketdata/best_bid_ask/?symbol=ETH-USD): 200 - {"results":[{"symbol":"ETH-USD","timestamp":"2025-03-09T02:43:54.570418535Z","price":"2186.22","bid_inclusive_of_sell_spread":"2186.24","sell_spread":"0.00000915","ask_inclusive_of_buy_spread":"2186.2","buy_spread":"0.00000915"}]}
2025-03-08 20:43:55,355 [INFO] Indicators for ETH-USD (15min) | MACD: -3.0904, Signal: -0.4942, Volume Condition: False (Current: 275.13137298, Avg10: 337.33)
2025-03-08 20:43:55,356 [INFO] ETH-USD (15min) | MACD: -3.0904, Signal: -0.4942, Volume Condition: False, Price: $2186.2
2025-03-08 20:43:55,356 [INFO] [91mBullish MACD crossover or volume condition not met for ETH-USD. No trade executed.[0m
2025-03-08 20:43:55,573 [INFO] API Response (GET https://trading.robinhood.com/api/v1/crypto/trading/accounts/): 200 - {"account_number":"311245509955","status":"active","buying_power":"179.2300","buying_power_currency":"USD"}
2025-03-08 20:43:56,075 [INFO] Buying Power Available: $179.23
2025-03-08 20:43:56,198 [INFO] API Response (GET https://trading.robinhood.com/api/v1/crypto/marketdata/best_bid_ask/?symbol=LTC-USD): 200 - {"results":[{"symbol":"LTC-USD","timestamp":"2025-03-09T02:43:56.294811834Z","price":"101.435","bid_inclusive_of_sell_spread":"101.42","sell_spread":"0.00014788","ask_inclusive_of_buy_spread":"101.45","buy_spread":"0.00014788"}]}
2025-03-08 20:43:57,112 [INFO] Indicators for LTC-USD (15min) | MACD: -0.5840, Signal: -0.5148, Volume Condition: False (Current: 746.34812805, Avg10: 1663.17)
2025-03-08 20:43:57,112 [INFO] LTC-USD (15min) | MACD: -0.5840, Signal: -0.5148, Volume Condition: False, Price: $101.45
2025-03-08 20:43:57,112 [INFO] [91mBullish MACD crossover or volume condition not met for LTC-USD. No trade executed.[0m
2025-03-08 20:43:57,351 [INFO] API Response (GET https://trading.robinhood.com/api/v1/crypto/trading/accounts/): 200 - {"account_number":"311245509955","status":"active","buying_power":"179.2300","buying_power_currency":"USD"}
2025-03-08 20:43:57,856 [INFO] Buying Power Available: $179.23
2025-03-08 20:43:57,980 [INFO] API Response (GET https://trading.robinhood.com/api/v1/crypto/marketdata/best_bid_ask/?symbol=DOGE-USD): 200 - {"results":[{"symbol":"DOGE-USD","timestamp":"2025-03-09T02:43:58.075586324Z","price":"0.190412","bid_inclusive_of_sell_spread":"0.19036","sell_spread":"0.00027309","ask_inclusive_of_buy_spread":"0.190464","buy_spread":"0.00027309"}]}
2025-03-08 20:43:59,099 [INFO] Indicators for DOGE-USD (15min) | MACD: -0.0006, Signal: -0.0004, Volume Condition: False (Current: 839123.9, Avg10: 1035676.46)
2025-03-08 20:43:59,099 [INFO] DOGE-USD (15min) | MACD: -0.0006, Signal: -0.0004, Volume Condition: False, Price: $0.190464
2025-03-08 20:43:59,099 [INFO] [91mBullish MACD crossover or volume condition not met for DOGE-USD. No trade executed.[0m
2025-03-08 20:43:59,319 [INFO] API Response (GET https://trading.robinhood.com/api/v1/crypto/trading/accounts/): 200 - {"account_number":"311245509955","status":"active","buying_power":"179.2300","buying_power_currency":"USD"}
2025-03-08 20:43:59,825 [INFO] Buying Power Available: $179.23
2025-03-08 20:43:59,946 [INFO] API Response (GET https://trading.robinhood.com/api/v1/crypto/marketdata/best_bid_ask/?symbol=TRUMP-USD): 200 - {"results":[{"symbol":"TRUMP-USD","timestamp":"2025-03-09T02:44:00.04333166Z","price":"12.0350192","bid_inclusive_of_sell_spread":"11.96","sell_spread":"0.00623341","ask_inclusive_of_buy_spread":"12.1100384","buy_spread":"0.00623341"}]}
2025-03-08 20:44:00,717 [INFO] Indicators for TRUMP-USD (15min) | MACD: 0.0095, Signal: 0.0085, Volume Condition: False (Current: 1066.862, Avg10: 2297.09)
2025-03-08 20:44:00,717 [INFO] TRUMP-USD (15min) | MACD: 0.0095, Signal: 0.0085, Volume Condition: False, Price: $12.1100384
2025-03-08 20:44:00,717 [INFO] [91mBullish MACD crossover or volume condition not met for TRUMP-USD. No trade executed.[0m
2025-03-08 20:44:00,881 [INFO] API Response (GET https://trading.robinhood.com/api/v1/crypto/trading/holdings/): 200 - {"next":null,"previous":null,"results":[{"account_number":"311245509955","asset_code":"ADA","total_quantity":"176.470000000000000000","quantity_available_for_trading":"176.470000000000000000"},{"account_number":"311245509955","asset_code":"DOGE","total_quantity":"8959.000000000000000000","quantity_available_for_trading":"8959.000000000000000000"}]}
2025-03-08 20:44:01,387 [INFO] Raw holdings response: {'next': None, 'previous': None, 'results': [{'account_number': '311245509955', 'asset_code': 'ADA', 'total_quantity': '176.470000000000000000', 'quantity_available_for_trading': '176.470000000000000000'}, {'account_number': '311245509955', 'asset_code': 'DOGE', 'total_quantity': '8959.000000000000000000', 'quantity_available_for_trading': '8959.000000000000000000'}]}
2025-03-08 20:44:01,387 [INFO] Parsed holdings: [{'account_number': '311245509955', 'asset_code': 'ADA', 'total_quantity': '176.470000000000000000', 'quantity_available_for_trading': '176.470000000000000000'}, {'account_number': '311245509955', 'asset_code': 'DOGE', 'total_quantity': '8959.000000000000000000', 'quantity_available_for_trading': '8959.000000000000000000'}]
2025-03-08 20:44:01,387 [INFO] Processing holding (type <class 'dict'>): {'account_number': '311245509955', 'asset_code': 'ADA', 'total_quantity': '176.470000000000000000', 'quantity_available_for_trading': '176.470000000000000000'}
2025-03-08 20:44:01,388 [ERROR] No average buy price for ADA-USD; skipping.
2025-03-08 20:44:01,388 [INFO] Processing holding (type <class 'dict'>): {'account_number': '311245509955', 'asset_code': 'DOGE', 'total_quantity': '8959.000000000000000000', 'quantity_available_for_trading': '8959.000000000000000000'}
2025-03-08 20:44:01,388 [ERROR] No average buy price for DOGE-USD; skipping.
2025-03-08 20:44:31,755 [INFO] API Response (GET https://trading.robinhood.com/api/v1/crypto/trading/accounts/): 200 - {"account_number":"311245509955","status":"active","buying_power":"179.2300","buying_power_currency":"USD"}
2025-03-08 20:44:32,258 [INFO] Buying Power Available: $179.23
2025-03-08 20:44:32,395 [INFO] API Response (GET https://trading.robinhood.com/api/v1/crypto/marketdata/best_bid_ask/?symbol=BTC-USD): 200 - {"results":[{"symbol":"BTC-USD","timestamp":"2025-03-09T02:44:32.491340683Z","price":"86129.65","bid_inclusive_of_sell_spread":"86133.3","sell_spread":"0.00004238","ask_inclusive_of_buy_spread":"86126","buy_spread":"0.00004238"}]}
2025-03-08 20:44:33,466 [INFO] Indicators for BTC-USD (15min) | MACD: -6.7192, Signal: 15.1243, Volume Condition: False (Current: 20.37977338, Avg10: 20.37)
2025-03-08 20:44:33,466 [INFO] BTC-USD (15min) | MACD: -6.7192, Signal: 15.1243, Volume Condition: False, Price: $86126.0
2025-03-08 20:44:33,466 [INFO] [91mBullish MACD crossover or volume condition not met for BTC-USD. No trade executed.[0m
2025-03-08 20:44:33,699 [INFO] API Response (GET https://trading.robinhood.com/api/v1/crypto/trading/accounts/): 200 - {"account_number":"311245509955","status":"active","buying_power":"179.2300","buying_power_currency":"USD"}
2025-03-08 20:44:34,203 [INFO] Buying Power Available: $179.23
2025-03-08 20:44:34,330 [INFO] API Response (GET https://trading.robinhood.com/api/v1/crypto/marketdata/best_bid_ask/?symbol=ETH-USD): 200 - {"results":[{"symbol":"ETH-USD","timestamp":"2025-03-09T02:44:34.425372867Z","price":"2186.435","bid_inclusive_of_sell_spread":"2186.47","sell_spread":"0.00001601","ask_inclusive_of_buy_spread":"2186.4","buy_spread":"0.00001601"}]}
2025-03-08 20:44:35,134 [INFO] Indicators for ETH-USD (15min) | MACD: -3.0800, Signal: -0.4922, Volume Condition: False (Current: 278.90627663, Avg10: 337.33)
2025-03-08 20:44:35,134 [INFO] ETH-USD (15min) | MACD: -3.0800, Signal: -0.4922, Volume Condition: False, Price: $2186.4
2025-03-08 20:44:35,134 [INFO] [91mBullish MACD crossover or volume condition not met for ETH-USD. No trade executed.[0m
2025-03-08 20:44:35,372 [INFO] API Response (GET https://trading.robinhood.com/api/v1/crypto/trading/accounts/): 200 - {"account_number":"311245509955","status":"active","buying_power":"179.2300","buying_power_currency":"USD"}
2025-03-08 20:44:35,877 [INFO] Buying Power Available: $179.23
2025-03-08 20:44:36,004 [INFO] API Response (GET https://trading.robinhood.com/api/v1/crypto/marketdata/best_bid_ask/?symbol=LTC-USD): 200 - {"results":[{"symbol":"LTC-USD","timestamp":"2025-03-09T02:44:36.098561785Z","price":"101.39","bid_inclusive_of_sell_spread":"101.37","sell_spread":"0.00019726","ask_inclusive_of_buy_spread":"101.41","buy_spread":"0.00019726"}]}
2025-03-08 20:44:36,883 [INFO] Indicators for LTC-USD (15min) | MACD: -0.5864, Signal: -0.5153, Volume Condition: False (Current: 811.75615295, Avg10: 1663.17)
2025-03-08 20:44:36,883 [INFO] LTC-USD (15min) | MACD: -0.5864, Signal: -0.5153, Volume Condition: False, Price: $101.41
2025-03-08 20:44:36,883 [INFO] [91mBullish MACD crossover or volume condition not met for LTC-USD. No trade executed.[0m
2025-03-08 20:44:37,098 [INFO] API Response (GET https://trading.robinhood.com/api/v1/crypto/trading/accounts/): 200 - {"account_number":"311245509955","status":"active","buying_power":"179.2300","buying_power_currency":"USD"}
2025-03-08 20:44:37,604 [INFO] Buying Power Available: $179.23
2025-03-08 20:44:37,750 [INFO] API Response (GET https://trading.robinhood.com/api/v1/crypto/marketdata/best_bid_ask/?symbol=DOGE-USD): 200 - {"results":[{"symbol":"DOGE-USD","timestamp":"2025-03-09T02:44:37.843499555Z","price":"0.19044","bid_inclusive_of_sell_spread":"0.19042","sell_spread":"0.00010502","ask_inclusive_of_buy_spread":"0.19046","buy_spread":"0.00010502"}]}
2025-03-08 20:44:38,766 [INFO] Indicators for DOGE-USD (15min) | MACD: -0.0006, Signal: -0.0004, Volume Condition: False (Current: 886797.8, Avg10: 1035676.46)
2025-03-08 20:44:38,767 [INFO] DOGE-USD (15min) | MACD: -0.0006, Signal: -0.0004, Volume Condition: False, Price: $0.19046
2025-03-08 20:44:38,767 [INFO] [91mBullish MACD crossover or volume condition not met for DOGE-USD. No trade executed.[0m
2025-03-08 20:44:39,062 [INFO] API Response (GET https://trading.robinhood.com/api/v1/crypto/trading/accounts/): 200 - {"account_number":"311245509955","status":"active","buying_power":"179.2300","buying_power_currency":"USD"}
2025-03-08 20:44:39,564 [INFO] Buying Power Available: $179.23
2025-03-08 20:44:39,686 [INFO] API Response (GET https://trading.robinhood.com/api/v1/crypto/marketdata/best_bid_ask/?symbol=TRUMP-USD): 200 - {"results":[{"symbol":"TRUMP-USD","timestamp":"2025-03-09T02:44:39.784163017Z","price":"12.0353863","bid_inclusive_of_sell_spread":"11.9600399","sell_spread":"0.00626041","ask_inclusive_of_buy_spread":"12.1107327","buy_spread":"0.00626041"}]}
2025-03-08 20:44:40,689 [INFO] Indicators for TRUMP-USD (15min) | MACD: 0.0095, Signal: 0.0085, Volume Condition: False (Current: 1066.862, Avg10: 2297.09)
2025-03-08 20:44:40,689 [INFO] TRUMP-USD (15min) | MACD: 0.0095, Signal: 0.0085, Volume Condition: False, Price: $12.1107327
2025-03-08 20:44:40,689 [INFO] [91mBullish MACD crossover or volume condition not met for TRUMP-USD. No trade executed.[0m
2025-03-08 20:44:40,842 [INFO] API Response (GET https://trading.robinhood.com/api/v1/crypto/trading/holdings/): 200 - {"next":null,"previous":null,"results":[{"account_number":"311245509955","asset_code":"ADA","total_quantity":"176.470000000000000000","quantity_available_for_trading":"176.470000000000000000"},{"account_number":"311245509955","asset_code":"DOGE","total_quantity":"8959.000000000000000000","quantity_available_for_trading":"8959.000000000000000000"}]}
2025-03-08 20:44:41,343 [INFO] Raw holdings response: {'next': None, 'previous': None, 'results': [{'account_number': '311245509955', 'asset_code': 'ADA', 'total_quantity': '176.470000000000000000', 'quantity_available_for_trading': '176.470000000000000000'}, {'account_number': '311245509955', 'asset_code': 'DOGE', 'total_quantity': '8959.000000000000000000', 'quantity_available_for_trading': '8959.000000000000000000'}]}
2025-03-08 20:44:41,343 [INFO] Parsed holdings: [{'account_number': '311245509955', 'asset_code': 'ADA', 'total_quantity': '176.470000000000000000', 'quantity_available_for_trading': '176.470000000000000000'}, {'account_number': '311245509955', 'asset_code': 'DOGE', 'total_quantity': '8959.000000000000000000', 'quantity_available_for_trading': '8959.000000000000000000'}]
2025-03-08 20:44:41,344 [INFO] Processing holding (type <class 'dict'>): {'account_number': '311245509955', 'asset_code': 'ADA', 'total_quantity': '176.470000000000000000', 'quantity_available_for_trading': '176.470000000000000000'}
2025-03-08 20:44:41,344 [ERROR] No average buy price for ADA-USD; skipping.
2025-03-08 20:44:41,344 [INFO] Processing holding (type <class 'dict'>): {'account_number': '311245509955', 'asset_code': 'DOGE', 'total_quantity': '8959.000000000000000000', 'quantity_available_for_trading': '8959.000000000000000000'}
2025-03-08 20:44:41,344 [ERROR] No average buy price for DOGE-USD; skipping.
2025-03-08 20:45:11,695 [INFO] API Response (GET https://trading.robinhood.com/api/v1/crypto/trading/accounts/): 200 - {"account_number":"311245509955","status":"active","buying_power":"179.2300","buying_power_currency":"USD"}
2025-03-08 20:45:12,197 [INFO] Buying Power Available: $179.23
2025-03-08 20:45:12,354 [INFO] API Response (GET https://trading.robinhood.com/api/v1/crypto/marketdata/best_bid_ask/?symbol=BTC-USD): 200 - {"results":[{"symbol":"BTC-USD","timestamp":"2025-03-09T02:45:12.446113293Z","price":"86099.3","bid_inclusive_of_sell_spread":"86100.6","sell_spread":"0.0000151","ask_inclusive_of_buy_spread":"86098","buy_spread":"0.0000151"}]}
2025-03-08 20:45:13,327 [INFO] Indicators for BTC-USD (15min) | MACD: -14.6039, Signal: 9.5976, Volume Condition: False (Current: 0.07002237, Avg10: 20.51)
2025-03-08 20:45:13,327 [INFO] BTC-USD (15min) | MACD: -14.6039, Signal: 9.5976, Volume Condition: False, Price: $86098.0
2025-03-08 20:45:13,327 [INFO] [91mBullish MACD crossover or volume condition not met for BTC-USD. No trade executed.[0m
2025-03-08 20:45:13,484 [INFO] API Response (GET https://trading.robinhood.com/api/v1/crypto/trading/accounts/): 200 - {"account_number":"311245509955","status":"active","buying_power":"179.2300","buying_power_currency":"USD"}
2025-03-08 20:45:13,988 [INFO] Buying Power Available: $179.23
2025-03-08 20:45:14,118 [INFO] API Response (GET https://trading.robinhood.com/api/v1/crypto/marketdata/best_bid_ask/?symbol=ETH-USD): 200 - {"results":[{"symbol":"ETH-USD","timestamp":"2025-03-09T02:45:14.21393988Z","price":"2185.095","bid_inclusive_of_sell_spread":"2185.09","sell_spread":"0.00000229","ask_inclusive_of_buy_spread":"2185.1","buy_spread":"0.00000229"}]}
2025-03-08 20:45:14,909 [INFO] Indicators for ETH-USD (15min) | MACD: -3.7731, Signal: -1.1388, Volume Condition: False (Current: 1.30361585, Avg10: 336.08)
2025-03-08 20:45:14,909 [INFO] ETH-USD (15min) | MACD: -3.7731, Signal: -1.1388, Volume Condition: False, Price: $2185.1
2025-03-08 20:45:14,910 [INFO] [91mBullish MACD crossover or volume condition not met for ETH-USD. No trade executed.[0m
2025-03-08 20:45:15,128 [INFO] API Response (GET https://trading.robinhood.com/api/v1/crypto/trading/accounts/): 200 - {"account_number":"311245509955","status":"active","buying_power":"179.2300","buying_power_currency":"USD"}
2025-03-08 20:45:15,630 [INFO] Buying Power Available: $179.23
2025-03-08 20:45:15,760 [INFO] API Response (GET https://trading.robinhood.com/api/v1/crypto/marketdata/best_bid_ask/?symbol=LTC-USD): 200 - {"results":[{"symbol":"LTC-USD","timestamp":"2025-03-09T02:45:15.855930434Z","price":"101.365","bid_inclusive_of_sell_spread":"101.34","sell_spread":"0.00024663","ask_inclusive_of_buy_spread":"101.39","buy_spread":"0.00024663"}]}
2025-03-08 20:45:16,746 [INFO] Indicators for LTC-USD (15min) | MACD: -0.5834, Signal: -0.5283, Volume Condition: False (Current: 26.42664304, Avg10: 1580.47)
2025-03-08 20:45:16,746 [INFO] LTC-USD (15min) | MACD: -0.5834, Signal: -0.5283, Volume Condition: False, Price: $101.39
2025-03-08 20:45:16,746 [INFO] [91mBullish MACD crossover or volume condition not met for LTC-USD. No trade executed.[0m
2025-03-08 20:45:16,978 [INFO] API Response (GET https://trading.robinhood.com/api/v1/crypto/trading/accounts/): 200 - {"account_number":"311245509955","status":"active","buying_power":"179.2300","buying_power_currency":"USD"}
2025-03-08 20:45:17,480 [INFO] Buying Power Available: $179.23
2025-03-08 20:45:17,605 [INFO] API Response (GET https://trading.robinhood.com/api/v1/crypto/marketdata/best_bid_ask/?symbol=DOGE-USD): 200 - {"results":[{"symbol":"DOGE-USD","timestamp":"2025-03-09T02:45:17.699490762Z","price":"0.190265","bid_inclusive_of_sell_spread":"0.19024","sell_spread":"0.0001314","ask_inclusive_of_buy_spread":"0.19029","buy_spread":"0.0001314"}]}
2025-03-08 20:45:18,600 [INFO] Indicators for DOGE-USD (15min) | MACD: -0.0007, Signal: -0.0005, Volume Condition: False (Current: 42173.4, Avg10: 1038777.49)
2025-03-08 20:45:18,601 [INFO] DOGE-USD (15min) | MACD: -0.0007, Signal: -0.0005, Volume Condition: False, Price: $0.19029
2025-03-08 20:45:18,601 [INFO] [91mBullish MACD crossover or volume condition not met for DOGE-USD. No trade executed.[0m
2025-03-08 20:45:18,761 [INFO] API Response (GET https://trading.robinhood.com/api/v1/crypto/trading/accounts/): 200 - {"account_number":"311245509955","status":"active","buying_power":"179.2300","buying_power_currency":"USD"}
2025-03-08 20:45:19,267 [INFO] Buying Power Available: $179.23
2025-03-08 20:45:19,387 [INFO] API Response (GET https://trading.robinhood.com/api/v1/crypto/marketdata/best_bid_ask/?symbol=TRUMP-USD): 200 - {"results":[{"symbol":"TRUMP-USD","timestamp":"2025-03-09T02:45:19.485954534Z","price":"12.03879765","bid_inclusive_of_sell_spread":"11.9631475","sell_spread":"0.00628386","ask_inclusive_of_buy_spread":"12.1144478","buy_spread":"0.00628386"}]}
2025-03-08 20:45:20,177 [INFO] Indicators for TRUMP-USD (15min) | MACD: 0.0096, Signal: 0.0087, Volume Condition: False (Current: 1149.088, Avg10: 2297.09)
2025-03-08 20:45:20,177 [INFO] TRUMP-USD (15min) | MACD: 0.0096, Signal: 0.0087, Volume Condition: False, Price: $12.1144478
2025-03-08 20:45:20,177 [INFO] [91mBullish MACD crossover or volume condition not met for TRUMP-USD. No trade executed.[0m
2025-03-08 20:45:20,340 [INFO] API Response (GET https://trading.robinhood.com/api/v1/crypto/trading/holdings/): 200 - {"next":null,"previous":null,"results":[{"account_number":"311245509955","asset_code":"ADA","total_quantity":"176.470000000000000000","quantity_available_for_trading":"176.470000000000000000"},{"account_number":"311245509955","asset_code":"DOGE","total_quantity":"8959.000000000000000000","quantity_available_for_trading":"8959.000000000000000000"}]}
2025-03-08 20:45:20,845 [INFO] Raw holdings response: {'next': None, 'previous': None, 'results': [{'account_number': '311245509955', 'asset_code': 'ADA', 'total_quantity': '176.470000000000000000', 'quantity_available_for_trading': '176.470000000000000000'}, {'account_number': '311245509955', 'asset_code': 'DOGE', 'total_quantity': '8959.000000000000000000', 'quantity_available_for_trading': '8959.000000000000000000'}]}
2025-03-08 20:45:20,845 [INFO] Parsed holdings: [{'account_number': '311245509955', 'asset_code': 'ADA', 'total_quantity': '176.470000000000000000', 'quantity_available_for_trading': '176.470000000000000000'}, {'account_number': '311245509955', 'asset_code': 'DOGE', 'total_quantity': '8959.000000000000000000', 'quantity_available_for_trading': '8959.000000000000000000'}]
2025-03-08 20:45:20,845 [INFO] Processing holding (type <class 'dict'>): {'account_number': '311245509955', 'asset_code': 'ADA', 'total_quantity': '176.470000000000000000', 'quantity_available_for_trading': '176.470000000000000000'}
2025-03-08 20:45:20,845 [ERROR] No average buy price for ADA-USD; skipping.
2025-03-08 20:45:20,845 [INFO] Processing holding (type <class 'dict'>): {'account_number': '311245509955', 'asset_code': 'DOGE', 'total_quantity': '8959.000000000000000000', 'quantity_available_for_trading': '8959.000000000000000000'}
2025-03-08 20:45:20,846 [ERROR] No average buy price for DOGE-USD; skipping.
2025-03-08 20:45:51,297 [INFO] API Response (GET https://trading.robinhood.com/api/v1/crypto/trading/accounts/): 200 - {"account_number":"311245509955","status":"active","buying_power":"179.2300","buying_power_currency":"USD"}
2025-03-08 20:45:51,803 [INFO] Buying Power Available: $179.23
2025-03-08 20:45:51,929 [INFO] API Response (GET https://trading.robinhood.com/api/v1/crypto/marketdata/best_bid_ask/?symbol=BTC-USD): 200 - {"results":[{"symbol":"BTC-USD","timestamp":"2025-03-09T02:45:52.028471169Z","price":"86098.25","bid_inclusive_of_sell_spread":"86098.5","sell_spread":"0.0000029","ask_inclusive_of_buy_spread":"86098","buy_spread":"0.0000029"}]}
2025-03-08 20:45:52,683 [INFO] Indicators for BTC-USD (15min) | MACD: -14.7635, Signal: 9.5657, Volume Condition: False (Current: 1.63632724, Avg10: 20.51)
2025-03-08 20:45:52,684 [INFO] BTC-USD (15min) | MACD: -14.7635, Signal: 9.5657, Volume Condition: False, Price: $86098.0
2025-03-08 20:45:52,684 [INFO] [91mBullish MACD crossover or volume condition not met for BTC-USD. No trade executed.[0m
2025-03-08 20:45:52,930 [INFO] API Response (GET https://trading.robinhood.com/api/v1/crypto/trading/accounts/): 200 - {"account_number":"311245509955","status":"active","buying_power":"179.2300","buying_power_currency":"USD"}
2025-03-08 20:45:53,436 [INFO] Buying Power Available: $179.23
2025-03-08 20:45:53,557 [INFO] API Response (GET https://trading.robinhood.com/api/v1/crypto/marketdata/best_bid_ask/?symbol=ETH-USD): 200 - {"results":[{"symbol":"ETH-USD","timestamp":"2025-03-09T02:45:53.655664847Z","price":"2187.155","bid_inclusive_of_sell_spread":"2187.21","sell_spread":"0.00002515","ask_inclusive_of_buy_spread":"2187.1","buy_spread":"0.00002515"}]}
2025-03-08 20:45:54,577 [INFO] Indicators for ETH-USD (15min) | MACD: -3.6438, Signal: -1.1130, Volume Condition: False (Current: 32.06640136, Avg10: 336.08)
2025-03-08 20:45:54,577 [INFO] ETH-USD (15min) | MACD: -3.6438, Signal: -1.1130, Volume Condition: False, Price: $2187.1
2025-03-08 20:45:54,577 [INFO] [91mBullish MACD crossover or volume condition not met for ETH-USD. No trade executed.[0m
2025-03-08 20:45:54,795 [INFO] API Response (GET https://trading.robinhood.com/api/v1/crypto/trading/accounts/): 200 - {"account_number":"311245509955","status":"active","buying_power":"179.2300","buying_power_currency":"USD"}
2025-03-08 20:45:55,299 [INFO] Buying Power Available: $179.23
2025-03-08 20:45:55,424 [INFO] API Response (GET https://trading.robinhood.com/api/v1/crypto/marketdata/best_bid_ask/?symbol=LTC-USD): 200 - {"results":[{"symbol":"LTC-USD","timestamp":"2025-03-09T02:45:55.518116972Z","price":"101.47","bid_inclusive_of_sell_spread":"101.45","sell_spread":"0.0001971","ask_inclusive_of_buy_spread":"101.49","buy_spread":"0.0001971"}]}
2025-03-08 20:45:56,188 [INFO] Indicators for LTC-USD (15min) | MACD: -0.5794, Signal: -0.5275, Volume Condition: False (Current: 37.90368148, Avg10: 1580.47)
2025-03-08 20:45:56,188 [INFO] LTC-USD (15min) | MACD: -0.5794, Signal: -0.5275, Volume Condition: False, Price: $101.49
2025-03-08 20:45:56,188 [INFO] [91mBullish MACD crossover or volume condition not met for LTC-USD. No trade executed.[0m
2025-03-08 20:45:56,352 [INFO] API Response (GET https://trading.robinhood.com/api/v1/crypto/trading/accounts/): 200 - {"account_number":"311245509955","status":"active","buying_power":"179.2300","buying_power_currency":"USD"}
2025-03-08 20:45:56,857 [INFO] Buying Power Available: $179.23
2025-03-08 20:45:57,008 [INFO] API Response (GET https://trading.robinhood.com/api/v1/crypto/marketdata/best_bid_ask/?symbol=DOGE-USD): 200 - {"results":[{"symbol":"DOGE-USD","timestamp":"2025-03-09T02:45:57.104798288Z","price":"0.190545","bid_inclusive_of_sell_spread":"0.19052","sell_spread":"0.0001312","ask_inclusive_of_buy_spread":"0.19057","buy_spread":"0.0001312"}]}
2025-03-08 20:45:58,016 [INFO] Indicators for DOGE-USD (15min) | MACD: -0.0007, Signal: -0.0005, Volume Condition: False (Current: 148337.8, Avg10: 1038777.49)
2025-03-08 20:45:58,016 [INFO] DOGE-USD (15min) | MACD: -0.0007, Signal: -0.0005, Volume Condition: False, Price: $0.19057
2025-03-08 20:45:58,017 [INFO] [91mBullish MACD crossover or volume condition not met for DOGE-USD. No trade executed.[0m
2025-03-08 20:45:58,249 [INFO] API Response (GET https://trading.robinhood.com/api/v1/crypto/trading/accounts/): 200 - {"account_number":"311245509955","status":"active","buying_power":"179.2300","buying_power_currency":"USD"}
2025-03-08 20:45:58,751 [INFO] Buying Power Available: $179.23
2025-03-08 20:45:58,879 [INFO] API Response (GET https://trading.robinhood.com/api/v1/crypto/marketdata/best_bid_ask/?symbol=TRUMP-USD): 200 - {"results":[{"symbol":"TRUMP-USD","timestamp":"2025-03-09T02:45:58.976452363Z","price":"12.05615323","bid_inclusive_of_sell_spread":"11.98086056","sell_spread":"0.00624517","ask_inclusive_of_buy_spread":"12.1314459","buy_spread":"0.00624517"}]}
2025-03-08 20:45:59,919 [INFO] Indicators for TRUMP-USD (15min) | MACD: 0.0082, Signal: 0.0086, Volume Condition: False (Current: 0.1, Avg10: 1987.15)
2025-03-08 20:45:59,919 [INFO] TRUMP-USD (15min) | MACD: 0.0082, Signal: 0.0086, Volume Condition: False, Price: $12.1314459
2025-03-08 20:45:59,919 [INFO] [91mBullish MACD crossover or volume condition not met for TRUMP-USD. No trade executed.[0m
2025-03-08 20:46:00,093 [INFO] API Response (GET https://trading.robinhood.com/api/v1/crypto/trading/holdings/): 200 - {"next":null,"previous":null,"results":[{"account_number":"311245509955","asset_code":"ADA","total_quantity":"176.470000000000000000","quantity_available_for_trading":"176.470000000000000000"},{"account_number":"311245509955","asset_code":"DOGE","total_quantity":"8959.000000000000000000","quantity_available_for_trading":"8959.000000000000000000"}]}
2025-03-08 20:46:00,594 [INFO] Raw holdings response: {'next': None, 'previous': None, 'results': [{'account_number': '311245509955', 'asset_code': 'ADA', 'total_quantity': '176.470000000000000000', 'quantity_available_for_trading': '176.470000000000000000'}, {'account_number': '311245509955', 'asset_code': 'DOGE', 'total_quantity': '8959.000000000000000000', 'quantity_available_for_trading': '8959.000000000000000000'}]}
2025-03-08 20:46:00,595 [INFO] Parsed holdings: [{'account_number': '311245509955', 'asset_code': 'ADA', 'total_quantity': '176.470000000000000000', 'quantity_available_for_trading': '176.470000000000000000'}, {'account_number': '311245509955', 'asset_code': 'DOGE', 'total_quantity': '8959.000000000000000000', 'quantity_available_for_trading': '8959.000000000000000000'}]
2025-03-08 20:46:00,595 [INFO] Processing holding (type <class 'dict'>): {'account_number': '311245509955', 'asset_code': 'ADA', 'total_quantity': '176.470000000000000000', 'quantity_available_for_trading': '176.470000000000000000'}
2025-03-08 20:46:00,595 [ERROR] No average buy price for ADA-USD; skipping.
2025-03-08 20:46:00,595 [INFO] Processing holding (type <class 'dict'>): {'account_number': '311245509955', 'asset_code': 'DOGE', 'total_quantity': '8959.000000000000000000', 'quantity_available_for_trading': '8959.000000000000000000'}
2025-03-08 20:46:00,595 [ERROR] No average buy price for DOGE-USD; skipping.
2025-03-08 20:46:30,957 [INFO] API Response (GET https://trading.robinhood.com/api/v1/crypto/trading/accounts/): 200 - {"account_number":"311245509955","status":"active","buying_power":"179.2300","buying_power_currency":"USD"}
2025-03-08 20:46:31,459 [INFO] Buying Power Available: $179.23
2025-03-08 20:46:31,585 [INFO] API Response (GET https://trading.robinhood.com/api/v1/crypto/marketdata/best_bid_ask/?symbol=BTC-USD): 200 - {"results":[{"symbol":"BTC-USD","timestamp":"2025-03-09T02:46:31.683314881Z","price":"86095.75","bid_inclusive_of_sell_spread":"86097.5","sell_spread":"0.00002033","ask_inclusive_of_buy_spread":"86094","buy_spread":"0.00002033"}]}
2025-03-08 20:46:32,518 [INFO] Indicators for BTC-USD (15min) | MACD: -15.2684, Signal: 9.4647, Volume Condition: False (Current: 2.50464474, Avg10: 20.51)
2025-03-08 20:46:32,519 [INFO] BTC-USD (15min) | MACD: -15.2684, Signal: 9.4647, Volume Condition: False, Price: $86094.0
2025-03-08 20:46:32,519 [INFO] [91mBullish MACD crossover or volume condition not met for BTC-USD. No trade executed.[0m
2025-03-08 20:46:32,814 [INFO] API Response (GET https://trading.robinhood.com/api/v1/crypto/trading/accounts/): 200 - {"account_number":"311245509955","status":"active","buying_power":"179.2300","buying_power_currency":"USD"}
2025-03-08 20:46:33,319 [INFO] Buying Power Available: $179.23
2025-03-08 20:46:33,446 [INFO] API Response (GET https://trading.robinhood.com/api/v1/crypto/marketdata/best_bid_ask/?symbol=ETH-USD): 200 - {"results":[{"symbol":"ETH-USD","timestamp":"2025-03-09T02:46:33.544775034Z","price":"2186.85","bid_inclusive_of_sell_spread":"2186.8","sell_spread":"0.00002286","ask_inclusive_of_buy_spread":"2186.9","buy_spread":"0.00002286"}]}
2025-03-08 20:46:34,175 [INFO] Indicators for ETH-USD (15min) | MACD: -3.6566, Signal: -1.1155, Volume Condition: False (Current: 68.22836172, Avg10: 336.08)
2025-03-08 20:46:34,176 [INFO] ETH-USD (15min) | MACD: -3.6566, Signal: -1.1155, Volume Condition: False, Price: $2186.9
2025-03-08 20:46:34,176 [INFO] [91mBullish MACD crossover or volume condition not met for ETH-USD. No trade executed.[0m
2025-03-08 20:46:34,328 [INFO] API Response (GET https://trading.robinhood.com/api/v1/crypto/trading/accounts/): 200 - {"account_number":"311245509955","status":"active","buying_power":"179.2300","buying_power_currency":"USD"}
2025-03-08 20:46:34,831 [INFO] Buying Power Available: $179.23
2025-03-08 20:46:34,950 [INFO] API Response (GET https://trading.robinhood.com/api/v1/crypto/marketdata/best_bid_ask/?symbol=LTC-USD): 200 - {"results":[{"symbol":"LTC-USD","timestamp":"2025-03-09T02:46:35.049877776Z","price":"101.41","bid_inclusive_of_sell_spread":"101.39","sell_spread":"0.00019722","ask_inclusive_of_buy_spread":"101.43","buy_spread":"0.00019722"}]}
2025-03-08 20:46:35,605 [INFO] Indicators for LTC-USD (15min) | MACD: -0.5849, Signal: -0.5286, Volume Condition: False (Current: 113.17354576, Avg10: 1580.47)
2025-03-08 20:46:35,605 [INFO] LTC-USD (15min) | MACD: -0.5849, Signal: -0.5286, Volume Condition: False, Price: $101.43
2025-03-08 20:46:35,605 [INFO] [91mBullish MACD crossover or volume condition not met for LTC-USD. No trade executed.[0m
2025-03-08 20:46:35,823 [INFO] API Response (GET https://trading.robinhood.com/api/v1/crypto/trading/accounts/): 200 - {"account_number":"311245509955","status":"active","buying_power":"179.2300","buying_power_currency":"USD"}
2025-03-08 20:46:36,329 [INFO] Buying Power Available: $179.23
2025-03-08 20:46:36,472 [INFO] API Response (GET https://trading.robinhood.com/api/v1/crypto/marketdata/best_bid_ask/?symbol=DOGE-USD): 200 - {"results":[{"symbol":"DOGE-USD","timestamp":"2025-03-09T02:46:36.551526907Z","price":"0.190545","bid_inclusive_of_sell_spread":"0.19052","sell_spread":"0.0001312","ask_inclusive_of_buy_spread":"0.19057","buy_spread":"0.0001312"}]}
2025-03-08 20:46:37,195 [INFO] Indicators for DOGE-USD (15min) | MACD: -0.0007, Signal: -0.0005, Volume Condition: False (Current: 241569.1, Avg10: 1038777.49)
2025-03-08 20:46:37,195 [INFO] DOGE-USD (15min) | MACD: -0.0007, Signal: -0.0005, Volume Condition: False, Price: $0.19057
2025-03-08 20:46:37,196 [INFO] [91mBullish MACD crossover or volume condition not met for DOGE-USD. No trade executed.[0m
2025-03-08 20:46:37,421 [INFO] API Response (GET https://trading.robinhood.com/api/v1/crypto/trading/accounts/): 200 - {"account_number":"311245509955","status":"active","buying_power":"179.2300","buying_power_currency":"USD"}
2025-03-08 20:46:37,926 [INFO] Buying Power Available: $179.23
2025-03-08 20:46:38,053 [INFO] API Response (GET https://trading.robinhood.com/api/v1/crypto/marketdata/best_bid_ask/?symbol=TRUMP-USD): 200 - {"results":[{"symbol":"TRUMP-USD","timestamp":"2025-03-09T02:46:38.150293248Z","price":"12.0568935","bid_inclusive_of_sell_spread":"11.9815194","sell_spread":"0.00625154","ask_inclusive_of_buy_spread":"12.1322676","buy_spread":"0.00625154"}]}
2025-03-08 20:46:39,126 [INFO] Indicators for TRUMP-USD (15min) | MACD: 0.0082, Signal: 0.0086, Volume Condition: False (Current: 0.1, Avg10: 1987.15)
2025-03-08 20:46:39,126 [INFO] TRUMP-USD (15min) | MACD: 0.0082, Signal: 0.0086, Volume Condition: False, Price: $12.1322676
2025-03-08 20:46:39,126 [INFO] [91mBullish MACD crossover or volume condition not met for TRUMP-USD. No trade executed.[0m
2025-03-08 20:46:39,289 [INFO] API Response (GET https://trading.robinhood.com/api/v1/crypto/trading/holdings/): 200 - {"next":null,"previous":null,"results":[{"account_number":"311245509955","asset_code":"ADA","total_quantity":"176.470000000000000000","quantity_available_for_trading":"176.470000000000000000"},{"account_number":"311245509955","asset_code":"DOGE","total_quantity":"8959.000000000000000000","quantity_available_for_trading":"8959.000000000000000000"}]}
2025-03-08 20:46:39,794 [INFO] Raw holdings response: {'next': None, 'previous': None, 'results': [{'account_number': '311245509955', 'asset_code': 'ADA', 'total_quantity': '176.470000000000000000', 'quantity_available_for_trading': '176.470000000000000000'}, {'account_number': '311245509955', 'asset_code': 'DOGE', 'total_quantity': '8959.000000000000000000', 'quantity_available_for_trading': '8959.000000000000000000'}]}
2025-03-08 20:46:39,794 [INFO] Parsed holdings: [{'account_number': '311245509955', 'asset_code': 'ADA', 'total_quantity': '176.470000000000000000', 'quantity_available_for_trading': '176.470000000000000000'}, {'account_number': '311245509955', 'asset_code': 'DOGE', 'total_quantity': '8959.000000000000000000', 'quantity_available_for_trading': '8959.000000000000000000'}]
2025-03-08 20:46:39,795 [INFO] Processing holding (type <class 'dict'>): {'account_number': '311245509955', 'asset_code': 'ADA', 'total_quantity': '176.470000000000000000', 'quantity_available_for_trading': '176.470000000000000000'}
2025-03-08 20:46:39,795 [ERROR] No average buy price for ADA-USD; skipping.
2025-03-08 20:46:39,795 [INFO] Processing holding (type <class 'dict'>): {'account_number': '311245509955', 'asset_code': 'DOGE', 'total_quantity': '8959.000000000000000000', 'quantity_available_for_trading': '8959.000000000000000000'}
2025-03-08 20:46:39,795 [ERROR] No average buy price for DOGE-USD; skipping.
2025-03-08 20:47:10,242 [INFO] API Response (GET https://trading.robinhood.com/api/v1/crypto/trading/accounts/): 200 - {"account_number":"311245509955","status":"active","buying_power":"179.2300","buying_power_currency":"USD"}
2025-03-08 20:47:10,746 [INFO] Buying Power Available: $179.23
2025-03-08 20:47:10,874 [INFO] API Response (GET https://trading.robinhood.com/api/v1/crypto/marketdata/best_bid_ask/?symbol=BTC-USD): 200 - {"results":[{"symbol":"BTC-USD","timestamp":"2025-03-09T02:47:10.97242052Z","price":"86077.35","bid_inclusive_of_sell_spread":"86076.7","sell_spread":"0.00000755","ask_inclusive_of_buy_spread":"86078","buy_spread":"0.00000755"}]}
2025-03-08 20:47:11,590 [INFO] Indicators for BTC-USD (15min) | MACD: -16.1938, Signal: 9.2796, Volume Condition: False (Current: 3.06905923, Avg10: 20.51)
2025-03-08 20:47:11,590 [INFO] BTC-USD (15min) | MACD: -16.1938, Signal: 9.2796, Volume Condition: False, Price: $86078.0
2025-03-08 20:47:11,590 [INFO] [91mBullish MACD crossover or volume condition not met for BTC-USD. No trade executed.[0m
2025-03-08 20:47:11,806 [INFO] API Response (GET https://trading.robinhood.com/api/v1/crypto/trading/accounts/): 200 - {"account_number":"311245509955","status":"active","buying_power":"179.2300","buying_power_currency":"USD"}
2025-03-08 20:47:12,308 [INFO] Buying Power Available: $179.23
2025-03-08 20:47:12,454 [INFO] API Response (GET https://trading.robinhood.com/api/v1/crypto/marketdata/best_bid_ask/?symbol=ETH-USD): 200 - {"results":[{"symbol":"ETH-USD","timestamp":"2025-03-09T02:47:12.552357599Z","price":"2186.66","bid_inclusive_of_sell_spread":"2186.62","sell_spread":"0.00001829","ask_inclusive_of_buy_spread":"2186.7","buy_spread":"0.00001829"}]}
2025-03-08 20:47:13,380 [INFO] Indicators for ETH-USD (15min) | MACD: -3.6550, Signal: -1.1152, Volume Condition: False (Current: 73.16479897, Avg10: 336.08)
2025-03-08 20:47:13,380 [INFO] ETH-USD (15min) | MACD: -3.6550, Signal: -1.1152, Volume Condition: False, Price: $2186.7
2025-03-08 20:47:13,380 [INFO] [91mBullish MACD crossover or volume condition not met for ETH-USD. No trade executed.[0m
2025-03-08 20:47:13,622 [INFO] API Response (GET https://trading.robinhood.com/api/v1/crypto/trading/accounts/): 200 - {"account_number":"311245509955","status":"active","buying_power":"179.2300","buying_power_currency":"USD"}
2025-03-08 20:47:14,126 [INFO] Buying Power Available: $179.23
2025-03-08 20:47:14,254 [INFO] API Response (GET https://trading.robinhood.com/api/v1/crypto/marketdata/best_bid_ask/?symbol=LTC-USD): 200 - {"results":[{"symbol":"LTC-USD","timestamp":"2025-03-09T02:47:14.35208278Z","price":"101.37","bid_inclusive_of_sell_spread":"101.35","sell_spread":"0.0001973","ask_inclusive_of_buy_spread":"101.39","buy_spread":"0.0001973"}]}
2025-03-08 20:47:15,267 [INFO] Indicators for LTC-USD (15min) | MACD: -0.5881, Signal: -0.5293, Volume Condition: False (Current: 144.85450709, Avg10: 1580.47)
2025-03-08 20:47:15,267 [INFO] LTC-USD (15min) | MACD: -0.5881, Signal: -0.5293, Volume Condition: False, Price: $101.39
2025-03-08 20:47:15,267 [INFO] [91mBullish MACD crossover or volume condition not met for LTC-USD. No trade executed.[0m
2025-03-08 20:47:15,421 [INFO] API Response (GET https://trading.robinhood.com/api/v1/crypto/trading/accounts/): 200 - {"account_number":"311245509955","status":"active","buying_power":"179.2300","buying_power_currency":"USD"}
2025-03-08 20:47:15,925 [INFO] Buying Power Available: $179.23
2025-03-08 20:47:16,048 [INFO] API Response (GET https://trading.robinhood.com/api/v1/crypto/marketdata/best_bid_ask/?symbol=DOGE-USD): 200 - {"results":[{"symbol":"DOGE-USD","timestamp":"2025-03-09T02:47:16.147928335Z","price":"0.19035","bid_inclusive_of_sell_spread":"0.19032","sell_spread":"0.0001576","ask_inclusive_of_buy_spread":"0.19038","buy_spread":"0.0001576"}]}
2025-03-08 20:47:16,707 [INFO] Indicators for DOGE-USD (15min) | MACD: -0.0007, Signal: -0.0005, Volume Condition: False (Current: 278927.5, Avg10: 1038777.49)
2025-03-08 20:47:16,707 [INFO] DOGE-USD (15min) | MACD: -0.0007, Signal: -0.0005, Volume Condition: False, Price: $0.19038
2025-03-08 20:47:16,708 [INFO] [91mBullish MACD crossover or volume condition not met for DOGE-USD. No trade executed.[0m
2025-03-08 20:47:16,928 [INFO] API Response (GET https://trading.robinhood.com/api/v1/crypto/trading/accounts/): 200 - {"account_number":"311245509955","status":"active","buying_power":"179.2300","buying_power_currency":"USD"}
2025-03-08 20:47:17,433 [INFO] Buying Power Available: $179.23
2025-03-08 20:47:17,493 [INFO] API Response (GET https://trading.robinhood.com/api/v1/crypto/marketdata/best_bid_ask/?symbol=TRUMP-USD): 200 - {"results":[{"symbol":"TRUMP-USD","timestamp":"2025-03-09T02:47:17.592186801Z","price":"12.04649135","bid_inclusive_of_sell_spread":"11.9711151","sell_spread":"0.00625711","ask_inclusive_of_buy_spread":"12.1218676","buy_spread":"0.00625711"}]}
2025-03-08 20:47:18,407 [INFO] Indicators for TRUMP-USD (15min) | MACD: 0.0074, Signal: 0.0084, Volume Condition: False (Current: 0.664, Avg10: 1987.15)
2025-03-08 20:47:18,408 [INFO] TRUMP-USD (15min) | MACD: 0.0074, Signal: 0.0084, Volume Condition: False, Price: $12.1218676
2025-03-08 20:47:18,408 [INFO] [91mBullish MACD crossover or volume condition not met for TRUMP-USD. No trade executed.[0m
2025-03-08 20:47:18,569 [INFO] API Response (GET https://trading.robinhood.com/api/v1/crypto/trading/holdings/): 200 - {"next":null,"previous":null,"results":[{"account_number":"311245509955","asset_code":"ADA","total_quantity":"176.470000000000000000","quantity_available_for_trading":"176.470000000000000000"},{"account_number":"311245509955","asset_code":"DOGE","total_quantity":"8959.000000000000000000","quantity_available_for_trading":"8959.000000000000000000"}]}
2025-03-08 20:47:19,072 [INFO] Raw holdings response: {'next': None, 'previous': None, 'results': [{'account_number': '311245509955', 'asset_code': 'ADA', 'total_quantity': '176.470000000000000000', 'quantity_available_for_trading': '176.470000000000000000'}, {'account_number': '311245509955', 'asset_code': 'DOGE', 'total_quantity': '8959.000000000000000000', 'quantity_available_for_trading': '8959.000000000000000000'}]}
2025-03-08 20:47:19,073 [INFO] Parsed holdings: [{'account_number': '311245509955', 'asset_code': 'ADA', 'total_quantity': '176.470000000000000000', 'quantity_available_for_trading': '176.470000000000000000'}, {'account_number': '311245509955', 'asset_code': 'DOGE', 'total_quantity': '8959.000000000000000000', 'quantity_available_for_trading': '8959.000000000000000000'}]
2025-03-08 20:47:19,073 [INFO] Processing holding (type <class 'dict'>): {'account_number': '311245509955', 'asset_code': 'ADA', 'total_quantity': '176.470000000000000000', 'quantity_available_for_trading': '176.470000000000000000'}
2025-03-08 20:47:19,073 [ERROR] No average buy price for ADA-USD; skipping.
2025-03-08 20:47:19,073 [INFO] Processing holding (type <class 'dict'>): {'account_number': '311245509955', 'asset_code': 'DOGE', 'total_quantity': '8959.000000000000000000', 'quantity_available_for_trading': '8959.000000000000000000'}
2025-03-08 20:47:19,073 [ERROR] No average buy price for DOGE-USD; skipping.
2025-03-08 20:47:49,405 [INFO] API Response (GET https://trading.robinhood.com/api/v1/crypto/trading/accounts/): 200 - {"account_number":"311245509955","status":"active","buying_power":"179.2300","buying_power_currency":"USD"}
2025-03-08 20:47:49,909 [INFO] Buying Power Available: $179.23
2025-03-08 20:47:50,039 [INFO] API Response (GET https://trading.robinhood.com/api/v1/crypto/marketdata/best_bid_ask/?symbol=BTC-USD): 200 - {"results":[{"symbol":"BTC-USD","timestamp":"2025-03-09T02:47:50.138270128Z","price":"86061.45","bid_inclusive_of_sell_spread":"86065","sell_spread":"0.00004125","ask_inclusive_of_buy_spread":"86057.9","buy_spread":"0.00004125"}]}
2025-03-08 20:47:50,686 [INFO] Indicators for BTC-USD (15min) | MACD: -19.7468, Signal: 8.5690, Volume Condition: False (Current: 5.37834335, Avg10: 20.51)
2025-03-08 20:47:50,686 [INFO] BTC-USD (15min) | MACD: -19.7468, Signal: 8.5690, Volume Condition: False, Price: $86057.9
2025-03-08 20:47:50,686 [INFO] [91mBullish MACD crossover or volume condition not met for BTC-USD. No trade executed.[0m
2025-03-08 20:47:50,906 [INFO] API Response (GET https://trading.robinhood.com/api/v1/crypto/trading/accounts/): 200 - {"account_number":"311245509955","status":"active","buying_power":"179.2300","buying_power_currency":"USD"}
2025-03-08 20:47:51,409 [INFO] Buying Power Available: $179.23
2025-03-08 20:47:51,533 [INFO] API Response (GET https://trading.robinhood.com/api/v1/crypto/marketdata/best_bid_ask/?symbol=ETH-USD): 200 - {"results":[{"symbol":"ETH-USD","timestamp":"2025-03-09T02:47:51.633287508Z","price":"2184.73","bid_inclusive_of_sell_spread":"2184.76","sell_spread":"0.00001373","ask_inclusive_of_buy_spread":"2184.7","buy_spread":"0.00001373"}]}
2025-03-08 20:47:52,455 [INFO] Indicators for ETH-USD (15min) | MACD: -3.8209, Signal: -1.1484, Volume Condition: False (Current: 91.4523996, Avg10: 336.08)
2025-03-08 20:47:52,455 [INFO] ETH-USD (15min) | MACD: -3.8209, Signal: -1.1484, Volume Condition: False, Price: $2184.7
2025-03-08 20:47:52,455 [INFO] [91mBullish MACD crossover or volume condition not met for ETH-USD. No trade executed.[0m
2025-03-08 20:47:52,686 [INFO] API Response (GET https://trading.robinhood.com/api/v1/crypto/trading/accounts/): 200 - {"account_number":"311245509955","status":"active","buying_power":"179.2300","buying_power_currency":"USD"}
2025-03-08 20:47:53,192 [INFO] Buying Power Available: $179.23
2025-03-08 20:47:53,257 [INFO] API Response (GET https://trading.robinhood.com/api/v1/crypto/marketdata/best_bid_ask/?symbol=LTC-USD): 200 - {"results":[{"symbol":"LTC-USD","timestamp":"2025-03-09T02:47:53.354681378Z","price":"101.215","bid_inclusive_of_sell_spread":"101.19","sell_spread":"0.000247","ask_inclusive_of_buy_spread":"101.24","buy_spread":"0.000247"}]}
2025-03-08 20:47:54,013 [INFO] Indicators for LTC-USD (15min) | MACD: -0.5977, Signal: -0.5312, Volume Condition: False (Current: 221.05254159, Avg10: 1580.47)
2025-03-08 20:47:54,014 [INFO] LTC-USD (15min) | MACD: -0.5977, Signal: -0.5312, Volume Condition: False, Price: $101.24
2025-03-08 20:47:54,014 [INFO] [91mBullish MACD crossover or volume condition not met for LTC-USD. No trade executed.[0m
2025-03-08 20:47:54,240 [INFO] API Response (GET https://trading.robinhood.com/api/v1/crypto/trading/accounts/): 200 - {"account_number":"311245509955","status":"active","buying_power":"179.2300","buying_power_currency":"USD"}
2025-03-08 20:47:54,745 [INFO] Buying Power Available: $179.23
2025-03-08 20:47:54,811 [INFO] API Response (GET https://trading.robinhood.com/api/v1/crypto/marketdata/best_bid_ask/?symbol=DOGE-USD): 200 - {"results":[{"symbol":"DOGE-USD","timestamp":"2025-03-09T02:47:54.908353842Z","price":"0.190159","bid_inclusive_of_sell_spread":"0.19012","sell_spread":"0.00020509","ask_inclusive_of_buy_spread":"0.190198","buy_spread":"0.00020509"}]}
2025-03-08 20:47:55,819 [INFO] Indicators for DOGE-USD (15min) | MACD: -0.0007, Signal: -0.0005, Volume Condition: False (Current: 308718.8, Avg10: 1038777.49)
2025-03-08 20:47:55,819 [INFO] DOGE-USD (15min) | MACD: -0.0007, Signal: -0.0005, Volume Condition: False, Price: $0.190198
2025-03-08 20:47:55,819 [INFO] [91mBullish MACD crossover or volume condition not met for DOGE-USD. No trade executed.[0m
2025-03-08 20:47:56,081 [INFO] API Response (GET https://trading.robinhood.com/api/v1/crypto/trading/accounts/): 200 - {"account_number":"311245509955","status":"active","buying_power":"179.2300","buying_power_currency":"USD"}
2025-03-08 20:47:56,584 [INFO] Buying Power Available: $179.23
2025-03-08 20:47:56,708 [INFO] API Response (GET https://trading.robinhood.com/api/v1/crypto/marketdata/best_bid_ask/?symbol=TRUMP-USD): 200 - {"results":[{"symbol":"TRUMP-USD","timestamp":"2025-03-09T02:47:56.808191616Z","price":"12.0348938","bid_inclusive_of_sell_spread":"11.96","sell_spread":"0.00622305","ask_inclusive_of_buy_spread":"12.1097876","buy_spread":"0.00622305"}]}
2025-03-08 20:47:57,718 [INFO] Indicators for TRUMP-USD (15min) | MACD: 0.0074, Signal: 0.0084, Volume Condition: False (Current: 5.705, Avg10: 1987.15)
2025-03-08 20:47:57,718 [INFO] TRUMP-USD (15min) | MACD: 0.0074, Signal: 0.0084, Volume Condition: False, Price: $12.1097876
2025-03-08 20:47:57,718 [INFO] [91mBullish MACD crossover or volume condition not met for TRUMP-USD. No trade executed.[0m
2025-03-08 20:47:57,875 [INFO] API Response (GET https://trading.robinhood.com/api/v1/crypto/trading/holdings/): 200 - {"next":null,"previous":null,"results":[{"account_number":"311245509955","asset_code":"ADA","total_quantity":"176.470000000000000000","quantity_available_for_trading":"176.470000000000000000"},{"account_number":"311245509955","asset_code":"DOGE","total_quantity":"8959.000000000000000000","quantity_available_for_trading":"8959.000000000000000000"}]}
2025-03-08 20:47:58,378 [INFO] Raw holdings response: {'next': None, 'previous': None, 'results': [{'account_number': '311245509955', 'asset_code': 'ADA', 'total_quantity': '176.470000000000000000', 'quantity_available_for_trading': '176.470000000000000000'}, {'account_number': '311245509955', 'asset_code': 'DOGE', 'total_quantity': '8959.000000000000000000', 'quantity_available_for_trading': '8959.000000000000000000'}]}
2025-03-08 20:47:58,378 [INFO] Parsed holdings: [{'account_number': '311245509955', 'asset_code': 'ADA', 'total_quantity': '176.470000000000000000', 'quantity_available_for_trading': '176.470000000000000000'}, {'account_number': '311245509955', 'asset_code': 'DOGE', 'total_quantity': '8959.000000000000000000', 'quantity_available_for_trading': '8959.000000000000000000'}]
2025-03-08 20:47:58,378 [INFO] Processing holding (type <class 'dict'>): {'account_number': '311245509955', 'asset_code': 'ADA', 'total_quantity': '176.470000000000000000', 'quantity_available_for_trading': '176.470000000000000000'}
2025-03-08 20:47:58,378 [ERROR] No average buy price for ADA-USD; skipping.
2025-03-08 20:47:58,378 [INFO] Processing holding (type <class 'dict'>): {'account_number': '311245509955', 'asset_code': 'DOGE', 'total_quantity': '8959.000000000000000000', 'quantity_available_for_trading': '8959.000000000000000000'}
2025-03-08 20:47:58,378 [ERROR] No average buy price for DOGE-USD; skipping.
2025-03-08 20:48:28,752 [INFO] API Response (GET https://trading.robinhood.com/api/v1/crypto/trading/accounts/): 200 - {"account_number":"311245509955","status":"active","buying_power":"179.2300","buying_power_currency":"USD"}
2025-03-08 20:48:29,256 [INFO] Buying Power Available: $179.23
2025-03-08 20:48:29,392 [INFO] API Response (GET https://trading.robinhood.com/api/v1/crypto/marketdata/best_bid_ask/?symbol=BTC-USD): 200 - {"results":[{"symbol":"BTC-USD","timestamp":"2025-03-09T02:48:29.490728349Z","price":"86006","bid_inclusive_of_sell_spread":"86007","sell_spread":"0.00001163","ask_inclusive_of_buy_spread":"86005","buy_spread":"0.00001163"}]}
2025-03-08 20:48:30,167 [INFO] Indicators for BTC-USD (15min) | MACD: -23.3661, Signal: 7.8452, Volume Condition: False (Current: 6.65822652, Avg10: 20.51)
2025-03-08 20:48:30,167 [INFO] BTC-USD (15min) | MACD: -23.3661, Signal: 7.8452, Volume Condition: False, Price: $86005.0
2025-03-08 20:48:30,167 [INFO] [91mBullish MACD crossover or volume condition not met for BTC-USD. No trade executed.[0m
2025-03-08 20:48:30,391 [INFO] API Response (GET https://trading.robinhood.com/api/v1/crypto/trading/accounts/): 200 - {"account_number":"311245509955","status":"active","buying_power":"179.2300","buying_power_currency":"USD"}
2025-03-08 20:48:30,895 [INFO] Buying Power Available: $179.23
2025-03-08 20:48:31,022 [INFO] API Response (GET https://trading.robinhood.com/api/v1/crypto/marketdata/best_bid_ask/?symbol=ETH-USD): 200 - {"results":[{"symbol":"ETH-USD","timestamp":"2025-03-09T02:48:31.120274484Z","price":"2183.485","bid_inclusive_of_sell_spread":"2183.47","sell_spread":"0.00000687","ask_inclusive_of_buy_spread":"2183.5","buy_spread":"0.00000687"}]}
2025-03-08 20:48:31,684 [INFO] Indicators for ETH-USD (15min) | MACD: -3.8951, Signal: -1.1632, Volume Condition: False (Current: 113.93345331, Avg10: 336.08)
2025-03-08 20:48:31,684 [INFO] ETH-USD (15min) | MACD: -3.8951, Signal: -1.1632, Volume Condition: False, Price: $2183.5
2025-03-08 20:48:31,684 [INFO] [91mBullish MACD crossover or volume condition not met for ETH-USD. No trade executed.[0m
2025-03-08 20:48:31,907 [INFO] API Response (GET https://trading.robinhood.com/api/v1/crypto/trading/accounts/): 200 - {"account_number":"311245509955","status":"active","buying_power":"179.2300","buying_power_currency":"USD"}
2025-03-08 20:48:32,412 [INFO] Buying Power Available: $179.23
2025-03-08 20:48:32,539 [INFO] API Response (GET https://trading.robinhood.com/api/v1/crypto/marketdata/best_bid_ask/?symbol=LTC-USD): 200 - {"results":[{"symbol":"LTC-USD","timestamp":"2025-03-09T02:48:32.638277647Z","price":"101.15","bid_inclusive_of_sell_spread":"101.13","sell_spread":"0.00019773","ask_inclusive_of_buy_spread":"101.17","buy_spread":"0.00019773"}]}
2025-03-08 20:48:33,284 [INFO] Indicators for LTC-USD (15min) | MACD: -0.6065, Signal: -0.5329, Volume Condition: False (Current: 336.62676726, Avg10: 1580.47)
2025-03-08 20:48:33,284 [INFO] LTC-USD (15min) | MACD: -0.6065, Signal: -0.5329, Volume Condition: False, Price: $101.17
2025-03-08 20:48:33,284 [INFO] [91mBullish MACD crossover or volume condition not met for LTC-USD. No trade executed.[0m
2025-03-08 20:48:33,514 [INFO] API Response (GET https://trading.robinhood.com/api/v1/crypto/trading/accounts/): 200 - {"account_number":"311245509955","status":"active","buying_power":"179.2300","buying_power_currency":"USD"}
2025-03-08 20:48:34,016 [INFO] Buying Power Available: $179.23
2025-03-08 20:48:34,137 [INFO] API Response (GET https://trading.robinhood.com/api/v1/crypto/marketdata/best_bid_ask/?symbol=DOGE-USD): 200 - {"results":[{"symbol":"DOGE-USD","timestamp":"2025-03-09T02:48:34.237403081Z","price":"0.19004","bid_inclusive_of_sell_spread":"0.19002","sell_spread":"0.00010524","ask_inclusive_of_buy_spread":"0.19006","buy_spread":"0.00010524"}]}
2025-03-08 20:48:34,773 [INFO] Indicators for DOGE-USD (15min) | MACD: -0.0008, Signal: -0.0005, Volume Condition: False (Current: 1207199.5, Avg10: 1038777.49)
2025-03-08 20:48:34,774 [INFO] DOGE-USD (15min) | MACD: -0.0008, Signal: -0.0005, Volume Condition: False, Price: $0.19006
2025-03-08 20:48:34,774 [INFO] [91mBullish MACD crossover or volume condition not met for DOGE-USD. No trade executed.[0m
2025-03-08 20:48:34,989 [INFO] API Response (GET https://trading.robinhood.com/api/v1/crypto/trading/accounts/): 200 - {"account_number":"311245509955","status":"active","buying_power":"179.2300","buying_power_currency":"USD"}
2025-03-08 20:48:35,493 [INFO] Buying Power Available: $179.23
2025-03-08 20:48:35,617 [INFO] API Response (GET https://trading.robinhood.com/api/v1/crypto/marketdata/best_bid_ask/?symbol=TRUMP-USD): 200 - {"results":[{"symbol":"TRUMP-USD","timestamp":"2025-03-09T02:48:35.716497603Z","price":"12.03293775","bid_inclusive_of_sell_spread":"11.9575478","sell_spread":"0.0062653","ask_inclusive_of_buy_spread":"12.1083277","buy_spread":"0.0062653"}]}
2025-03-08 20:48:36,333 [INFO] Indicators for TRUMP-USD (15min) | MACD: 0.0066, Signal: 0.0083, Volume Condition: False (Current: 5.805, Avg10: 1987.15)
2025-03-08 20:48:36,333 [INFO] TRUMP-USD (15min) | MACD: 0.0066, Signal: 0.0083, Volume Condition: False, Price: $12.1083277
2025-03-08 20:48:36,333 [INFO] [91mBullish MACD crossover or volume condition not met for TRUMP-USD. No trade executed.[0m
2025-03-08 20:48:36,489 [INFO] API Response (GET https://trading.robinhood.com/api/v1/crypto/trading/holdings/): 200 - {"next":null,"previous":null,"results":[{"account_number":"311245509955","asset_code":"ADA","total_quantity":"176.470000000000000000","quantity_available_for_trading":"176.470000000000000000"},{"account_number":"311245509955","asset_code":"DOGE","total_quantity":"8959.000000000000000000","quantity_available_for_trading":"8959.000000000000000000"}]}
2025-03-08 20:48:36,990 [INFO] Raw holdings response: {'next': None, 'previous': None, 'results': [{'account_number': '311245509955', 'asset_code': 'ADA', 'total_quantity': '176.470000000000000000', 'quantity_available_for_trading': '176.470000000000000000'}, {'account_number': '311245509955', 'asset_code': 'DOGE', 'total_quantity': '8959.000000000000000000', 'quantity_available_for_trading': '8959.000000000000000000'}]}
2025-03-08 20:48:36,991 [INFO] Parsed holdings: [{'account_number': '311245509955', 'asset_code': 'ADA', 'total_quantity': '176.470000000000000000', 'quantity_available_for_trading': '176.470000000000000000'}, {'account_number': '311245509955', 'asset_code': 'DOGE', 'total_quantity': '8959.000000000000000000', 'quantity_available_for_trading': '8959.000000000000000000'}]
2025-03-08 20:48:36,991 [INFO] Processing holding (type <class 'dict'>): {'account_number': '311245509955', 'asset_code': 'ADA', 'total_quantity': '176.470000000000000000', 'quantity_available_for_trading': '176.470000000000000000'}
2025-03-08 20:48:36,991 [ERROR] No average buy price for ADA-USD; skipping.
2025-03-08 20:48:36,991 [INFO] Processing holding (type <class 'dict'>): {'account_number': '311245509955', 'asset_code': 'DOGE', 'total_quantity': '8959.000000000000000000', 'quantity_available_for_trading': '8959.000000000000000000'}
2025-03-08 20:48:36,991 [ERROR] No average buy price for DOGE-USD; skipping.
2025-03-11 10:10:43,256 [INFO] No open trades file found. Starting fresh.
2025-03-11 10:10:43,257 [INFO] Initialized CryptoAPITrading client.
2025-03-11 10:10:46,849 [ERROR] Error fetching products: 404 - 
2025-03-11 10:10:46,849 [INFO] Falling back to default symbols: ['BTC-USD', 'ETH-USD', 'LTC-USD', 'DOGE-USD', 'TRUMP-USD', 'SOL-USD', 'ADA-USD']
2025-03-11 10:10:47,224 [INFO] API Response (GET https://trading.robinhood.com/api/v1/crypto/trading/accounts/): 200 - {"account_number":"311245509955","status":"active","buying_power":"179.2300","buying_power_currency":"USD"}
2025-03-11 10:10:47,728 [INFO] Buying Power Available: $179.23
2025-03-11 10:10:47,847 [INFO] API Response (GET https://trading.robinhood.com/api/v1/crypto/marketdata/best_bid_ask/?symbol=BTC-USD): 200 - {"results":[{"symbol":"BTC-USD","timestamp":"2025-03-11T15:10:47.87014049Z","price":"80755.94","bid_inclusive_of_sell_spread":"80758","sell_spread":"0.00002551","ask_inclusive_of_buy_spread":"80753.88","buy_spread":"0.00002551"}]}
2025-03-11 10:10:48,866 [INFO] Indicators for BTC-USD (5min) | MACD: -222.2158, Signal: -326.6046, Volume Condition: False (Current: 34.79954494, Avg10: 129.21)
2025-03-11 10:10:48,866 [INFO] BTC-USD (5min) | MACD: -222.2158, Signal: -326.6046, Volume Condition: False, Price: $80753.88
2025-03-11 10:10:48,867 [INFO] [91mBullish MACD crossover or volume condition not met for BTC-USD. No trade executed.[0m
2025-03-11 10:10:49,130 [INFO] API Response (GET https://trading.robinhood.com/api/v1/crypto/trading/accounts/): 200 - {"account_number":"311245509955","status":"active","buying_power":"179.2300","buying_power_currency":"USD"}
2025-03-11 10:10:49,631 [INFO] Buying Power Available: $179.23
2025-03-11 10:10:49,783 [INFO] API Response (GET https://trading.robinhood.com/api/v1/crypto/marketdata/best_bid_ask/?symbol=ETH-USD): 200 - {"results":[{"symbol":"ETH-USD","timestamp":"2025-03-11T15:10:49.805069622Z","price":"1893.885","bid_inclusive_of_sell_spread":"1893.9","sell_spread":"0.00000792","ask_inclusive_of_buy_spread":"1893.87","buy_spread":"0.00000792"}]}
2025-03-11 10:10:50,531 [INFO] Indicators for ETH-USD (5min) | MACD: -5.0159, Signal: -7.6516, Volume Condition: False (Current: 268.76592281, Avg10: 2299.20)
2025-03-11 10:10:50,532 [INFO] ETH-USD (5min) | MACD: -5.0159, Signal: -7.6516, Volume Condition: False, Price: $1893.87
2025-03-11 10:10:50,532 [INFO] [91mBullish MACD crossover or volume condition not met for ETH-USD. No trade executed.[0m
2025-03-11 10:10:50,704 [INFO] API Response (GET https://trading.robinhood.com/api/v1/crypto/trading/accounts/): 200 - {"account_number":"311245509955","status":"active","buying_power":"179.2300","buying_power_currency":"USD"}
2025-03-11 10:10:51,207 [INFO] Buying Power Available: $179.23
2025-03-11 10:10:51,268 [INFO] API Response (GET https://trading.robinhood.com/api/v1/crypto/marketdata/best_bid_ask/?symbol=LTC-USD): 200 - {"results":[{"symbol":"LTC-USD","timestamp":"2025-03-11T15:10:51.288668801Z","price":"88.16","bid_inclusive_of_sell_spread":"88.16","sell_spread":"0","ask_inclusive_of_buy_spread":"88.16","buy_spread":"0"}]}
2025-03-11 10:10:52,214 [INFO] Indicators for LTC-USD (5min) | MACD: -0.1538, Signal: -0.2461, Volume Condition: False (Current: 86.78453745, Avg10: 2394.16)
2025-03-11 10:10:52,214 [INFO] LTC-USD (5min) | MACD: -0.1538, Signal: -0.2461, Volume Condition: False, Price: $88.16
2025-03-11 10:10:52,214 [INFO] [91mBullish MACD crossover or volume condition not met for LTC-USD. No trade executed.[0m
2025-03-11 10:10:52,437 [INFO] API Response (GET https://trading.robinhood.com/api/v1/crypto/trading/accounts/): 200 - {"account_number":"311245509955","status":"active","buying_power":"179.2300","buying_power_currency":"USD"}
2025-03-11 10:10:52,938 [INFO] Buying Power Available: $179.23
2025-03-11 10:10:53,057 [INFO] API Response (GET https://trading.robinhood.com/api/v1/crypto/marketdata/best_bid_ask/?symbol=DOGE-USD): 200 - {"results":[{"symbol":"DOGE-USD","timestamp":"2025-03-11T15:10:53.080503794Z","price":"0.1578535","bid_inclusive_of_sell_spread":"0.157811","sell_spread":"0.00026924","ask_inclusive_of_buy_spread":"0.157896","buy_spread":"0.00026924"}]}
2025-03-11 10:10:53,816 [INFO] Indicators for DOGE-USD (5min) | MACD: -0.0008, Signal: -0.0010, Volume Condition: False (Current: 437856.3, Avg10: 5845999.86)
2025-03-11 10:10:53,817 [INFO] DOGE-USD (5min) | MACD: -0.0008, Signal: -0.0010, Volume Condition: False, Price: $0.157896
2025-03-11 10:10:53,817 [INFO] [91mBullish MACD crossover or volume condition not met for DOGE-USD. No trade executed.[0m
2025-03-11 10:10:53,991 [INFO] API Response (GET https://trading.robinhood.com/api/v1/crypto/trading/accounts/): 200 - {"account_number":"311245509955","status":"active","buying_power":"179.2300","buying_power_currency":"USD"}
2025-03-11 10:10:54,493 [INFO] Buying Power Available: $179.23
2025-03-11 10:10:54,554 [INFO] API Response (GET https://trading.robinhood.com/api/v1/crypto/marketdata/best_bid_ask/?symbol=TRUMP-USD): 200 - {"results":[{"symbol":"TRUMP-USD","timestamp":"2025-03-11T15:10:54.574698255Z","price":"10.19937594","bid_inclusive_of_sell_spread":"10.13590198","sell_spread":"0.00622332","ask_inclusive_of_buy_spread":"10.2628499","buy_spread":"0.00622332"}]}
2025-03-11 10:10:55,520 [INFO] Indicators for TRUMP-USD (5min) | MACD: -0.0621, Signal: -0.0697, Volume Condition: False (Current: 236.592, Avg10: 17643.16)
2025-03-11 10:10:55,520 [INFO] TRUMP-USD (5min) | MACD: -0.0621, Signal: -0.0697, Volume Condition: False, Price: $10.2628499
2025-03-11 10:10:55,521 [INFO] [91mBullish MACD crossover or volume condition not met for TRUMP-USD. No trade executed.[0m
2025-03-11 10:10:55,708 [INFO] API Response (GET https://trading.robinhood.com/api/v1/crypto/trading/holdings/): 200 - {"next":null,"previous":null,"results":[{"account_number":"311245509955","asset_code":"ADA","total_quantity":"176.470000000000000000","quantity_available_for_trading":"176.470000000000000000"},{"account_number":"311245509955","asset_code":"DOGE","total_quantity":"8959.000000000000000000","quantity_available_for_trading":"8959.000000000000000000"}]}
2025-03-11 10:10:56,210 [INFO] Raw holdings response: {'next': None, 'previous': None, 'results': [{'account_number': '311245509955', 'asset_code': 'ADA', 'total_quantity': '176.470000000000000000', 'quantity_available_for_trading': '176.470000000000000000'}, {'account_number': '311245509955', 'asset_code': 'DOGE', 'total_quantity': '8959.000000000000000000', 'quantity_available_for_trading': '8959.000000000000000000'}]}
2025-03-11 10:10:56,211 [INFO] Parsed holdings: [{'account_number': '311245509955', 'asset_code': 'ADA', 'total_quantity': '176.470000000000000000', 'quantity_available_for_trading': '176.470000000000000000'}, {'account_number': '311245509955', 'asset_code': 'DOGE', 'total_quantity': '8959.000000000000000000', 'quantity_available_for_trading': '8959.000000000000000000'}]
2025-03-11 10:10:56,211 [INFO] Processing holding (type <class 'dict'>): {'account_number': '311245509955', 'asset_code': 'ADA', 'total_quantity': '176.470000000000000000', 'quantity_available_for_trading': '176.470000000000000000'}
2025-03-11 10:10:56,211 [ERROR] No average buy price for ADA-USD; skipping.
2025-03-11 10:10:56,211 [INFO] Processing holding (type <class 'dict'>): {'account_number': '311245509955', 'asset_code': 'DOGE', 'total_quantity': '8959.000000000000000000', 'quantity_available_for_trading': '8959.000000000000000000'}
2025-03-11 10:10:56,211 [ERROR] No average buy price for DOGE-USD; skipping.
2025-03-15 17:01:03,943 [INFO] No open trades file found. Starting fresh.
2025-03-15 17:01:03,946 [INFO] Initialized CryptoAPITrading client.
2025-03-15 17:01:14,863 [ERROR] Error fetching products: 404 - 
2025-03-15 17:01:14,863 [INFO] Falling back to default symbols: ['BTC-USD', 'ETH-USD', 'LTC-USD', 'DOGE-USD', 'TRUMP-USD', 'SOL-USD', 'ADA-USD']
2025-03-15 17:01:15,310 [INFO] API Response (GET https://trading.robinhood.com/api/v1/crypto/trading/accounts/): 200 - {"account_number":"311245509955","status":"active","buying_power":"179.2300","buying_power_currency":"USD"}
2025-03-15 17:01:15,812 [INFO] Buying Power Available: $179.23
2025-03-15 17:01:15,932 [INFO] API Response (GET https://trading.robinhood.com/api/v1/crypto/marketdata/best_bid_ask/?symbol=BTC-USD): 200 - {"results":[{"symbol":"BTC-USD","timestamp":"2025-03-15T22:01:15.965410258Z","price":"84416.31","bid_inclusive_of_sell_spread":"84424.62","sell_spread":"0.00009844","ask_inclusive_of_buy_spread":"84408","buy_spread":"0.00009844"}]}
2025-03-15 17:01:16,664 [INFO] Indicators for BTC-USD (5min) | MACD: 21.3003, Signal: 17.9942, Volume Condition: False (Current: 1.5635359, Avg10: 6.09)
2025-03-15 17:01:16,664 [INFO] BTC-USD (5min) | MACD: 21.3003, Signal: 17.9942, Volume Condition: False, Price: $84408.0
2025-03-15 17:01:16,664 [INFO] [91mBullish MACD crossover or volume condition not met for BTC-USD. No trade executed.[0m
2025-03-15 17:01:16,885 [INFO] API Response (GET https://trading.robinhood.com/api/v1/crypto/trading/accounts/): 200 - {"account_number":"311245509955","status":"active","buying_power":"179.2300","buying_power_currency":"USD"}
2025-03-15 17:01:17,390 [INFO] Buying Power Available: $179.23
2025-03-15 17:01:17,529 [INFO] API Response (GET https://trading.robinhood.com/api/v1/crypto/marketdata/best_bid_ask/?symbol=ETH-USD): 200 - {"results":[{"symbol":"ETH-USD","timestamp":"2025-03-15T22:01:17.563488502Z","price":"1951.35","bid_inclusive_of_sell_spread":"1951.3","sell_spread":"0.00002562","ask_inclusive_of_buy_spread":"1951.4","buy_spread":"0.00002562"}]}
2025-03-15 17:01:18,195 [INFO] Indicators for ETH-USD (5min) | MACD: 2.9240, Signal: 2.3715, Volume Condition: False (Current: 84.66882868, Avg10: 272.86)
2025-03-15 17:01:18,196 [INFO] ETH-USD (5min) | MACD: 2.9240, Signal: 2.3715, Volume Condition: False, Price: $1951.4
2025-03-15 17:01:18,196 [INFO] [91mBullish MACD crossover or volume condition not met for ETH-USD. No trade executed.[0m
2025-03-15 17:01:18,423 [INFO] API Response (GET https://trading.robinhood.com/api/v1/crypto/trading/accounts/): 200 - {"account_number":"311245509955","status":"active","buying_power":"179.2300","buying_power_currency":"USD"}
2025-03-15 17:01:18,929 [INFO] Buying Power Available: $179.23
2025-03-15 17:01:18,987 [INFO] API Response (GET https://trading.robinhood.com/api/v1/crypto/marketdata/best_bid_ask/?symbol=LTC-USD): 200 - {"results":[{"symbol":"LTC-USD","timestamp":"2025-03-15T22:01:19.02266712Z","price":"93.435","bid_inclusive_of_sell_spread":"93.44","sell_spread":"0.00005351","ask_inclusive_of_buy_spread":"93.43","buy_spread":"0.00005351"}]}
2025-03-15 17:01:19,657 [INFO] Indicators for LTC-USD (5min) | MACD: 0.0935, Signal: 0.0668, Volume Condition: False (Current: 67.70726618, Avg10: 510.89)
2025-03-15 17:01:19,657 [INFO] LTC-USD (5min) | MACD: 0.0935, Signal: 0.0668, Volume Condition: False, Price: $93.43
2025-03-15 17:01:19,658 [INFO] [91mBullish MACD crossover or volume condition not met for LTC-USD. No trade executed.[0m
2025-03-15 17:01:19,876 [INFO] API Response (GET https://trading.robinhood.com/api/v1/crypto/trading/accounts/): 200 - {"account_number":"311245509955","status":"active","buying_power":"179.2300","buying_power_currency":"USD"}
2025-03-15 17:01:20,381 [INFO] Buying Power Available: $179.23
2025-03-15 17:01:20,502 [INFO] API Response (GET https://trading.robinhood.com/api/v1/crypto/marketdata/best_bid_ask/?symbol=DOGE-USD): 200 - {"results":[{"symbol":"DOGE-USD","timestamp":"2025-03-15T22:01:20.536166063Z","price":"0.1769645","bid_inclusive_of_sell_spread":"0.176964","sell_spread":"0.00000283","ask_inclusive_of_buy_spread":"0.176965","buy_spread":"0.00000283"}]}
2025-03-15 17:01:21,268 [INFO] Indicators for DOGE-USD (5min) | MACD: 0.0003, Signal: 0.0003, Volume Condition: False (Current: 29718.8, Avg10: 377724.89)
2025-03-15 17:01:21,269 [INFO] DOGE-USD (5min) | MACD: 0.0003, Signal: 0.0003, Volume Condition: False, Price: $0.176965
2025-03-15 17:01:21,269 [INFO] [91mBullish MACD crossover or volume condition not met for DOGE-USD. No trade executed.[0m
2025-03-15 17:01:21,496 [INFO] API Response (GET https://trading.robinhood.com/api/v1/crypto/trading/accounts/): 200 - {"account_number":"311245509955","status":"active","buying_power":"179.2300","buying_power_currency":"USD"}
2025-03-15 17:01:22,002 [INFO] Buying Power Available: $179.23
2025-03-15 17:01:22,133 [INFO] API Response (GET https://trading.robinhood.com/api/v1/crypto/marketdata/best_bid_ask/?symbol=TRUMP-USD): 200 - {"results":[{"symbol":"TRUMP-USD","timestamp":"2025-03-15T22:01:22.166264264Z","price":"12.2189522","bid_inclusive_of_sell_spread":"12.1419736","sell_spread":"0.00629993","ask_inclusive_of_buy_spread":"12.2959308","buy_spread":"0.00629993"}]}
2025-03-15 17:01:22,811 [INFO] Indicators for TRUMP-USD (5min) | MACD: 0.0091, Signal: 0.0091, Volume Condition: False (Current: 0.16, Avg10: 5417.61)
2025-03-15 17:01:22,812 [INFO] TRUMP-USD (5min) | MACD: 0.0091, Signal: 0.0091, Volume Condition: False, Price: $12.2959308
2025-03-15 17:01:22,812 [INFO] [91mBullish MACD crossover or volume condition not met for TRUMP-USD. No trade executed.[0m
2025-03-15 17:01:22,973 [INFO] API Response (GET https://trading.robinhood.com/api/v1/crypto/trading/holdings/): 200 - {"next":null,"previous":null,"results":[{"account_number":"311245509955","asset_code":"ADA","total_quantity":"176.470000000000000000","quantity_available_for_trading":"176.470000000000000000"},{"account_number":"311245509955","asset_code":"DOGE","total_quantity":"8959.000000000000000000","quantity_available_for_trading":"8959.000000000000000000"}]}
2025-03-15 17:01:23,477 [INFO] Raw holdings response: {'next': None, 'previous': None, 'results': [{'account_number': '311245509955', 'asset_code': 'ADA', 'total_quantity': '176.470000000000000000', 'quantity_available_for_trading': '176.470000000000000000'}, {'account_number': '311245509955', 'asset_code': 'DOGE', 'total_quantity': '8959.000000000000000000', 'quantity_available_for_trading': '8959.000000000000000000'}]}
2025-03-15 17:01:23,477 [INFO] Parsed holdings: [{'account_number': '311245509955', 'asset_code': 'ADA', 'total_quantity': '176.470000000000000000', 'quantity_available_for_trading': '176.470000000000000000'}, {'account_number': '311245509955', 'asset_code': 'DOGE', 'total_quantity': '8959.000000000000000000', 'quantity_available_for_trading': '8959.000000000000000000'}]
2025-03-15 17:01:23,477 [INFO] Processing holding (type <class 'dict'>): {'account_number': '311245509955', 'asset_code': 'ADA', 'total_quantity': '176.470000000000000000', 'quantity_available_for_trading': '176.470000000000000000'}
2025-03-15 17:01:23,478 [ERROR] No average buy price for ADA-USD; skipping.
2025-03-15 17:01:23,478 [INFO] Processing holding (type <class 'dict'>): {'account_number': '311245509955', 'asset_code': 'DOGE', 'total_quantity': '8959.000000000000000000', 'quantity_available_for_trading': '8959.000000000000000000'}
2025-03-15 17:01:23,478 [ERROR] No average buy price for DOGE-USD; skipping.
2025-03-15 17:01:54,030 [INFO] API Response (GET https://trading.robinhood.com/api/v1/crypto/trading/accounts/): 200 - {"account_number":"311245509955","status":"active","buying_power":"179.2300","buying_power_currency":"USD"}
2025-03-15 17:01:54,536 [INFO] Buying Power Available: $179.23
2025-03-15 17:01:54,683 [INFO] API Response (GET https://trading.robinhood.com/api/v1/crypto/marketdata/best_bid_ask/?symbol=BTC-USD): 200 - {"results":[{"symbol":"BTC-USD","timestamp":"2025-03-15T22:01:54.715768549Z","price":"84385.81","bid_inclusive_of_sell_spread":"84393.62","sell_spread":"0.00009255","ask_inclusive_of_buy_spread":"84378","buy_spread":"0.00009255"}]}
2025-03-15 17:01:55,424 [INFO] Indicators for BTC-USD (5min) | MACD: 20.6813, Signal: 17.8704, Volume Condition: False (Current: 3.49864666, Avg10: 6.09)
2025-03-15 17:01:55,424 [INFO] BTC-USD (5min) | MACD: 20.6813, Signal: 17.8704, Volume Condition: False, Price: $84378.0
2025-03-15 17:01:55,424 [INFO] [91mBullish MACD crossover or volume condition not met for BTC-USD. No trade executed.[0m
2025-03-15 17:01:55,644 [INFO] API Response (GET https://trading.robinhood.com/api/v1/crypto/trading/accounts/): 200 - {"account_number":"311245509955","status":"active","buying_power":"179.2300","buying_power_currency":"USD"}
2025-03-15 17:01:56,149 [INFO] Buying Power Available: $179.23
2025-03-15 17:01:56,277 [INFO] API Response (GET https://trading.robinhood.com/api/v1/crypto/marketdata/best_bid_ask/?symbol=ETH-USD): 200 - {"results":[{"symbol":"ETH-USD","timestamp":"2025-03-15T22:01:56.30951211Z","price":"1949.945","bid_inclusive_of_sell_spread":"1949.94","sell_spread":"0.00000256","ask_inclusive_of_buy_spread":"1949.95","buy_spread":"0.00000256"}]}
2025-03-15 17:01:57,037 [INFO] Indicators for ETH-USD (5min) | MACD: 2.7469, Signal: 2.3361, Volume Condition: False (Current: 124.83822521, Avg10: 272.86)
2025-03-15 17:01:57,038 [INFO] ETH-USD (5min) | MACD: 2.7469, Signal: 2.3361, Volume Condition: False, Price: $1949.95
2025-03-15 17:01:57,038 [INFO] [91mBullish MACD crossover or volume condition not met for ETH-USD. No trade executed.[0m
2025-03-15 17:01:57,220 [INFO] API Response (GET https://trading.robinhood.com/api/v1/crypto/trading/accounts/): 200 - {"account_number":"311245509955","status":"active","buying_power":"179.2300","buying_power_currency":"USD"}
2025-03-15 17:01:57,722 [INFO] Buying Power Available: $179.23
2025-03-15 17:01:57,847 [INFO] API Response (GET https://trading.robinhood.com/api/v1/crypto/marketdata/best_bid_ask/?symbol=LTC-USD): 200 - {"results":[{"symbol":"LTC-USD","timestamp":"2025-03-15T22:01:57.883534239Z","price":"93.395","bid_inclusive_of_sell_spread":"93.4","sell_spread":"0.00005354","ask_inclusive_of_buy_spread":"93.39","buy_spread":"0.00005354"}]}
2025-03-15 17:01:58,526 [INFO] Indicators for LTC-USD (5min) | MACD: 0.0903, Signal: 0.0662, Volume Condition: False (Current: 104.0523602, Avg10: 510.89)
2025-03-15 17:01:58,526 [INFO] LTC-USD (5min) | MACD: 0.0903, Signal: 0.0662, Volume Condition: False, Price: $93.39
2025-03-15 17:01:58,526 [INFO] [91mBullish MACD crossover or volume condition not met for LTC-USD. No trade executed.[0m
2025-03-15 17:01:58,690 [INFO] API Response (GET https://trading.robinhood.com/api/v1/crypto/trading/accounts/): 200 - {"account_number":"311245509955","status":"active","buying_power":"179.2300","buying_power_currency":"USD"}
2025-03-15 17:01:59,196 [INFO] Buying Power Available: $179.23
2025-03-15 17:01:59,320 [INFO] API Response (GET https://trading.robinhood.com/api/v1/crypto/marketdata/best_bid_ask/?symbol=DOGE-USD): 200 - {"results":[{"symbol":"DOGE-USD","timestamp":"2025-03-15T22:01:59.355095741Z","price":"0.176749","bid_inclusive_of_sell_spread":"0.176746","sell_spread":"0.00001697","ask_inclusive_of_buy_spread":"0.176752","buy_spread":"0.00001697"}]}
2025-03-15 17:02:00,050 [INFO] Indicators for DOGE-USD (5min) | MACD: 0.0003, Signal: 0.0003, Volume Condition: False (Current: 60683.8, Avg10: 377724.89)
2025-03-15 17:02:00,051 [INFO] DOGE-USD (5min) | MACD: 0.0003, Signal: 0.0003, Volume Condition: False, Price: $0.176752
2025-03-15 17:02:00,051 [INFO] [91mBullish MACD crossover or volume condition not met for DOGE-USD. No trade executed.[0m
2025-03-15 17:02:00,365 [INFO] API Response (GET https://trading.robinhood.com/api/v1/crypto/trading/accounts/): 200 - {"account_number":"311245509955","status":"active","buying_power":"179.2300","buying_power_currency":"USD"}
2025-03-15 17:02:00,870 [INFO] Buying Power Available: $179.23
2025-03-15 17:02:00,988 [INFO] API Response (GET https://trading.robinhood.com/api/v1/crypto/marketdata/best_bid_ask/?symbol=TRUMP-USD): 200 - {"results":[{"symbol":"TRUMP-USD","timestamp":"2025-03-15T22:02:01.024256377Z","price":"12.2091933","bid_inclusive_of_sell_spread":"12.132219","sell_spread":"0.00630462","ask_inclusive_of_buy_spread":"12.2861676","buy_spread":"0.00630462"}]}
2025-03-15 17:02:01,661 [INFO] Indicators for TRUMP-USD (5min) | MACD: 0.0099, Signal: 0.0093, Volume Condition: False (Current: 312.522, Avg10: 5417.61)
2025-03-15 17:02:01,661 [INFO] TRUMP-USD (5min) | MACD: 0.0099, Signal: 0.0093, Volume Condition: False, Price: $12.2861676
2025-03-15 17:02:01,661 [INFO] [91mBullish MACD crossover or volume condition not met for TRUMP-USD. No trade executed.[0m
2025-03-15 17:02:01,809 [INFO] API Response (GET https://trading.robinhood.com/api/v1/crypto/trading/holdings/): 200 - {"next":null,"previous":null,"results":[{"account_number":"311245509955","asset_code":"ADA","total_quantity":"176.470000000000000000","quantity_available_for_trading":"176.470000000000000000"},{"account_number":"311245509955","asset_code":"DOGE","total_quantity":"8959.000000000000000000","quantity_available_for_trading":"8959.000000000000000000"}]}
2025-03-15 17:02:02,315 [INFO] Raw holdings response: {'next': None, 'previous': None, 'results': [{'account_number': '311245509955', 'asset_code': 'ADA', 'total_quantity': '176.470000000000000000', 'quantity_available_for_trading': '176.470000000000000000'}, {'account_number': '311245509955', 'asset_code': 'DOGE', 'total_quantity': '8959.000000000000000000', 'quantity_available_for_trading': '8959.000000000000000000'}]}
2025-03-15 17:02:02,315 [INFO] Parsed holdings: [{'account_number': '311245509955', 'asset_code': 'ADA', 'total_quantity': '176.470000000000000000', 'quantity_available_for_trading': '176.470000000000000000'}, {'account_number': '311245509955', 'asset_code': 'DOGE', 'total_quantity': '8959.000000000000000000', 'quantity_available_for_trading': '8959.000000000000000000'}]
2025-03-15 17:02:02,315 [INFO] Processing holding (type <class 'dict'>): {'account_number': '311245509955', 'asset_code': 'ADA', 'total_quantity': '176.470000000000000000', 'quantity_available_for_trading': '176.470000000000000000'}
2025-03-15 17:02:02,315 [ERROR] No average buy price for ADA-USD; skipping.
2025-03-15 17:02:02,315 [INFO] Processing holding (type <class 'dict'>): {'account_number': '311245509955', 'asset_code': 'DOGE', 'total_quantity': '8959.000000000000000000', 'quantity_available_for_trading': '8959.000000000000000000'}
2025-03-15 17:02:02,315 [ERROR] No average buy price for DOGE-USD; skipping.
2025-03-15 17:02:32,659 [INFO] API Response (GET https://trading.robinhood.com/api/v1/crypto/trading/accounts/): 200 - {"account_number":"311245509955","status":"active","buying_power":"179.2300","buying_power_currency":"USD"}
2025-03-15 17:02:33,165 [INFO] Buying Power Available: $179.23
2025-03-15 17:02:33,295 [INFO] API Response (GET https://trading.robinhood.com/api/v1/crypto/marketdata/best_bid_ask/?symbol=BTC-USD): 200 - {"results":[{"symbol":"BTC-USD","timestamp":"2025-03-15T22:02:33.330578814Z","price":"84382.2","bid_inclusive_of_sell_spread":"84386.4","sell_spread":"0.00004977","ask_inclusive_of_buy_spread":"84378","buy_spread":"0.00004977"}]}
2025-03-15 17:02:33,964 [INFO] Indicators for BTC-USD (5min) | MACD: 18.2913, Signal: 17.3924, Volume Condition: False (Current: 3.998994, Avg10: 6.09)
2025-03-15 17:02:33,964 [INFO] BTC-USD (5min) | MACD: 18.2913, Signal: 17.3924, Volume Condition: False, Price: $84378.0
2025-03-15 17:02:33,964 [INFO] [91mBullish MACD crossover or volume condition not met for BTC-USD. No trade executed.[0m
2025-03-15 17:02:34,184 [INFO] API Response (GET https://trading.robinhood.com/api/v1/crypto/trading/accounts/): 200 - {"account_number":"311245509955","status":"active","buying_power":"179.2300","buying_power_currency":"USD"}
2025-03-15 17:02:34,685 [INFO] Buying Power Available: $179.23
2025-03-15 17:02:34,807 [INFO] API Response (GET https://trading.robinhood.com/api/v1/crypto/marketdata/best_bid_ask/?symbol=ETH-USD): 200 - {"results":[{"symbol":"ETH-USD","timestamp":"2025-03-15T22:02:34.841232468Z","price":"1948.69","bid_inclusive_of_sell_spread":"1948.7","sell_spread":"0.00000513","ask_inclusive_of_buy_spread":"1948.68","buy_spread":"0.00000513"}]}
2025-03-15 17:02:35,488 [INFO] Indicators for ETH-USD (5min) | MACD: 2.6847, Signal: 2.3237, Volume Condition: False (Current: 156.15742363, Avg10: 272.86)
2025-03-15 17:02:35,489 [INFO] ETH-USD (5min) | MACD: 2.6847, Signal: 2.3237, Volume Condition: False, Price: $1948.68
2025-03-15 17:02:35,489 [INFO] [91mBullish MACD crossover or volume condition not met for ETH-USD. No trade executed.[0m
2025-03-15 17:02:35,701 [INFO] API Response (GET https://trading.robinhood.com/api/v1/crypto/trading/accounts/): 200 - {"account_number":"311245509955","status":"active","buying_power":"179.2300","buying_power_currency":"USD"}
2025-03-15 17:02:36,207 [INFO] Buying Power Available: $179.23
2025-03-15 17:02:36,329 [INFO] API Response (GET https://trading.robinhood.com/api/v1/crypto/marketdata/best_bid_ask/?symbol=LTC-USD): 200 - {"results":[{"symbol":"LTC-USD","timestamp":"2025-03-15T22:02:36.363684463Z","price":"93.33","bid_inclusive_of_sell_spread":"93.33","sell_spread":"0","ask_inclusive_of_buy_spread":"93.33","buy_spread":"0"}]}
2025-03-15 17:02:37,074 [INFO] Indicators for LTC-USD (5min) | MACD: 0.0903, Signal: 0.0662, Volume Condition: False (Current: 120.22491695, Avg10: 510.89)
2025-03-15 17:02:37,074 [INFO] LTC-USD (5min) | MACD: 0.0903, Signal: 0.0662, Volume Condition: False, Price: $93.33
2025-03-15 17:02:37,074 [INFO] [91mBullish MACD crossover or volume condition not met for LTC-USD. No trade executed.[0m
2025-03-15 17:02:37,292 [INFO] API Response (GET https://trading.robinhood.com/api/v1/crypto/trading/accounts/): 200 - {"account_number":"311245509955","status":"active","buying_power":"179.2300","buying_power_currency":"USD"}
2025-03-15 17:02:37,798 [INFO] Buying Power Available: $179.23
2025-03-15 17:02:37,927 [INFO] API Response (GET https://trading.robinhood.com/api/v1/crypto/marketdata/best_bid_ask/?symbol=DOGE-USD): 200 - {"results":[{"symbol":"DOGE-USD","timestamp":"2025-03-15T22:02:37.962324316Z","price":"0.176636","bid_inclusive_of_sell_spread":"0.17661","sell_spread":"0.0001472","ask_inclusive_of_buy_spread":"0.176662","buy_spread":"0.0001472"}]}
2025-03-15 17:02:38,593 [INFO] Indicators for DOGE-USD (5min) | MACD: 0.0003, Signal: 0.0003, Volume Condition: False (Current: 79192.4, Avg10: 377724.89)
2025-03-15 17:02:38,593 [INFO] DOGE-USD (5min) | MACD: 0.0003, Signal: 0.0003, Volume Condition: False, Price: $0.176662
2025-03-15 17:02:38,593 [INFO] [91mBullish MACD crossover or volume condition not met for DOGE-USD. No trade executed.[0m
2025-03-15 17:02:38,804 [INFO] API Response (GET https://trading.robinhood.com/api/v1/crypto/trading/accounts/): 200 - {"account_number":"311245509955","status":"active","buying_power":"179.2300","buying_power_currency":"USD"}
2025-03-15 17:02:39,310 [INFO] Buying Power Available: $179.23
2025-03-15 17:02:39,435 [INFO] API Response (GET https://trading.robinhood.com/api/v1/crypto/marketdata/best_bid_ask/?symbol=TRUMP-USD): 200 - {"results":[{"symbol":"TRUMP-USD","timestamp":"2025-03-15T22:02:39.470731955Z","price":"12.21695265","bid_inclusive_of_sell_spread":"12.14","sell_spread":"0.00629884","ask_inclusive_of_buy_spread":"12.2939053","buy_spread":"0.00629884"}]}
2025-03-15 17:02:40,115 [INFO] Indicators for TRUMP-USD (5min) | MACD: 0.0091, Signal: 0.0091, Volume Condition: False (Current: 723.881, Avg10: 5417.61)
2025-03-15 17:02:40,115 [INFO] TRUMP-USD (5min) | MACD: 0.0091, Signal: 0.0091, Volume Condition: False, Price: $12.2939053
2025-03-15 17:02:40,115 [INFO] [91mBullish MACD crossover or volume condition not met for TRUMP-USD. No trade executed.[0m
2025-03-15 17:02:40,269 [INFO] API Response (GET https://trading.robinhood.com/api/v1/crypto/trading/holdings/): 200 - {"next":null,"previous":null,"results":[{"account_number":"311245509955","asset_code":"ADA","total_quantity":"176.470000000000000000","quantity_available_for_trading":"176.470000000000000000"},{"account_number":"311245509955","asset_code":"DOGE","total_quantity":"8959.000000000000000000","quantity_available_for_trading":"8959.000000000000000000"}]}
2025-03-15 17:02:40,774 [INFO] Raw holdings response: {'next': None, 'previous': None, 'results': [{'account_number': '311245509955', 'asset_code': 'ADA', 'total_quantity': '176.470000000000000000', 'quantity_available_for_trading': '176.470000000000000000'}, {'account_number': '311245509955', 'asset_code': 'DOGE', 'total_quantity': '8959.000000000000000000', 'quantity_available_for_trading': '8959.000000000000000000'}]}
2025-03-15 17:02:40,775 [INFO] Parsed holdings: [{'account_number': '311245509955', 'asset_code': 'ADA', 'total_quantity': '176.470000000000000000', 'quantity_available_for_trading': '176.470000000000000000'}, {'account_number': '311245509955', 'asset_code': 'DOGE', 'total_quantity': '8959.000000000000000000', 'quantity_available_for_trading': '8959.000000000000000000'}]
2025-03-15 17:02:40,775 [INFO] Processing holding (type <class 'dict'>): {'account_number': '311245509955', 'asset_code': 'ADA', 'total_quantity': '176.470000000000000000', 'quantity_available_for_trading': '176.470000000000000000'}
2025-03-15 17:02:40,775 [ERROR] No average buy price for ADA-USD; skipping.
2025-03-15 17:02:40,775 [INFO] Processing holding (type <class 'dict'>): {'account_number': '311245509955', 'asset_code': 'DOGE', 'total_quantity': '8959.000000000000000000', 'quantity_available_for_trading': '8959.000000000000000000'}
2025-03-15 17:02:40,776 [ERROR] No average buy price for DOGE-USD; skipping.
2025-03-15 17:03:11,096 [INFO] API Response (GET https://trading.robinhood.com/api/v1/crypto/trading/accounts/): 200 - {"account_number":"311245509955","status":"active","buying_power":"179.2300","buying_power_currency":"USD"}
2025-03-15 17:03:11,599 [INFO] Buying Power Available: $179.23
2025-03-15 17:03:11,761 [INFO] API Response (GET https://trading.robinhood.com/api/v1/crypto/marketdata/best_bid_ask/?symbol=BTC-USD): 200 - {"results":[{"symbol":"BTC-USD","timestamp":"2025-03-15T22:03:11.771264549Z","price":"84391.35","bid_inclusive_of_sell_spread":"84399.7","sell_spread":"0.00009894","ask_inclusive_of_buy_spread":"84383","buy_spread":"0.00009894"}]}
2025-03-15 17:03:12,437 [INFO] Indicators for BTC-USD (5min) | MACD: 18.7579, Signal: 17.4857, Volume Condition: False (Current: 6.1457611, Avg10: 6.09)
2025-03-15 17:03:12,437 [INFO] BTC-USD (5min) | MACD: 18.7579, Signal: 17.4857, Volume Condition: False, Price: $84383.0
2025-03-15 17:03:12,437 [INFO] [91mBullish MACD crossover or volume condition not met for BTC-USD. No trade executed.[0m
2025-03-15 17:03:12,650 [INFO] API Response (GET https://trading.robinhood.com/api/v1/crypto/trading/accounts/): 200 - {"account_number":"311245509955","status":"active","buying_power":"179.2300","buying_power_currency":"USD"}
2025-03-15 17:03:13,156 [INFO] Buying Power Available: $179.23
2025-03-15 17:03:13,217 [INFO] API Response (GET https://trading.robinhood.com/api/v1/crypto/marketdata/best_bid_ask/?symbol=ETH-USD): 200 - {"results":[{"symbol":"ETH-USD","timestamp":"2025-03-15T22:03:13.251899651Z","price":"1950.505","bid_inclusive_of_sell_spread":"1950.51","sell_spread":"0.00000256","ask_inclusive_of_buy_spread":"1950.5","buy_spread":"0.00000256"}]}
2025-03-15 17:03:13,897 [INFO] Indicators for ETH-USD (5min) | MACD: 2.7030, Signal: 2.3273, Volume Condition: False (Current: 176.71193671, Avg10: 272.86)
2025-03-15 17:03:13,898 [INFO] ETH-USD (5min) | MACD: 2.7030, Signal: 2.3273, Volume Condition: False, Price: $1950.5
2025-03-15 17:03:13,898 [INFO] [91mBullish MACD crossover or volume condition not met for ETH-USD. No trade executed.[0m
2025-03-15 17:03:14,058 [INFO] API Response (GET https://trading.robinhood.com/api/v1/crypto/trading/accounts/): 200 - {"account_number":"311245509955","status":"active","buying_power":"179.2300","buying_power_currency":"USD"}
2025-03-15 17:03:14,562 [INFO] Buying Power Available: $179.23
2025-03-15 17:03:14,682 [INFO] API Response (GET https://trading.robinhood.com/api/v1/crypto/marketdata/best_bid_ask/?symbol=LTC-USD): 200 - {"results":[{"symbol":"LTC-USD","timestamp":"2025-03-15T22:03:14.717456926Z","price":"93.385","bid_inclusive_of_sell_spread":"93.38","sell_spread":"0.00005354","ask_inclusive_of_buy_spread":"93.39","buy_spread":"0.00005354"}]}
2025-03-15 17:03:15,443 [INFO] Indicators for LTC-USD (5min) | MACD: 0.0839, Signal: 0.0649, Volume Condition: False (Current: 150.14864099, Avg10: 510.89)
2025-03-15 17:03:15,443 [INFO] LTC-USD (5min) | MACD: 0.0839, Signal: 0.0649, Volume Condition: False, Price: $93.39
2025-03-15 17:03:15,443 [INFO] [91mBullish MACD crossover or volume condition not met for LTC-USD. No trade executed.[0m
2025-03-15 17:03:15,659 [INFO] API Response (GET https://trading.robinhood.com/api/v1/crypto/trading/accounts/): 200 - {"account_number":"311245509955","status":"active","buying_power":"179.2300","buying_power_currency":"USD"}
2025-03-15 17:03:16,164 [INFO] Buying Power Available: $179.23
2025-03-15 17:03:16,287 [INFO] API Response (GET https://trading.robinhood.com/api/v1/crypto/marketdata/best_bid_ask/?symbol=DOGE-USD): 200 - {"results":[{"symbol":"DOGE-USD","timestamp":"2025-03-15T22:03:16.32130035Z","price":"0.176826","bid_inclusive_of_sell_spread":"0.17681","sell_spread":"0.00009048","ask_inclusive_of_buy_spread":"0.176842","buy_spread":"0.00009048"}]}
2025-03-15 17:03:16,979 [INFO] Indicators for DOGE-USD (5min) | MACD: 0.0003, Signal: 0.0003, Volume Condition: False (Current: 155088.6, Avg10: 377724.89)
2025-03-15 17:03:16,980 [INFO] DOGE-USD (5min) | MACD: 0.0003, Signal: 0.0003, Volume Condition: False, Price: $0.176842
2025-03-15 17:03:16,980 [INFO] [91mBullish MACD crossover or volume condition not met for DOGE-USD. No trade executed.[0m
2025-03-15 17:03:17,204 [INFO] API Response (GET https://trading.robinhood.com/api/v1/crypto/trading/accounts/): 200 - {"account_number":"311245509955","status":"active","buying_power":"179.2300","buying_power_currency":"USD"}
2025-03-15 17:03:17,710 [INFO] Buying Power Available: $179.23
2025-03-15 17:03:17,838 [INFO] API Response (GET https://trading.robinhood.com/api/v1/crypto/marketdata/best_bid_ask/?symbol=TRUMP-USD): 200 - {"results":[{"symbol":"TRUMP-USD","timestamp":"2025-03-15T22:03:17.87214468Z","price":"12.2343484","bid_inclusive_of_sell_spread":"12.16","sell_spread":"0.00607702","ask_inclusive_of_buy_spread":"12.3086968","buy_spread":"0.00607702"}]}
2025-03-15 17:03:18,501 [INFO] Indicators for TRUMP-USD (5min) | MACD: 0.0107, Signal: 0.0094, Volume Condition: False (Current: 1190.251, Avg10: 5417.61)
2025-03-15 17:03:18,501 [INFO] TRUMP-USD (5min) | MACD: 0.0107, Signal: 0.0094, Volume Condition: False, Price: $12.3086968
2025-03-15 17:03:18,501 [INFO] [91mBullish MACD crossover or volume condition not met for TRUMP-USD. No trade executed.[0m
2025-03-15 17:03:18,670 [INFO] API Response (GET https://trading.robinhood.com/api/v1/crypto/trading/holdings/): 200 - {"next":null,"previous":null,"results":[{"account_number":"311245509955","asset_code":"ADA","total_quantity":"176.470000000000000000","quantity_available_for_trading":"176.470000000000000000"},{"account_number":"311245509955","asset_code":"DOGE","total_quantity":"8959.000000000000000000","quantity_available_for_trading":"8959.000000000000000000"}]}
2025-03-15 17:03:19,174 [INFO] Raw holdings response: {'next': None, 'previous': None, 'results': [{'account_number': '311245509955', 'asset_code': 'ADA', 'total_quantity': '176.470000000000000000', 'quantity_available_for_trading': '176.470000000000000000'}, {'account_number': '311245509955', 'asset_code': 'DOGE', 'total_quantity': '8959.000000000000000000', 'quantity_available_for_trading': '8959.000000000000000000'}]}
2025-03-15 17:03:19,174 [INFO] Parsed holdings: [{'account_number': '311245509955', 'asset_code': 'ADA', 'total_quantity': '176.470000000000000000', 'quantity_available_for_trading': '176.470000000000000000'}, {'account_number': '311245509955', 'asset_code': 'DOGE', 'total_quantity': '8959.000000000000000000', 'quantity_available_for_trading': '8959.000000000000000000'}]
2025-03-15 17:03:19,174 [INFO] Processing holding (type <class 'dict'>): {'account_number': '311245509955', 'asset_code': 'ADA', 'total_quantity': '176.470000000000000000', 'quantity_available_for_trading': '176.470000000000000000'}
2025-03-15 17:03:19,175 [ERROR] No average buy price for ADA-USD; skipping.
2025-03-15 17:03:19,175 [INFO] Processing holding (type <class 'dict'>): {'account_number': '311245509955', 'asset_code': 'DOGE', 'total_quantity': '8959.000000000000000000', 'quantity_available_for_trading': '8959.000000000000000000'}
2025-03-15 17:03:19,175 [ERROR] No average buy price for DOGE-USD; skipping.
2025-03-15 17:03:49,627 [INFO] API Response (GET https://trading.robinhood.com/api/v1/crypto/trading/accounts/): 200 - {"account_number":"311245509955","status":"active","buying_power":"179.2300","buying_power_currency":"USD"}
2025-03-15 17:03:50,133 [INFO] Buying Power Available: $179.23
2025-03-15 17:03:50,278 [INFO] API Response (GET https://trading.robinhood.com/api/v1/crypto/marketdata/best_bid_ask/?symbol=BTC-USD): 200 - {"results":[{"symbol":"BTC-USD","timestamp":"2025-03-15T22:03:50.289989176Z","price":"84408.31","bid_inclusive_of_sell_spread":"84416.62","sell_spread":"0.00009845","ask_inclusive_of_buy_spread":"84400","buy_spread":"0.00009845"}]}
2025-03-15 17:03:51,059 [INFO] Indicators for BTC-USD (5min) | MACD: 20.1484, Signal: 17.7638, Volume Condition: False (Current: 6.38251144, Avg10: 6.09)
2025-03-15 17:03:51,059 [INFO] BTC-USD (5min) | MACD: 20.1484, Signal: 17.7638, Volume Condition: False, Price: $84400.0
2025-03-15 17:03:51,060 [INFO] [91mBullish MACD crossover or volume condition not met for BTC-USD. No trade executed.[0m
2025-03-15 17:03:51,281 [INFO] API Response (GET https://trading.robinhood.com/api/v1/crypto/trading/accounts/): 200 - {"account_number":"311245509955","status":"active","buying_power":"179.2300","buying_power_currency":"USD"}
2025-03-15 17:03:51,787 [INFO] Buying Power Available: $179.23
2025-03-15 17:03:51,906 [INFO] API Response (GET https://trading.robinhood.com/api/v1/crypto/marketdata/best_bid_ask/?symbol=ETH-USD): 200 - {"results":[{"symbol":"ETH-USD","timestamp":"2025-03-15T22:03:51.942588009Z","price":"1951.325","bid_inclusive_of_sell_spread":"1951.35","sell_spread":"0.00001281","ask_inclusive_of_buy_spread":"1951.3","buy_spread":"0.00001281"}]}
2025-03-15 17:03:52,644 [INFO] Indicators for ETH-USD (5min) | MACD: 2.8036, Signal: 2.3475, Volume Condition: False (Current: 183.89102858, Avg10: 272.86)
2025-03-15 17:03:52,645 [INFO] ETH-USD (5min) | MACD: 2.8036, Signal: 2.3475, Volume Condition: False, Price: $1951.3
2025-03-15 17:03:52,645 [INFO] [91mBullish MACD crossover or volume condition not met for ETH-USD. No trade executed.[0m
2025-03-15 17:03:52,866 [INFO] API Response (GET https://trading.robinhood.com/api/v1/crypto/trading/accounts/): 200 - {"account_number":"311245509955","status":"active","buying_power":"179.2300","buying_power_currency":"USD"}
2025-03-15 17:03:53,372 [INFO] Buying Power Available: $179.23
2025-03-15 17:03:53,500 [INFO] API Response (GET https://trading.robinhood.com/api/v1/crypto/marketdata/best_bid_ask/?symbol=LTC-USD): 200 - {"results":[{"symbol":"LTC-USD","timestamp":"2025-03-15T22:03:53.535759148Z","price":"93.44","bid_inclusive_of_sell_spread":"93.44","sell_spread":"0","ask_inclusive_of_buy_spread":"93.44","buy_spread":"0"}]}
2025-03-15 17:03:54,551 [INFO] Indicators for LTC-USD (5min) | MACD: 0.0927, Signal: 0.0666, Volume Condition: False (Current: 176.06323889, Avg10: 510.89)
2025-03-15 17:03:54,552 [INFO] LTC-USD (5min) | MACD: 0.0927, Signal: 0.0666, Volume Condition: False, Price: $93.44
2025-03-15 17:03:54,552 [INFO] [91mBullish MACD crossover or volume condition not met for LTC-USD. No trade executed.[0m
2025-03-15 17:03:54,714 [INFO] API Response (GET https://trading.robinhood.com/api/v1/crypto/trading/accounts/): 200 - {"account_number":"311245509955","status":"active","buying_power":"179.2300","buying_power_currency":"USD"}
2025-03-15 17:03:55,220 [INFO] Buying Power Available: $179.23
2025-03-15 17:03:55,341 [INFO] API Response (GET https://trading.robinhood.com/api/v1/crypto/marketdata/best_bid_ask/?symbol=DOGE-USD): 200 - {"results":[{"symbol":"DOGE-USD","timestamp":"2025-03-15T22:03:55.374707191Z","price":"0.176974","bid_inclusive_of_sell_spread":"0.176958","sell_spread":"0.00009041","ask_inclusive_of_buy_spread":"0.17699","buy_spread":"0.00009041"}]}
2025-03-15 17:03:56,058 [INFO] Indicators for DOGE-USD (5min) | MACD: 0.0003, Signal: 0.0003, Volume Condition: False (Current: 183406.4, Avg10: 377724.89)
2025-03-15 17:03:56,059 [INFO] DOGE-USD (5min) | MACD: 0.0003, Signal: 0.0003, Volume Condition: False, Price: $0.17699
2025-03-15 17:03:56,059 [INFO] [91mBullish MACD crossover or volume condition not met for DOGE-USD. No trade executed.[0m
2025-03-15 17:03:56,275 [INFO] API Response (GET https://trading.robinhood.com/api/v1/crypto/trading/accounts/): 200 - {"account_number":"311245509955","status":"active","buying_power":"179.2300","buying_power_currency":"USD"}
2025-03-15 17:03:56,780 [INFO] Buying Power Available: $179.23
2025-03-15 17:03:56,903 [INFO] API Response (GET https://trading.robinhood.com/api/v1/crypto/marketdata/best_bid_ask/?symbol=TRUMP-USD): 200 - {"results":[{"symbol":"TRUMP-USD","timestamp":"2025-03-15T22:03:56.938300264Z","price":"12.22883015","bid_inclusive_of_sell_spread":"12.1518298","sell_spread":"0.00629662","ask_inclusive_of_buy_spread":"12.3058305","buy_spread":"0.00629662"}]}
2025-03-15 17:03:57,931 [INFO] Indicators for TRUMP-USD (5min) | MACD: 0.0115, Signal: 0.0096, Volume Condition: False (Current: 1433.92, Avg10: 5417.61)
2025-03-15 17:03:57,931 [INFO] TRUMP-USD (5min) | MACD: 0.0115, Signal: 0.0096, Volume Condition: False, Price: $12.3058305
2025-03-15 17:03:57,931 [INFO] [91mBullish MACD crossover or volume condition not met for TRUMP-USD. No trade executed.[0m
2025-03-15 17:03:58,095 [INFO] API Response (GET https://trading.robinhood.com/api/v1/crypto/trading/holdings/): 200 - {"next":null,"previous":null,"results":[{"account_number":"311245509955","asset_code":"ADA","total_quantity":"176.470000000000000000","quantity_available_for_trading":"176.470000000000000000"},{"account_number":"311245509955","asset_code":"DOGE","total_quantity":"8959.000000000000000000","quantity_available_for_trading":"8959.000000000000000000"}]}
2025-03-15 17:03:58,600 [INFO] Raw holdings response: {'next': None, 'previous': None, 'results': [{'account_number': '311245509955', 'asset_code': 'ADA', 'total_quantity': '176.470000000000000000', 'quantity_available_for_trading': '176.470000000000000000'}, {'account_number': '311245509955', 'asset_code': 'DOGE', 'total_quantity': '8959.000000000000000000', 'quantity_available_for_trading': '8959.000000000000000000'}]}
2025-03-15 17:03:58,600 [INFO] Parsed holdings: [{'account_number': '311245509955', 'asset_code': 'ADA', 'total_quantity': '176.470000000000000000', 'quantity_available_for_trading': '176.470000000000000000'}, {'account_number': '311245509955', 'asset_code': 'DOGE', 'total_quantity': '8959.000000000000000000', 'quantity_available_for_trading': '8959.000000000000000000'}]
2025-03-15 17:03:58,600 [INFO] Processing holding (type <class 'dict'>): {'account_number': '311245509955', 'asset_code': 'ADA', 'total_quantity': '176.470000000000000000', 'quantity_available_for_trading': '176.470000000000000000'}
2025-03-15 17:03:58,601 [ERROR] No average buy price for ADA-USD; skipping.
2025-03-15 17:03:58,601 [INFO] Processing holding (type <class 'dict'>): {'account_number': '311245509955', 'asset_code': 'DOGE', 'total_quantity': '8959.000000000000000000', 'quantity_available_for_trading': '8959.000000000000000000'}
2025-03-15 17:03:58,601 [ERROR] No average buy price for DOGE-USD; skipping.
2025-03-15 17:04:21,328 [INFO] No open trades file found. Starting fresh.
2025-03-15 17:04:21,329 [INFO] Initialized CryptoAPITrading client.
2025-03-15 17:04:31,713 [ERROR] Error fetching products: 404 - 
2025-03-15 17:04:31,714 [INFO] Falling back to default symbols: ['BTC-USD', 'ETH-USD', 'LTC-USD', 'DOGE-USD', 'TRUMP-USD', 'SOL-USD', 'ADA-USD']
2025-03-15 17:04:32,130 [INFO] API Response (GET https://trading.robinhood.com/api/v1/crypto/trading/accounts/): 200 - {"account_number":"311245509955","status":"active","buying_power":"179.2300","buying_power_currency":"USD"}
2025-03-15 17:04:32,636 [INFO] Buying Power Available: $179.23
2025-03-15 17:04:32,762 [INFO] API Response (GET https://trading.robinhood.com/api/v1/crypto/marketdata/best_bid_ask/?symbol=BTC-USD): 200 - {"results":[{"symbol":"BTC-USD","timestamp":"2025-03-15T22:04:32.79687274Z","price":"84434.31","bid_inclusive_of_sell_spread":"84442.62","sell_spread":"0.00009842","ask_inclusive_of_buy_spread":"84426","buy_spread":"0.00009842"}]}
2025-03-15 17:04:33,473 [INFO] Indicators for BTC-USD (5min) | MACD: 22.0836, Signal: 18.1509, Volume Condition: True (Current: 8.00106305, Avg10: 6.09)
2025-03-15 17:04:33,474 [INFO] BTC-USD (5min) | MACD: 22.0836, Signal: 18.1509, Volume Condition: True, Price: $84426.0
2025-03-15 17:04:33,474 [INFO] [92mBullish condition met for BTC-USD.[0m
2025-03-15 17:05:05,814 [INFO] [92mBuying BTC-USD at $84426.0 using $50 (Quantity: 0.00059223)[0m
2025-03-15 17:05:06,429 [INFO] API Response (POST https://trading.robinhood.com/api/v1/crypto/trading/orders/): 201 - {"symbol":"BTC-USD","client_order_id":"b7c37cfd-a7fd-490c-a7bd-4f0fc8bd1874","side":"buy","type":"market","id":"67d5f992-751a-4ef5-908f-dfc55d13116a","account_number":"311245509955","state":"open","filled_asset_quantity":"0.000000000000000000","executions":[],"average_price":null,"created_at":"2025-03-15T18:05:06.079820-04:00","updated_at":"2025-03-15T18:05:06.385678-04:00","market_order_config":{"asset_quantity":"0.000592200000000000"}}
2025-03-15 17:05:06,935 [INFO] Order placed: BUY BTC-USD | Amount: 0.00059220
2025-03-15 17:05:06,935 [INFO] Open trades saved to file.
2025-03-15 17:05:06,935 [INFO] Monitoring BTC-USD for exit using bearish MACD crossover.
2025-03-15 17:05:55,297 [ERROR] Error fetching products: 404 - 
2025-03-15 17:05:55,298 [INFO] Falling back to default symbols: ['BTC-USD', 'ETH-USD', 'LTC-USD', 'DOGE-USD', 'TRUMP-USD', 'SOL-USD', 'ADA-USD']
2025-03-15 17:05:55,528 [INFO] API Response (GET https://trading.robinhood.com/api/v1/crypto/trading/accounts/): 200 - {"account_number":"311245509955","status":"active","buying_power":"128.9400","buying_power_currency":"USD"}
2025-03-15 17:05:56,034 [INFO] Buying Power Available: $128.94
2025-03-15 17:05:56,163 [INFO] API Response (GET https://trading.robinhood.com/api/v1/crypto/marketdata/best_bid_ask/?symbol=BTC-USD): 200 - {"results":[{"symbol":"BTC-USD","timestamp":"2025-03-15T22:05:56.19863887Z","price":"84389.31","bid_inclusive_of_sell_spread":"84399.62","sell_spread":"0.00012217","ask_inclusive_of_buy_spread":"84379","buy_spread":"0.00012217"}]}
2025-03-15 17:05:57,176 [INFO] Indicators for BTC-USD (5min) | MACD: 18.3664, Signal: 17.7389, Volume Condition: False (Current: 1.05690196, Avg10: 5.97)
2025-03-15 17:05:57,176 [INFO] BTC-USD (5min) | MACD: 18.3664, Signal: 17.7389, Volume Condition: False, Price: $84379.0
2025-03-15 17:05:57,176 [INFO] [91mBullish MACD crossover or volume condition not met for BTC-USD. No trade executed.[0m
2025-03-15 17:05:57,331 [INFO] API Response (GET https://trading.robinhood.com/api/v1/crypto/trading/accounts/): 200 - {"account_number":"311245509955","status":"active","buying_power":"128.9400","buying_power_currency":"USD"}
2025-03-15 17:05:57,836 [INFO] Buying Power Available: $128.94
2025-03-15 17:05:57,967 [INFO] API Response (GET https://trading.robinhood.com/api/v1/crypto/marketdata/best_bid_ask/?symbol=ETH-USD): 200 - {"results":[{"symbol":"ETH-USD","timestamp":"2025-03-15T22:05:58.001353098Z","price":"1951.45","bid_inclusive_of_sell_spread":"1951.4","sell_spread":"0.00002562","ask_inclusive_of_buy_spread":"1951.5","buy_spread":"0.00002562"}]}
2025-03-15 17:05:58,651 [INFO] Indicators for ETH-USD (5min) | MACD: 2.8577, Signal: 2.4492, Volume Condition: False (Current: 34.29844483, Avg10: 290.99)
2025-03-15 17:05:58,651 [INFO] ETH-USD (5min) | MACD: 2.8577, Signal: 2.4492, Volume Condition: False, Price: $1951.5
2025-03-15 17:05:58,651 [INFO] [91mBullish MACD crossover or volume condition not met for ETH-USD. No trade executed.[0m
2025-03-15 17:05:58,959 [INFO] API Response (GET https://trading.robinhood.com/api/v1/crypto/trading/accounts/): 200 - {"account_number":"311245509955","status":"active","buying_power":"128.9400","buying_power_currency":"USD"}
2025-03-15 17:05:59,463 [INFO] Buying Power Available: $128.94
2025-03-15 17:05:59,623 [INFO] API Response (GET https://trading.robinhood.com/api/v1/crypto/marketdata/best_bid_ask/?symbol=LTC-USD): 200 - {"results":[{"symbol":"LTC-USD","timestamp":"2025-03-15T22:05:59.658055317Z","price":"93.295","bid_inclusive_of_sell_spread":"93.3","sell_spread":"0.00005359","ask_inclusive_of_buy_spread":"93.29","buy_spread":"0.00005359"}]}
2025-03-15 17:06:00,306 [INFO] Indicators for LTC-USD (5min) | MACD: 0.0726, Signal: 0.0657, Volume Condition: False (Current: 178.98368057, Avg10: 347.82)
2025-03-15 17:06:00,306 [INFO] LTC-USD (5min) | MACD: 0.0726, Signal: 0.0657, Volume Condition: False, Price: $93.29
2025-03-15 17:06:00,306 [INFO] [91mBullish MACD crossover or volume condition not met for LTC-USD. No trade executed.[0m
2025-03-15 17:06:00,598 [INFO] API Response (GET https://trading.robinhood.com/api/v1/crypto/trading/accounts/): 200 - {"account_number":"311245509955","status":"active","buying_power":"128.9400","buying_power_currency":"USD"}
2025-03-15 17:06:01,103 [INFO] Buying Power Available: $128.94
2025-03-15 17:06:01,261 [INFO] API Response (GET https://trading.robinhood.com/api/v1/crypto/marketdata/best_bid_ask/?symbol=DOGE-USD): 200 - {"results":[{"symbol":"DOGE-USD","timestamp":"2025-03-15T22:06:01.296158101Z","price":"0.176805","bid_inclusive_of_sell_spread":"0.1768","sell_spread":"0.00002828","ask_inclusive_of_buy_spread":"0.17681","buy_spread":"0.00002828"}]}
2025-03-15 17:06:01,960 [INFO] Indicators for DOGE-USD (5min) | MACD: 0.0003, Signal: 0.0003, Volume Condition: True (Current: 749762.9, Avg10: 378495.82)
2025-03-15 17:06:01,961 [INFO] DOGE-USD (5min) | MACD: 0.0003, Signal: 0.0003, Volume Condition: True, Price: $0.17681
2025-03-15 17:06:01,961 [INFO] [91mBullish MACD crossover or volume condition not met for DOGE-USD. No trade executed.[0m
2025-03-15 17:06:02,179 [INFO] API Response (GET https://trading.robinhood.com/api/v1/crypto/trading/accounts/): 200 - {"account_number":"311245509955","status":"active","buying_power":"128.9400","buying_power_currency":"USD"}
2025-03-15 17:06:02,684 [INFO] Buying Power Available: $128.94
2025-03-15 17:06:02,805 [INFO] API Response (GET https://trading.robinhood.com/api/v1/crypto/marketdata/best_bid_ask/?symbol=TRUMP-USD): 200 - {"results":[{"symbol":"TRUMP-USD","timestamp":"2025-03-15T22:06:02.840738411Z","price":"12.2234642","bid_inclusive_of_sell_spread":"12.15","sell_spread":"0.0060101","ask_inclusive_of_buy_spread":"12.2969284","buy_spread":"0.0060101"}]}
2025-03-15 17:06:03,516 [INFO] Indicators for TRUMP-USD (5min) | MACD: 0.0099, Signal: 0.0093, Volume Condition: False (Current: 2476.242, Avg10: 5417.61)
2025-03-15 17:06:03,516 [INFO] TRUMP-USD (5min) | MACD: 0.0099, Signal: 0.0093, Volume Condition: False, Price: $12.2969284
2025-03-15 17:06:03,517 [INFO] [91mBullish MACD crossover or volume condition not met for TRUMP-USD. No trade executed.[0m
2025-03-15 17:06:03,708 [INFO] API Response (GET https://trading.robinhood.com/api/v1/crypto/trading/holdings/): 200 - {"next":null,"previous":null,"results":[{"account_number":"311245509955","asset_code":"ADA","total_quantity":"176.470000000000000000","quantity_available_for_trading":"176.470000000000000000"},{"account_number":"311245509955","asset_code":"BTC","total_quantity":"0.000592200000000000","quantity_available_for_trading":"0.000592200000000000"},{"account_number":"311245509955","asset_code":"DOGE","total_quantity":"8959.000000000000000000","quantity_available_for_trading":"8959.000000000000000000"}]}
2025-03-15 17:06:04,213 [INFO] Raw holdings response: {'next': None, 'previous': None, 'results': [{'account_number': '311245509955', 'asset_code': 'ADA', 'total_quantity': '176.470000000000000000', 'quantity_available_for_trading': '176.470000000000000000'}, {'account_number': '311245509955', 'asset_code': 'BTC', 'total_quantity': '0.000592200000000000', 'quantity_available_for_trading': '0.000592200000000000'}, {'account_number': '311245509955', 'asset_code': 'DOGE', 'total_quantity': '8959.000000000000000000', 'quantity_available_for_trading': '8959.000000000000000000'}]}
2025-03-15 17:06:04,214 [INFO] Parsed holdings: [{'account_number': '311245509955', 'asset_code': 'ADA', 'total_quantity': '176.470000000000000000', 'quantity_available_for_trading': '176.470000000000000000'}, {'account_number': '311245509955', 'asset_code': 'BTC', 'total_quantity': '0.000592200000000000', 'quantity_available_for_trading': '0.000592200000000000'}, {'account_number': '311245509955', 'asset_code': 'DOGE', 'total_quantity': '8959.000000000000000000', 'quantity_available_for_trading': '8959.000000000000000000'}]
2025-03-15 17:06:04,214 [INFO] Processing holding (type <class 'dict'>): {'account_number': '311245509955', 'asset_code': 'ADA', 'total_quantity': '176.470000000000000000', 'quantity_available_for_trading': '176.470000000000000000'}
2025-03-15 17:06:04,214 [ERROR] No average buy price for ADA-USD; skipping.
2025-03-15 17:06:04,214 [INFO] Processing holding (type <class 'dict'>): {'account_number': '311245509955', 'asset_code': 'BTC', 'total_quantity': '0.000592200000000000', 'quantity_available_for_trading': '0.000592200000000000'}
2025-03-15 17:06:04,360 [INFO] API Response (GET https://trading.robinhood.com/api/v1/crypto/marketdata/best_bid_ask/?symbol=BTC-USD): 200 - {"results":[{"symbol":"BTC-USD","timestamp":"2025-03-15T22:06:04.395415436Z","price":"84392.56","bid_inclusive_of_sell_spread":"84401.12","sell_spread":"0.00010143","ask_inclusive_of_buy_spread":"84384","buy_spread":"0.00010143"}]}
2025-03-15 17:06:05,098 [INFO] Indicators for BTC-USD (1day) | MACD: nan, Signal: nan, Volume Condition: False (Current: 2205.24507341, Avg10: 2205.25)
2025-03-15 17:22:17,707 [ERROR] Error loading open trades: float() argument must be a string or a real number, not 'NoneType'
2025-03-15 17:22:17,707 [INFO] Initialized CryptoAPITrading client.
2025-03-15 17:22:27,018 [ERROR] Error fetching products: 404 - 
2025-03-15 17:22:27,019 [INFO] Falling back to default symbols: ['BTC-USD', 'ETH-USD', 'LTC-USD', 'DOGE-USD', 'TRUMP-USD', 'SOL-USD', 'ADA-USD']
2025-03-15 17:22:27,416 [INFO] API Response (GET https://trading.robinhood.com/api/v1/crypto/trading/accounts/): 200 - {"account_number":"311245509955","status":"active","buying_power":"128.9400","buying_power_currency":"USD"}
2025-03-15 17:22:27,919 [INFO] Buying Power Available: $128.94
2025-03-15 17:22:28,069 [INFO] API Response (GET https://trading.robinhood.com/api/v1/crypto/marketdata/best_bid_ask/?symbol=BTC-USD): 200 - {"results":[{"symbol":"BTC-USD","timestamp":"2025-03-15T22:22:28.108928114Z","price":"84378.6","bid_inclusive_of_sell_spread":"84381.2","sell_spread":"0.00003081","ask_inclusive_of_buy_spread":"84376","buy_spread":"0.00003081"}]}
2025-03-15 17:22:28,754 [INFO] Indicators for BTC-USD (5min) | MACD: 11.5657, Signal: 15.1075, Volume Condition: False (Current: 2.4246735, Avg10: 6.69)
2025-03-15 17:22:28,754 [INFO] BTC-USD (5min) | MACD: 11.5657, Signal: 15.1075, Volume Condition: False, Price: $84376.0
2025-03-15 17:22:28,754 [INFO] [91mBullish MACD crossover or volume condition not met for BTC-USD. No trade executed.[0m
2025-03-15 17:22:28,992 [INFO] API Response (GET https://trading.robinhood.com/api/v1/crypto/trading/accounts/): 200 - {"account_number":"311245509955","status":"active","buying_power":"128.9400","buying_power_currency":"USD"}
2025-03-15 17:22:29,498 [INFO] Buying Power Available: $128.94
2025-03-15 17:22:29,645 [INFO] API Response (GET https://trading.robinhood.com/api/v1/crypto/marketdata/best_bid_ask/?symbol=ETH-USD): 200 - {"results":[{"symbol":"ETH-USD","timestamp":"2025-03-15T22:22:29.686027462Z","price":"1945.915","bid_inclusive_of_sell_spread":"1946","sell_spread":"0.00004368","ask_inclusive_of_buy_spread":"1945.83","buy_spread":"0.00004368"}]}
2025-03-15 17:22:30,559 [INFO] Indicators for ETH-USD (5min) | MACD: 2.0906, Signal: 2.4394, Volume Condition: False (Current: 41.60776322, Avg10: 294.69)
2025-03-15 17:22:30,559 [INFO] ETH-USD (5min) | MACD: 2.0906, Signal: 2.4394, Volume Condition: False, Price: $1945.83
2025-03-15 17:22:30,559 [INFO] [91mBullish MACD crossover or volume condition not met for ETH-USD. No trade executed.[0m
2025-03-15 17:22:30,920 [INFO] API Response (GET https://trading.robinhood.com/api/v1/crypto/trading/accounts/): 200 - {"account_number":"311245509955","status":"active","buying_power":"128.9400","buying_power_currency":"USD"}
2025-03-15 17:22:31,424 [INFO] Buying Power Available: $128.94
2025-03-15 17:22:31,580 [INFO] API Response (GET https://trading.robinhood.com/api/v1/crypto/marketdata/best_bid_ask/?symbol=LTC-USD): 200 - {"results":[{"symbol":"LTC-USD","timestamp":"2025-03-15T22:22:31.620143372Z","price":"93.165","bid_inclusive_of_sell_spread":"93.17","sell_spread":"0.00005367","ask_inclusive_of_buy_spread":"93.16","buy_spread":"0.00005367"}]}
2025-03-15 17:22:32,319 [INFO] Indicators for LTC-USD (5min) | MACD: 0.0464, Signal: 0.0618, Volume Condition: False (Current: 113.08200437, Avg10: 347.49)
2025-03-15 17:22:32,319 [INFO] LTC-USD (5min) | MACD: 0.0464, Signal: 0.0618, Volume Condition: False, Price: $93.16
2025-03-15 17:22:32,319 [INFO] [91mBullish MACD crossover or volume condition not met for LTC-USD. No trade executed.[0m
2025-03-15 17:22:32,482 [INFO] API Response (GET https://trading.robinhood.com/api/v1/crypto/trading/accounts/): 200 - {"account_number":"311245509955","status":"active","buying_power":"128.9400","buying_power_currency":"USD"}
2025-03-15 17:22:32,987 [INFO] Buying Power Available: $128.94
2025-03-15 17:22:33,052 [INFO] API Response (GET https://trading.robinhood.com/api/v1/crypto/marketdata/best_bid_ask/?symbol=DOGE-USD): 200 - {"results":[{"symbol":"DOGE-USD","timestamp":"2025-03-15T22:22:33.092221289Z","price":"0.176648","bid_inclusive_of_sell_spread":"0.17664","sell_spread":"0.00004529","ask_inclusive_of_buy_spread":"0.176656","buy_spread":"0.00004529"}]}
2025-03-15 17:22:33,819 [INFO] Indicators for DOGE-USD (5min) | MACD: 0.0003, Signal: 0.0003, Volume Condition: False (Current: 144098.4, Avg10: 556883.97)
2025-03-15 17:22:33,820 [INFO] DOGE-USD (5min) | MACD: 0.0003, Signal: 0.0003, Volume Condition: False, Price: $0.176656
2025-03-15 17:22:33,820 [INFO] [91mBullish MACD crossover or volume condition not met for DOGE-USD. No trade executed.[0m
2025-03-15 17:22:34,025 [INFO] API Response (GET https://trading.robinhood.com/api/v1/crypto/trading/accounts/): 200 - {"account_number":"311245509955","status":"active","buying_power":"128.9400","buying_power_currency":"USD"}
2025-03-15 17:22:34,530 [INFO] Buying Power Available: $128.94
2025-03-15 17:22:34,692 [INFO] API Response (GET https://trading.robinhood.com/api/v1/crypto/marketdata/best_bid_ask/?symbol=TRUMP-USD): 200 - {"results":[{"symbol":"TRUMP-USD","timestamp":"2025-03-15T22:22:34.732250286Z","price":"12.2037863","bid_inclusive_of_sell_spread":"12.13","sell_spread":"0.00604618","ask_inclusive_of_buy_spread":"12.2775726","buy_spread":"0.00604618"}]}
2025-03-15 17:22:35,412 [INFO] Indicators for TRUMP-USD (5min) | MACD: 0.0068, Signal: 0.0087, Volume Condition: False (Current: 793.893, Avg10: 4032.70)
2025-03-15 17:22:35,412 [INFO] TRUMP-USD (5min) | MACD: 0.0068, Signal: 0.0087, Volume Condition: False, Price: $12.2775726
2025-03-15 17:22:35,413 [INFO] [91mBullish MACD crossover or volume condition not met for TRUMP-USD. No trade executed.[0m
2025-03-15 17:22:35,590 [INFO] API Response (GET https://trading.robinhood.com/api/v1/crypto/trading/holdings/): 200 - {"next":null,"previous":null,"results":[{"account_number":"311245509955","asset_code":"ADA","total_quantity":"176.470000000000000000","quantity_available_for_trading":"176.470000000000000000"},{"account_number":"311245509955","asset_code":"BTC","total_quantity":"0.000592200000000000","quantity_available_for_trading":"0.000592200000000000"},{"account_number":"311245509955","asset_code":"DOGE","total_quantity":"8959.000000000000000000","quantity_available_for_trading":"8959.000000000000000000"}]}
2025-03-15 17:22:36,093 [INFO] Raw holdings response: {'next': None, 'previous': None, 'results': [{'account_number': '311245509955', 'asset_code': 'ADA', 'total_quantity': '176.470000000000000000', 'quantity_available_for_trading': '176.470000000000000000'}, {'account_number': '311245509955', 'asset_code': 'BTC', 'total_quantity': '0.000592200000000000', 'quantity_available_for_trading': '0.000592200000000000'}, {'account_number': '311245509955', 'asset_code': 'DOGE', 'total_quantity': '8959.000000000000000000', 'quantity_available_for_trading': '8959.000000000000000000'}]}
2025-03-15 17:22:36,094 [INFO] Parsed holdings: [{'account_number': '311245509955', 'asset_code': 'ADA', 'total_quantity': '176.470000000000000000', 'quantity_available_for_trading': '176.470000000000000000'}, {'account_number': '311245509955', 'asset_code': 'BTC', 'total_quantity': '0.000592200000000000', 'quantity_available_for_trading': '0.000592200000000000'}, {'account_number': '311245509955', 'asset_code': 'DOGE', 'total_quantity': '8959.000000000000000000', 'quantity_available_for_trading': '8959.000000000000000000'}]
2025-03-15 17:22:36,094 [INFO] Processing holding (type <class 'dict'>): {'account_number': '311245509955', 'asset_code': 'ADA', 'total_quantity': '176.470000000000000000', 'quantity_available_for_trading': '176.470000000000000000'}
2025-03-15 17:22:36,094 [ERROR] No average buy price for ADA-USD; skipping.
2025-03-15 17:22:36,094 [INFO] Processing holding (type <class 'dict'>): {'account_number': '311245509955', 'asset_code': 'BTC', 'total_quantity': '0.000592200000000000', 'quantity_available_for_trading': '0.000592200000000000'}
2025-03-15 17:22:36,094 [ERROR] No average buy price for BTC-USD; skipping.
2025-03-15 17:22:36,095 [INFO] Processing holding (type <class 'dict'>): {'account_number': '311245509955', 'asset_code': 'DOGE', 'total_quantity': '8959.000000000000000000', 'quantity_available_for_trading': '8959.000000000000000000'}
2025-03-15 17:22:36,095 [ERROR] No average buy price for DOGE-USD; skipping.
2025-03-15 17:23:06,447 [INFO] API Response (GET https://trading.robinhood.com/api/v1/crypto/trading/accounts/): 200 - {"account_number":"311245509955","status":"active","buying_power":"128.9400","buying_power_currency":"USD"}
2025-03-15 17:23:06,954 [INFO] Buying Power Available: $128.94
2025-03-15 17:23:07,076 [INFO] API Response (GET https://trading.robinhood.com/api/v1/crypto/marketdata/best_bid_ask/?symbol=BTC-USD): 200 - {"results":[{"symbol":"BTC-USD","timestamp":"2025-03-15T22:23:07.116772284Z","price":"84405.05","bid_inclusive_of_sell_spread":"84413.1","sell_spread":"0.00009537","ask_inclusive_of_buy_spread":"84397","buy_spread":"0.00009537"}]}
2025-03-15 17:23:07,741 [INFO] Indicators for BTC-USD (5min) | MACD: 11.4580, Signal: 15.0860, Volume Condition: False (Current: 3.43946434, Avg10: 6.69)
2025-03-15 17:23:07,742 [INFO] BTC-USD (5min) | MACD: 11.4580, Signal: 15.0860, Volume Condition: False, Price: $84397.0
2025-03-15 17:23:07,742 [INFO] [91mBullish MACD crossover or volume condition not met for BTC-USD. No trade executed.[0m
2025-03-15 17:23:07,957 [INFO] API Response (GET https://trading.robinhood.com/api/v1/crypto/trading/accounts/): 200 - {"account_number":"311245509955","status":"active","buying_power":"128.9400","buying_power_currency":"USD"}
2025-03-15 17:23:08,461 [INFO] Buying Power Available: $128.94
2025-03-15 17:23:08,520 [INFO] API Response (GET https://trading.robinhood.com/api/v1/crypto/marketdata/best_bid_ask/?symbol=ETH-USD): 200 - {"results":[{"symbol":"ETH-USD","timestamp":"2025-03-15T22:23:08.56110618Z","price":"1946.085","bid_inclusive_of_sell_spread":"1946.08","sell_spread":"0.00000257","ask_inclusive_of_buy_spread":"1946.09","buy_spread":"0.00000257"}]}
2025-03-15 17:23:09,242 [INFO] Indicators for ETH-USD (5min) | MACD: 2.0523, Signal: 2.4317, Volume Condition: False (Current: 46.480143, Avg10: 294.69)
2025-03-15 17:23:09,242 [INFO] ETH-USD (5min) | MACD: 2.0523, Signal: 2.4317, Volume Condition: False, Price: $1946.09
2025-03-15 17:23:09,242 [INFO] [91mBullish MACD crossover or volume condition not met for ETH-USD. No trade executed.[0m
2025-03-15 17:23:09,462 [INFO] API Response (GET https://trading.robinhood.com/api/v1/crypto/trading/accounts/): 200 - {"account_number":"311245509955","status":"active","buying_power":"128.9400","buying_power_currency":"USD"}
2025-03-15 17:23:09,967 [INFO] Buying Power Available: $128.94
2025-03-15 17:23:10,094 [INFO] API Response (GET https://trading.robinhood.com/api/v1/crypto/marketdata/best_bid_ask/?symbol=LTC-USD): 200 - {"results":[{"symbol":"LTC-USD","timestamp":"2025-03-15T22:23:10.133792773Z","price":"93.19","bid_inclusive_of_sell_spread":"93.19","sell_spread":"0","ask_inclusive_of_buy_spread":"93.19","buy_spread":"0"}]}
2025-03-15 17:23:10,809 [INFO] Indicators for LTC-USD (5min) | MACD: 0.0480, Signal: 0.0621, Volume Condition: False (Current: 128.73192574, Avg10: 347.49)
2025-03-15 17:23:10,809 [INFO] LTC-USD (5min) | MACD: 0.0480, Signal: 0.0621, Volume Condition: False, Price: $93.19
2025-03-15 17:23:10,809 [INFO] [91mBullish MACD crossover or volume condition not met for LTC-USD. No trade executed.[0m
2025-03-15 17:23:11,037 [INFO] API Response (GET https://trading.robinhood.com/api/v1/crypto/trading/accounts/): 200 - {"account_number":"311245509955","status":"active","buying_power":"128.9400","buying_power_currency":"USD"}
2025-03-15 17:23:11,543 [INFO] Buying Power Available: $128.94
2025-03-15 17:23:11,664 [INFO] API Response (GET https://trading.robinhood.com/api/v1/crypto/marketdata/best_bid_ask/?symbol=DOGE-USD): 200 - {"results":[{"symbol":"DOGE-USD","timestamp":"2025-03-15T22:23:11.704837362Z","price":"0.176718","bid_inclusive_of_sell_spread":"0.1767","sell_spread":"0.00010186","ask_inclusive_of_buy_spread":"0.176736","buy_spread":"0.00010186"}]}
2025-03-15 17:23:12,360 [INFO] Indicators for DOGE-USD (5min) | MACD: 0.0003, Signal: 0.0003, Volume Condition: False (Current: 206745.1, Avg10: 556883.97)
2025-03-15 17:23:12,360 [INFO] DOGE-USD (5min) | MACD: 0.0003, Signal: 0.0003, Volume Condition: False, Price: $0.176736
2025-03-15 17:23:12,360 [INFO] [91mBullish MACD crossover or volume condition not met for DOGE-USD. No trade executed.[0m
2025-03-15 17:23:12,574 [INFO] API Response (GET https://trading.robinhood.com/api/v1/crypto/trading/accounts/): 200 - {"account_number":"311245509955","status":"active","buying_power":"128.9400","buying_power_currency":"USD"}
2025-03-15 17:23:13,079 [INFO] Buying Power Available: $128.94
2025-03-15 17:23:13,208 [INFO] API Response (GET https://trading.robinhood.com/api/v1/crypto/marketdata/best_bid_ask/?symbol=TRUMP-USD): 200 - {"results":[{"symbol":"TRUMP-USD","timestamp":"2025-03-15T22:23:13.247537151Z","price":"12.204620695","bid_inclusive_of_sell_spread":"12.13","sell_spread":"0.00611413","ask_inclusive_of_buy_spread":"12.27924139","buy_spread":"0.00611413"}]}
2025-03-15 17:23:14,247 [INFO] Indicators for TRUMP-USD (5min) | MACD: 0.0068, Signal: 0.0087, Volume Condition: False (Current: 1324.91, Avg10: 4032.70)
2025-03-15 17:23:14,247 [INFO] TRUMP-USD (5min) | MACD: 0.0068, Signal: 0.0087, Volume Condition: False, Price: $12.27924139
2025-03-15 17:23:14,248 [INFO] [91mBullish MACD crossover or volume condition not met for TRUMP-USD. No trade executed.[0m
2025-03-15 17:23:14,413 [INFO] API Response (GET https://trading.robinhood.com/api/v1/crypto/trading/holdings/): 200 - {"next":null,"previous":null,"results":[{"account_number":"311245509955","asset_code":"ADA","total_quantity":"176.470000000000000000","quantity_available_for_trading":"176.470000000000000000"},{"account_number":"311245509955","asset_code":"BTC","total_quantity":"0.000592200000000000","quantity_available_for_trading":"0.000592200000000000"},{"account_number":"311245509955","asset_code":"DOGE","total_quantity":"8959.000000000000000000","quantity_available_for_trading":"8959.000000000000000000"}]}
2025-03-15 17:23:14,916 [INFO] Raw holdings response: {'next': None, 'previous': None, 'results': [{'account_number': '311245509955', 'asset_code': 'ADA', 'total_quantity': '176.470000000000000000', 'quantity_available_for_trading': '176.470000000000000000'}, {'account_number': '311245509955', 'asset_code': 'BTC', 'total_quantity': '0.000592200000000000', 'quantity_available_for_trading': '0.000592200000000000'}, {'account_number': '311245509955', 'asset_code': 'DOGE', 'total_quantity': '8959.000000000000000000', 'quantity_available_for_trading': '8959.000000000000000000'}]}
2025-03-15 17:23:14,917 [INFO] Parsed holdings: [{'account_number': '311245509955', 'asset_code': 'ADA', 'total_quantity': '176.470000000000000000', 'quantity_available_for_trading': '176.470000000000000000'}, {'account_number': '311245509955', 'asset_code': 'BTC', 'total_quantity': '0.000592200000000000', 'quantity_available_for_trading': '0.000592200000000000'}, {'account_number': '311245509955', 'asset_code': 'DOGE', 'total_quantity': '8959.000000000000000000', 'quantity_available_for_trading': '8959.000000000000000000'}]
2025-03-15 17:23:14,917 [INFO] Processing holding (type <class 'dict'>): {'account_number': '311245509955', 'asset_code': 'ADA', 'total_quantity': '176.470000000000000000', 'quantity_available_for_trading': '176.470000000000000000'}
2025-03-15 17:23:14,917 [ERROR] No average buy price for ADA-USD; skipping.
2025-03-15 17:23:14,917 [INFO] Processing holding (type <class 'dict'>): {'account_number': '311245509955', 'asset_code': 'BTC', 'total_quantity': '0.000592200000000000', 'quantity_available_for_trading': '0.000592200000000000'}
2025-03-15 17:23:14,917 [ERROR] No average buy price for BTC-USD; skipping.
2025-03-15 17:23:14,918 [INFO] Processing holding (type <class 'dict'>): {'account_number': '311245509955', 'asset_code': 'DOGE', 'total_quantity': '8959.000000000000000000', 'quantity_available_for_trading': '8959.000000000000000000'}
2025-03-15 17:23:14,918 [ERROR] No average buy price for DOGE-USD; skipping.
